<class-registry>
	<feature-attach elementName="separator" nameSpace="http://www.aurora-framework.org/application" featureClass="aurora.presentation.component.std.Component" />
	<feature-attach elementName="textArea" nameSpace="http://www.aurora-framework.org/application" featureClass="aurora.presentation.component.std.TextArea" />
	<feature-attach elementName="tree" nameSpace="http://www.aurora-framework.org/application" featureClass="aurora.presentation.component.std.Tree" />
	<feature-attach elementName="treeGrid" nameSpace="http://www.aurora-framework.org/application" featureClass="aurora.presentation.component.std.TreeGrid" />
	<feature-attach elementName="label" nameSpace="http://www.aurora-framework.org/application" featureClass="aurora.presentation.component.std.Label" />
	<feature-attach elementName="imageCode" nameSpace="http://www.aurora-framework.org/application" featureClass="aurora.presentation.component.std.ImageCode" />
	<feature-attach elementName="checkBox" nameSpace="http://www.aurora-framework.org/application" featureClass="aurora.presentation.component.std.CheckBox" />
	<feature-attach elementName="radio" nameSpace="http://www.aurora-framework.org/application" featureClass="aurora.presentation.component.std.Radio" />
	<feature-attach elementName="button" nameSpace="http://www.aurora-framework.org/application" featureClass="aurora.presentation.component.std.Button" />
	<feature-attach elementName="toolBar" nameSpace="http://www.aurora-framework.org/application" featureClass="aurora.presentation.component.std.ToolBar" />
	<feature-attach elementName="navBar" nameSpace="http://www.aurora-framework.org/application" featureClass="aurora.presentation.component.std.NavBar" />
	<feature-attach elementName="menuBar" nameSpace="http://www.aurora-framework.org/application" featureClass="aurora.presentation.component.std.MenuBar" />
	<feature-attach elementName="comboBox" nameSpace="http://www.aurora-framework.org/application" featureClass="aurora.presentation.component.std.ComboBox" />
	<feature-attach elementName="lov" nameSpace="http://www.aurora-framework.org/application" featureClass="aurora.presentation.component.std.Lov" />
	<feature-attach elementName="multiLov" nameSpace="http://www.aurora-framework.org/application" featureClass="aurora.presentation.component.std.Lov" />
	<feature-attach elementName="textField" nameSpace="http://www.aurora-framework.org/application" featureClass="aurora.presentation.component.std.TextField" />
	<feature-attach elementName="passWord" nameSpace="http://www.aurora-framework.org/application" featureClass="aurora.presentation.component.std.PassWord" />
	<feature-attach elementName="numberField" nameSpace="http://www.aurora-framework.org/application" featureClass="aurora.presentation.component.std.NumberField" />
	<feature-attach elementName="spinner" nameSpace="http://www.aurora-framework.org/application" featureClass="aurora.presentation.component.std.Spinner" />
	<feature-attach elementName="dateField" nameSpace="http://www.aurora-framework.org/application" featureClass="aurora.presentation.component.std.DateField" />
	<feature-attach elementName="datePicker" nameSpace="http://www.aurora-framework.org/application" featureClass="aurora.presentation.component.std.DatePicker" />
	<feature-attach elementName="dateTimePicker" nameSpace="http://www.aurora-framework.org/application" featureClass="aurora.presentation.component.std.DateTimePicker" />
	<feature-attach elementName="grid" nameSpace="http://www.aurora-framework.org/application" featureClass="aurora.presentation.component.std.Grid" />
	<feature-attach elementName="table" nameSpace="http://www.aurora-framework.org/application" featureClass="aurora.presentation.component.std.Table" />
	<feature-attach elementName="dataSet" nameSpace="http://www.aurora-framework.org/application" featureClass="aurora.presentation.component.std.DataSet" />
	<feature-attach elementName="form" nameSpace="http://www.aurora-framework.org/application" featureClass="aurora.presentation.component.std.Form" />
	<feature-attach elementName="fieldSet" nameSpace="http://www.aurora-framework.org/application" featureClass="aurora.presentation.component.std.FieldSet" />
	<feature-attach elementName="box" nameSpace="http://www.aurora-framework.org/application" featureClass="aurora.presentation.component.std.Box" />
	<feature-attach elementName="vBox" nameSpace="http://www.aurora-framework.org/application" featureClass="aurora.presentation.component.std.VBox" />
    <feature-attach elementName="hBox" nameSpace="http://www.aurora-framework.org/application" featureClass="aurora.presentation.component.std.HBox" />
    <feature-attach elementName="screenToolBar" nameSpace="http://www.aurora-framework.org/application" featureClass="aurora.presentation.component.std.ScreenToolBar" />
	<feature-attach elementName="chart" nameSpace="http://www.aurora-framework.org/application" featureClass="aurora.presentation.component.std.Chart"/>
	<!-- 
	<feature-attach elementName="dataSets" nameSpace="http://www.aurora-framework.org/application" featureClass="aurora.application.features.DataSetInit" />
	 -->
	<feature-attach elementName="autoForm" nameSpace="http://www.aurora-framework.org/application" featureClass="aurora.application.features.AutoForm" />
	<feature-attach elementName="autoGrid" nameSpace="http://www.aurora-framework.org/application" featureClass="aurora.application.features.AutoGrid" />
	<feature-attach elementName="tabPanel" nameSpace="http://www.aurora-framework.org/application" featureClass="aurora.presentation.component.std.Tab" />
	<feature-attach elementName="accordionPanel" nameSpace="http://www.aurora-framework.org/application" featureClass="aurora.presentation.component.std.Accordion" />
	<feature-attach elementName="switch" nameSpace="http://www.aurora-framework.org/application" featureClass="aurora.presentation.component.std.Switch"/>
    <feature-attach elementName="freeMarker" nameSpace="http://www.aurora-framework.org/application" featureClass="aurora.presentation.component.std.FreeMarkerTemplate"/>
	<feature-attach elementName="repeater" nameSpace="http://www.aurora-framework.org/application" featureClass="aurora.presentation.component.std.Repeater"/>
	<feature-attach elementName="screenBody" nameSpace="http://www.aurora-framework.org/application" featureClass="aurora.presentation.component.std.ScreenBody"/>
	<feature-attach elementName="placeHolder" nameSpace="http://www.aurora-framework.org/application" featureClass="aurora.application.features.PlaceHolder"/>
	<feature-attach elementName="view-config" nameSpace="http://www.aurora-framework.org/application" featureClass="aurora.application.features.ViewConfig"/>
	<feature-attach elementName="htmlInclude" nameSpace="http://www.aurora-framework.org/application" featureClass="aurora.presentation.component.std.HTMLInclude"/>
	<feature-attach elementName="comment" nameSpace="http://www.aurora-framework.org/application" featureClass="aurora.presentation.component.std.Comment"/>
	
	<feature-attach elementName="graphic" nameSpace="http://www.aurora-framework.org/application" featureClass="aurora.presentation.component.std.Graphic"/>
    <feature-attach elementName="upload" nameSpace="http://www.aurora-framework.org/application" featureClass="aurora.presentation.component.std.Upload"/>
	<feature-attach elementName="link" nameSpace="http://www.aurora-framework.org/application" featureClass="aurora.presentation.component.std.Link"/>
	<feature-attach elementName="sandBox" nameSpace="http://www.aurora-framework.org/application" featureClass="aurora.presentation.component.std.SandBox"/>
	<feature-attach elementName="accordionMenu" nameSpace="http://www.aurora-framework.org/application" featureClass="aurora.presentation.component.std.AccordionMenu" />
</class-registry>