<package>
    <components>
        <view-component elementName="template" category="Template" description="template标签" nameSpace="http://www.aurora-framework.org/application" builder="aurora.presentation.component.TemplateRenderer" />
        <view-component elementName="html-page" builder="aurora.presentation.component.HtmlPage" />
        <view-component elementName="screen-include" category="Template" description="screen-include标签" nameSpace="http://www.aurora-framework.org/application" builder="aurora.presentation.component.ScreenInclude"  />
        <view-component elementName="cached-part" nameSpace="http://www.aurora-framework.org/application" builder="aurora.presentation.component.CachedPart" />
        <view-component elementName="separator" nameSpace="http://www.aurora-framework.org/application" builder="aurora.presentation.TemplateBasedView" />
        <view-component elementName="textArea" category="Input" description="textArea组件"  nameSpace="http://www.aurora-framework.org/application" builder="aurora.presentation.TemplateBasedView" />
        <view-component elementName="tree" category="Tree" description="tree组件"  nameSpace="http://www.aurora-framework.org/application" builder="aurora.presentation.TemplateBasedView" />
        <view-component elementName="treeGrid" category="Grid" description="treeGrid组件" nameSpace="http://www.aurora-framework.org/application" builder="aurora.presentation.TemplateBasedView" />
        <view-component elementName="label" category="View" description="label组件" nameSpace="http://www.aurora-framework.org/application" builder="aurora.presentation.TemplateBasedView" />
        <view-component elementName="imageCode" category="View" description="验证码组件" nameSpace="http://www.aurora-framework.org/application" builder="aurora.presentation.TemplateBasedView" />
        <view-component elementName="button" category="Button" description="按钮组件" nameSpace="http://www.aurora-framework.org/application" builder="aurora.presentation.TemplateBasedView" />
        <view-component elementName="checkBox" category="Input" description="checkbox组件" nameSpace="http://www.aurora-framework.org/application" builder="aurora.presentation.TemplateBasedView" />
        <view-component elementName="radio" category="Input" description="radio组件" nameSpace="http://www.aurora-framework.org/application" builder="aurora.presentation.TemplateBasedView" />
        <view-component elementName="navBar" category="Navigation" description="表格导航组件" nameSpace="http://www.aurora-framework.org/application" builder="aurora.presentation.TemplateBasedView"/>
        <view-component elementName="toolBar" category="Navigation" description="工具栏组件" nameSpace="http://www.aurora-framework.org/application" builder="aurora.presentation.TemplateBasedView" />
        <view-component elementName="menuBar" category="Navigation" description="menuBar组件" nameSpace="http://www.aurora-framework.org/application" builder="aurora.presentation.TemplateBasedView" />
        <view-component elementName="comboBox" category="Input" description="列表组件" nameSpace="http://www.aurora-framework.org/application" builder="aurora.presentation.TemplateBasedView" />
        <view-component elementName="lov" category="Input" description="值列表组件"  nameSpace="http://www.aurora-framework.org/application" builder="aurora.presentation.TemplateBasedView" />
        <view-component elementName="multiLov" category="Input" description="多选值列表组件" nameSpace="http://www.aurora-framework.org/application" builder="aurora.presentation.TemplateBasedView"/>
        <view-component elementName="textField" category="Input" description="文本输入组件" nameSpace="http://www.aurora-framework.org/application" builder="aurora.presentation.TemplateBasedView" />
        <view-component elementName="passWord" category="Input" description="密码输入组件" nameSpace="http://www.aurora-framework.org/application" builder="aurora.presentation.TemplateBasedView" defaultTemplate="textField.tplt"/>
        <view-component elementName="numberField" category="Input" description="数字输入组件" nameSpace="http://www.aurora-framework.org/application" builder="aurora.presentation.TemplateBasedView"/>
        <view-component elementName="spinner" category="Input" description="spinner组件" nameSpace="http://www.aurora-framework.org/application" builder="aurora.presentation.TemplateBasedView"/>
        <view-component elementName="dateField" category="Input" description="dateField组件" nameSpace="http://www.aurora-framework.org/application" builder="aurora.presentation.TemplateBasedView" />
        <view-component elementName="datePicker" category="Input" description="日期组件" nameSpace="http://www.aurora-framework.org/application" builder="aurora.presentation.TemplateBasedView" />
        <view-component elementName="dateTimePicker" category="Input" description="日期时间组件" nameSpace="http://www.aurora-framework.org/application" builder="aurora.presentation.TemplateBasedView" />
        <view-component elementName="box" category="Layout" description="box布局" nameSpace="http://www.aurora-framework.org/application" builder="aurora.presentation.component.std.Box" />
        <view-component elementName="form" category="Layout" description="form布局" nameSpace="http://www.aurora-framework.org/application"  builder="aurora.presentation.component.std.Form" />
        <view-component elementName="fieldSet" category="Layout" description="fieldSet布局" nameSpace="http://www.aurora-framework.org/application" builder="aurora.presentation.component.std.FieldSet" />
        <view-component elementName="vBox" category="Layout" description="垂直布局" nameSpace="http://www.aurora-framework.org/application" builder="aurora.presentation.component.std.VBox" />
        <view-component elementName="hBox" category="Layout" description="水平布局" nameSpace="http://www.aurora-framework.org/application" builder="aurora.presentation.component.std.HBox" />
        <view-component elementName="screenToolBar" category="Navigation" description="screenToolBar" nameSpace="http://www.aurora-framework.org/application" builder="aurora.presentation.component.std.ScreenToolBar" />
        <view-component elementName="dataSet" category="Data" description="数据源组件" nameSpace="http://www.aurora-framework.org/application" builder="aurora.presentation.TemplateBasedView" />
        <view-component elementName="grid" category="Grid" description="表格Grid组件" nameSpace="http://www.aurora-framework.org/application" builder="aurora.presentation.TemplateBasedView"/>
        <view-component elementName="table" category="Grid" description="表格Table组件" nameSpace="http://www.aurora-framework.org/application" builder="aurora.presentation.TemplateBasedView"/>
        <view-component elementName="dataSets" nameSpace="http://www.aurora-framework.org/application" builder="aurora.application.features.DataSetInit" />
        <view-component elementName="tabPanel" category="Layout" description="标签页组件" nameSpace="http://www.aurora-framework.org/application" builder="aurora.presentation.TemplateBasedView" />
        <view-component elementName="accordionPanel" category="Layout" description="accordion组件" nameSpace="http://www.aurora-framework.org/application" builder="aurora.presentation.TemplateBasedView" />
        <view-component elementName="switch" category="Template" description="switch标签" nameSpace="http://www.aurora-framework.org/application" builder="aurora.presentation.component.std.Switch" />
        <view-component elementName="freeMarker" category="Template" description="freemarker标签" nameSpace="http://www.aurora-framework.org/application" builder="aurora.presentation.component.std.FreeMarkerTemplate" />
        <view-component elementName="repeater" category="Template" description="循环组件" nameSpace="http://www.aurora-framework.org/application" builder="aurora.presentation.component.std.Repeater" />
        <view-component elementName="htmlInclude" category="Template" description="htmlInclude标签" nameSpace="http://www.aurora-framework.org/application" builder="aurora.presentation.component.std.HTMLInclude" />
        <view-component elementName="comment" description="评论组件" nameSpace="http://www.aurora-framework.org/application" builder="aurora.presentation.TemplateBasedView" />
        <view-component elementName="screenBody" description="整体布局容器" category="Layout" nameSpace="http://www.aurora-framework.org/application" builder="aurora.presentation.component.std.ScreenBody" />
        <view-component elementName="chart" category="Chart" description="图表组件" nameSpace="http://www.aurora-framework.org/application" builder="aurora.presentation.TemplateBasedView" />
        <view-component elementName="graphic" category="Chart" description="图形组件" nameSpace="http://www.aurora-framework.org/application" builder="aurora.presentation.TemplateBasedView" />
        <view-component elementName="upload" category="Input" description="上传组件" nameSpace="http://www.aurora-framework.org/application" builder="aurora.presentation.TemplateBasedView" />
        <view-component elementName="link" description="链接组件" nameSpace="http://www.aurora-framework.org/application" builder="aurora.presentation.TemplateBasedView" />
        <view-component elementName="sandBox" nameSpace="http://www.aurora-framework.org/application" builder="aurora.presentation.TemplateBasedView" />        
    	<view-component elementName="accordionMenu" nameSpace="http://www.aurora-framework.org/application" builder="aurora.presentation.TemplateBasedView" />
    </components>
</package>
