-- MySQL Administrator dump 1.4
--
-- ------------------------------------------------------
-- Server version	5.5.12


/*!40101 SET @OLD_CHARACTER_SET_CLIENT=@@CHARACTER_SET_CLIENT */;
/*!40101 SET @OLD_CHARACTER_SET_RESULTS=@@CHARACTER_SET_RESULTS */;
/*!40101 SET @OLD_COLLATION_CONNECTION=@@COLLATION_CONNECTION */;
/*!40101 SET NAMES utf8 */;

/*!40014 SET @OLD_UNIQUE_CHECKS=@@UNIQUE_CHECKS, UNIQUE_CHECKS=0 */;
/*!40014 SET @OLD_FOREIGN_KEY_CHECKS=@@FOREIGN_KEY_CHECKS, FOREIGN_KEY_CHECKS=0 */;
/*!40101 SET @OLD_SQL_MODE=@@SQL_MODE, SQL_MODE='NO_AUTO_VALUE_ON_ZERO' */;


--
-- Create schema masdev
--

CREATE DATABASE IF NOT EXISTS masdev;
USE masdev;

--
-- Temporary table structure for view `sys_service_lookup_v`
--
DROP TABLE IF EXISTS `sys_service_lookup_v`;
DROP VIEW IF EXISTS `sys_service_lookup_v`;
CREATE TABLE `sys_service_lookup_v` (
  `code_id` int(11),
  `code` varchar(100),
  `code_value_id` int(11),
  `code_value` varchar(30),
  `code_value_name_id` int(11),
  `code_value_name` varchar(1000),
  `language` varchar(4),
  `enabled_flag` varchar(1)
);

--
-- Definition of table `exp_employees`
--

DROP TABLE IF EXISTS `exp_employees`;
CREATE TABLE `exp_employees` (
  `EMPLOYEE_ID` int(11) NOT NULL AUTO_INCREMENT,
  `EMPLOYEE_CODE` varchar(30) NOT NULL,
  `NAME` varchar(50) NOT NULL,
  `EMAIL` varchar(50) DEFAULT NULL,
  `MOBIL` varchar(50) DEFAULT NULL,
  `PHONE` varchar(50) DEFAULT NULL,
  `BANK_OF_DEPOSIT` varchar(200) DEFAULT NULL,
  `BANK_ACCOUNT` varchar(200) DEFAULT NULL,
  `ENABLED_FLAG` varchar(1) NOT NULL,
  `CREATED_BY` int(11) NOT NULL,
  `CREATION_DATE` datetime NOT NULL,
  `LAST_UPDATED_BY` int(11) NOT NULL,
  `LAST_UPDATE_DATE` datetime NOT NULL,
  `EMPLOYEE_TYPE_ID` int(11) DEFAULT NULL,
  `ID_TYPE` varchar(50) DEFAULT NULL,
  `ID_CODE` varchar(200) DEFAULT NULL,
  `NOTES` varchar(200) DEFAULT NULL,
  `NATIONAL_IDENTIFIER` varchar(200) DEFAULT NULL,
  PRIMARY KEY (`EMPLOYEE_ID`),
  UNIQUE KEY `EXP_EMPLOYEES_U1` (`EMPLOYEE_CODE`)
) ENGINE=InnoDB DEFAULT CHARSET=gbk;

--
-- Dumping data for table `exp_employees`
--

/*!40000 ALTER TABLE `exp_employees` DISABLE KEYS */;
/*!40000 ALTER TABLE `exp_employees` ENABLE KEYS */;


--
-- Definition of table `exp_org_position`
--

DROP TABLE IF EXISTS `exp_org_position`;
CREATE TABLE `exp_org_position` (
  `POSITION_ID` int(11) NOT NULL AUTO_INCREMENT,
  `UNIT_ID` int(11) DEFAULT NULL,
  `POSITION_CODE` varchar(30) DEFAULT NULL,
  `DESCRIPTION_ID` int(11) DEFAULT NULL,
  `PARENT_POSITION_ID` int(11) DEFAULT NULL,
  `COMPANY_ID` int(11) DEFAULT NULL,
  `EMPLOYEE_JOB_ID` int(11) DEFAULT NULL,
  `ENABLED_FLAG` varchar(1) NOT NULL,
  `CREATED_BY` int(11) NOT NULL,
  `CREATION_DATE` datetime NOT NULL,
  `LAST_UPDATED_BY` int(11) NOT NULL,
  `LAST_UPDATE_DATE` datetime NOT NULL,
  PRIMARY KEY (`POSITION_ID`),
  UNIQUE KEY `EXP_ORG_POSITION_U1` (`COMPANY_ID`,`POSITION_CODE`),
  KEY `EXP_ORG_POSITION_N1` (`PARENT_POSITION_ID`)
) ENGINE=InnoDB DEFAULT CHARSET=gbk;

--
-- Dumping data for table `exp_org_position`
--

/*!40000 ALTER TABLE `exp_org_position` DISABLE KEYS */;
/*!40000 ALTER TABLE `exp_org_position` ENABLE KEYS */;


--
-- Definition of table `fnd_business_partner_items`
--

DROP TABLE IF EXISTS `fnd_business_partner_items`;
CREATE TABLE `fnd_business_partner_items` (
  `partner_item_id` int(11) NOT NULL AUTO_INCREMENT,
  `item_id` int(11) NOT NULL,
  `partner_id` int(11) NOT NULL,
  `partner_item_code` varchar(100) DEFAULT NULL,
  `partner_item_name` varchar(1000) DEFAULT NULL,
  `trade_uom` varchar(100) DEFAULT NULL,
  `currency_code` varchar(100) DEFAULT NULL,
  `tax_include_flag` varchar(1) DEFAULT NULL,
  `tax_rate` int(11) DEFAULT NULL,
  `price` int(11) DEFAULT NULL,
  `company_id` int(11) NOT NULL,
  `created_by` int(11) NOT NULL,
  `creation_date` datetime NOT NULL,
  `last_updated_by` int(11) NOT NULL,
  `last_update_date` datetime NOT NULL,
  PRIMARY KEY (`partner_item_id`),
  UNIQUE KEY `FND_BUSINESS_PARTNER_ITEMS_U1` (`item_id`,`partner_id`),
  KEY `FND_BUSINESS_PARTNER_ITEMS_N1` (`company_id`,`partner_item_code`)
) ENGINE=InnoDB AUTO_INCREMENT=17 DEFAULT CHARSET=gbk;

--
-- Dumping data for table `fnd_business_partner_items`
--

/*!40000 ALTER TABLE `fnd_business_partner_items` DISABLE KEYS */;
INSERT INTO `fnd_business_partner_items` (`partner_item_id`,`item_id`,`partner_id`,`partner_item_code`,`partner_item_name`,`trade_uom`,`currency_code`,`tax_include_flag`,`tax_rate`,`price`,`company_id`,`created_by`,`creation_date`,`last_updated_by`,`last_update_date`) VALUES 
 (15,1,2,'sd','sd','sd',NULL,'Y',12121,12121,22,1,'2012-09-27 16:18:46',1,'2012-09-27 16:18:46'),
 (16,1,1,'aa','sa','ss',NULL,'Y',21,1,22,1,'2012-09-27 16:19:16',1,'2012-09-27 16:19:16');
/*!40000 ALTER TABLE `fnd_business_partner_items` ENABLE KEYS */;


--
-- Definition of table `fnd_business_partners`
--

DROP TABLE IF EXISTS `fnd_business_partners`;
CREATE TABLE `fnd_business_partners` (
  `partner_id` int(11) NOT NULL AUTO_INCREMENT,
  `company_id` int(11) NOT NULL,
  `partner_code` varchar(100) NOT NULL,
  `partner_name` varchar(1000) NOT NULL,
  `vender_flag` varchar(1) NOT NULL,
  `customer_flag` varchar(1) NOT NULL,
  `province` varchar(100) DEFAULT NULL,
  `city` varchar(100) DEFAULT NULL,
  `district` varchar(100) DEFAULT NULL,
  `detail_address` varchar(1000) DEFAULT NULL,
  `legal_representative` varchar(100) DEFAULT NULL,
  `tax_number` varchar(100) DEFAULT NULL,
  `bank_name` varchar(100) DEFAULT NULL,
  `bank_account` varchar(100) DEFAULT NULL,
  `homepage` varchar(1000) DEFAULT NULL,
  `management_flag` varchar(1) NOT NULL,
  `enabled_flag` varchar(1) NOT NULL,
  `creation_date` datetime NOT NULL,
  `created_by` int(11) NOT NULL,
  `last_update_date` datetime NOT NULL,
  `last_updated_by` int(11) NOT NULL,
  PRIMARY KEY (`partner_id`),
  UNIQUE KEY `FND_BUSINESS_PARTNERS_U1` (`company_id`,`partner_code`),
  KEY `FND_BUSINESS_PARTNERS_N1` (`company_id`,`vender_flag`,`customer_flag`,`enabled_flag`)
) ENGINE=InnoDB AUTO_INCREMENT=4 DEFAULT CHARSET=gbk;

--
-- Dumping data for table `fnd_business_partners`
--

/*!40000 ALTER TABLE `fnd_business_partners` DISABLE KEYS */;
INSERT INTO `fnd_business_partners` (`partner_id`,`company_id`,`partner_code`,`partner_name`,`vender_flag`,`customer_flag`,`province`,`city`,`district`,`detail_address`,`legal_representative`,`tax_number`,`bank_name`,`bank_account`,`homepage`,`management_flag`,`enabled_flag`,`creation_date`,`created_by`,`last_update_date`,`last_updated_by`) VALUES 
 (1,22,'PARTNER_CODE1','PARTNER_NAME1','Y','N','province1','city1','district','detail_address','legal_rep','tax_number','bank_name','bankc_account','homepage','Y','Y','2012-09-26 13:25:08',1,'2012-09-26 13:25:08',1),
 (2,22,'CC','仟客服饰','N','Y','北京',NULL,NULL,NULL,NULL,'G2012009','花旗','1234',NULL,'Y','Y','2012-10-08 10:59:04',1,'2012-10-08 10:59:14',1),
 (3,22,'BW','百威','N','Y','上海',NULL,NULL,NULL,NULL,'G2012010','浦发','2234',NULL,'Y','Y','2012-10-10 16:51:32',1,'2012-10-10 16:51:39',1);
/*!40000 ALTER TABLE `fnd_business_partners` ENABLE KEYS */;


--
-- Definition of table `fnd_companies`
--

DROP TABLE IF EXISTS `fnd_companies`;
CREATE TABLE `fnd_companies` (
  `COMPANY_ID` int(11) NOT NULL AUTO_INCREMENT,
  `COMPANY_CODE` varchar(30) NOT NULL,
  `COMPANY_TYPE` varchar(30) NOT NULL,
  `COMPANY_SHORT_NAME_ID` int(11) NOT NULL,
  `COMPANY_FULL_NAME_ID` int(11) NOT NULL,
  `COMPANY_ICON` blob,
  `SET_OF_BOOKS_ID` int(11) DEFAULT NULL,
  `ADDRESS` varchar(2000) DEFAULT NULL,
  `COMPANY_LEVEL_ID` int(11) DEFAULT NULL,
  `PARENT_COMPANY_ID` int(11) DEFAULT NULL,
  `CHIEF_POSITION_ID` int(11) DEFAULT NULL,
  `START_DATE_ACTIVE` datetime NOT NULL,
  `END_DATE_ACTIVE` datetime DEFAULT NULL,
  `LAST_UPDATE_DATE` datetime NOT NULL,
  `LAST_UPDATED_BY` int(15) NOT NULL,
  `CREATION_DATE` datetime NOT NULL,
  `CREATED_BY` int(15) NOT NULL,
  PRIMARY KEY (`COMPANY_ID`),
  UNIQUE KEY `FND_COMPANIES_U1` (`COMPANY_CODE`),
  KEY `FND_COMPANIES_N1` (`SET_OF_BOOKS_ID`),
  KEY `FND_COMPANIES_N2` (`SET_OF_BOOKS_ID`,`COMPANY_ID`)
) ENGINE=InnoDB AUTO_INCREMENT=23 DEFAULT CHARSET=gbk;

--
-- Dumping data for table `fnd_companies`
--

/*!40000 ALTER TABLE `fnd_companies` DISABLE KEYS */;
INSERT INTO `fnd_companies` (`COMPANY_ID`,`COMPANY_CODE`,`COMPANY_TYPE`,`COMPANY_SHORT_NAME_ID`,`COMPANY_FULL_NAME_ID`,`COMPANY_ICON`,`SET_OF_BOOKS_ID`,`ADDRESS`,`COMPANY_LEVEL_ID`,`PARENT_COMPANY_ID`,`CHIEF_POSITION_ID`,`START_DATE_ACTIVE`,`END_DATE_ACTIVE`,`LAST_UPDATE_DATE`,`LAST_UPDATED_BY`,`CREATION_DATE`,`CREATED_BY`) VALUES 
 (22,'H001','1',988,989,NULL,NULL,'景德镇魔都科苑路151号3~4楼',1,NULL,NULL,'2012-06-19 00:00:00',NULL,'2012-06-20 00:00:00',21,'2012-06-20 00:00:00',21);
/*!40000 ALTER TABLE `fnd_companies` ENABLE KEYS */;


--
-- Definition of table `fnd_company_levels`
--

DROP TABLE IF EXISTS `fnd_company_levels`;
CREATE TABLE `fnd_company_levels` (
  `COMPANY_LEVEL_ID` int(11) NOT NULL AUTO_INCREMENT,
  `COMPANY_LEVEL_CODE` varchar(30) NOT NULL,
  `DESCRIPTION_ID` int(11) NOT NULL,
  `ENABLED_FLAG` varchar(1) NOT NULL,
  `CREATED_BY` int(11) NOT NULL,
  `CREATION_DATE` datetime NOT NULL,
  `LAST_UPDATED_BY` int(11) NOT NULL,
  `LAST_UPDATE_DATE` datetime NOT NULL,
  PRIMARY KEY (`COMPANY_LEVEL_ID`),
  UNIQUE KEY `FND_COMPANY_LEVELS_U1` (`COMPANY_LEVEL_CODE`)
) ENGINE=InnoDB AUTO_INCREMENT=4 DEFAULT CHARSET=gbk;

--
-- Dumping data for table `fnd_company_levels`
--

/*!40000 ALTER TABLE `fnd_company_levels` DISABLE KEYS */;
INSERT INTO `fnd_company_levels` (`COMPANY_LEVEL_ID`,`COMPANY_LEVEL_CODE`,`DESCRIPTION_ID`,`ENABLED_FLAG`,`CREATED_BY`,`CREATION_DATE`,`LAST_UPDATED_BY`,`LAST_UPDATE_DATE`) VALUES 
 (1,'H',308,'N',0,'2012-06-18 00:00:00',0,'2012-06-18 00:00:00'),
 (2,'B',309,'N',0,'2012-06-18 00:00:00',0,'2012-06-18 00:00:00'),
 (3,'C',310,'N',0,'2012-06-18 00:00:00',0,'2012-06-18 00:00:00');
/*!40000 ALTER TABLE `fnd_company_levels` ENABLE KEYS */;


--
-- Definition of table `fnd_country_code`
--

DROP TABLE IF EXISTS `fnd_country_code`;
CREATE TABLE `fnd_country_code` (
  `COUNTRY_CODE` varchar(30) NOT NULL,
  `DESCRIPTION_ID` int(11) DEFAULT NULL,
  `CREATED_BY` int(11) NOT NULL,
  `CREATION_DATE` datetime NOT NULL,
  `LAST_UPDATED_BY` int(11) NOT NULL,
  `LAST_UPDATE_DATE` datetime NOT NULL,
  PRIMARY KEY (`COUNTRY_CODE`),
  UNIQUE KEY `FND_COUNTRY_CODE_U1` (`DESCRIPTION_ID`)
) ENGINE=InnoDB DEFAULT CHARSET=gbk;

--
-- Dumping data for table `fnd_country_code`
--

/*!40000 ALTER TABLE `fnd_country_code` DISABLE KEYS */;
INSERT INTO `fnd_country_code` (`COUNTRY_CODE`,`DESCRIPTION_ID`,`CREATED_BY`,`CREATION_DATE`,`LAST_UPDATED_BY`,`LAST_UPDATE_DATE`) VALUES 
 ('AFG',718,1,'2012-06-19 14:12:43',1,'2012-06-19 14:12:43'),
 ('AGO',719,1,'2012-06-19 14:12:43',1,'2012-06-19 14:12:43'),
 ('ALB',720,1,'2012-06-19 14:12:43',1,'2012-06-19 14:12:43'),
 ('ARE',721,1,'2012-06-19 14:12:43',1,'2012-06-19 14:12:43'),
 ('ARG',722,1,'2012-06-19 14:12:43',1,'2012-06-19 14:12:43'),
 ('ARM',723,1,'2012-06-19 14:12:43',1,'2012-06-19 14:12:43'),
 ('ATG',724,1,'2012-06-19 14:12:43',1,'2012-06-19 14:12:43'),
 ('AUS',725,1,'2012-06-19 14:12:43',1,'2012-06-19 14:12:43'),
 ('AUT',726,1,'2012-06-19 14:12:43',1,'2012-06-19 14:12:43'),
 ('AZE',727,1,'2012-06-19 14:12:43',1,'2012-06-19 14:12:43'),
 ('BDI',728,1,'2012-06-19 14:12:43',1,'2012-06-19 14:12:43'),
 ('BEL',729,1,'2012-06-19 14:12:43',1,'2012-06-19 14:12:43'),
 ('BEN',730,1,'2012-06-19 14:12:43',1,'2012-06-19 14:12:43'),
 ('BFA',731,1,'2012-06-19 14:12:43',1,'2012-06-19 14:12:43'),
 ('BGD',732,1,'2012-06-19 14:12:43',1,'2012-06-19 14:12:43'),
 ('BGR',733,1,'2012-06-19 14:12:43',1,'2012-06-19 14:12:43'),
 ('BHR',734,1,'2012-06-19 14:12:43',1,'2012-06-19 14:12:43'),
 ('BHS',735,1,'2012-06-19 14:12:43',1,'2012-06-19 14:12:43'),
 ('BIH',736,1,'2012-06-19 14:12:43',1,'2012-06-19 14:12:43'),
 ('BLR',737,1,'2012-06-19 14:12:43',1,'2012-06-19 14:12:43'),
 ('BLZ',738,1,'2012-06-19 14:12:43',1,'2012-06-19 14:12:43'),
 ('BOL',739,1,'2012-06-19 14:12:43',1,'2012-06-19 14:12:43'),
 ('BRA',740,1,'2012-06-19 14:12:43',1,'2012-06-19 14:12:43'),
 ('BRB',741,1,'2012-06-19 14:12:43',1,'2012-06-19 14:12:43'),
 ('BRN',742,1,'2012-06-19 14:12:43',1,'2012-06-19 14:12:43'),
 ('BTN',743,1,'2012-06-19 14:12:43',1,'2012-06-19 14:12:43'),
 ('BWA',744,1,'2012-06-19 14:12:43',1,'2012-06-19 14:12:43'),
 ('CAF',745,1,'2012-06-19 14:12:43',1,'2012-06-19 14:12:43'),
 ('CAN',746,1,'2012-06-19 14:12:43',1,'2012-06-19 14:12:43'),
 ('CHE',747,1,'2012-06-19 14:12:43',1,'2012-06-19 14:12:43'),
 ('CHL',748,1,'2012-06-19 14:12:43',1,'2012-06-19 14:12:43'),
 ('CHN',749,1,'2012-06-19 14:12:43',1,'2012-06-19 14:12:43'),
 ('CIV',750,1,'2012-06-19 14:12:43',1,'2012-06-19 14:12:43'),
 ('CMR',751,1,'2012-06-19 14:12:43',1,'2012-06-19 14:12:43'),
 ('COG',752,1,'2012-06-19 14:12:43',1,'2012-06-19 14:12:43'),
 ('COL',753,1,'2012-06-19 14:12:43',1,'2012-06-19 14:12:43'),
 ('COM',754,1,'2012-06-19 14:12:43',1,'2012-06-19 14:12:43'),
 ('CPV',755,1,'2012-06-19 14:12:43',1,'2012-06-19 14:12:43'),
 ('CRI',756,1,'2012-06-19 14:12:43',1,'2012-06-19 14:12:43'),
 ('CUB',757,1,'2012-06-19 14:12:43',1,'2012-06-19 14:12:43'),
 ('CYP',758,1,'2012-06-19 14:12:43',1,'2012-06-19 14:12:43'),
 ('CZE',759,1,'2012-06-19 14:12:43',1,'2012-06-19 14:12:43'),
 ('DEU',760,1,'2012-06-19 14:12:43',1,'2012-06-19 14:12:43'),
 ('DJI',761,1,'2012-06-19 14:12:43',1,'2012-06-19 14:12:43'),
 ('DMA',762,1,'2012-06-19 14:12:43',1,'2012-06-19 14:12:43'),
 ('DNK',763,1,'2012-06-19 14:12:43',1,'2012-06-19 14:12:43'),
 ('DOM',764,1,'2012-06-19 14:12:43',1,'2012-06-19 14:12:43'),
 ('DZA',765,1,'2012-06-19 14:12:43',1,'2012-06-19 14:12:43'),
 ('ECU',766,1,'2012-06-19 14:12:43',1,'2012-06-19 14:12:43'),
 ('EGY',767,1,'2012-06-19 14:12:43',1,'2012-06-19 14:12:43'),
 ('ESP',768,1,'2012-06-19 14:12:43',1,'2012-06-19 14:12:43'),
 ('EST',769,1,'2012-06-19 14:12:43',1,'2012-06-19 14:12:43'),
 ('ETH',770,1,'2012-06-19 14:12:43',1,'2012-06-19 14:12:43'),
 ('FIN',771,1,'2012-06-19 14:12:43',1,'2012-06-19 14:12:43'),
 ('FJI',893,1,'2012-06-19 14:12:44',1,'2012-06-19 14:12:44'),
 ('FRA',772,1,'2012-06-19 14:12:43',1,'2012-06-19 14:12:43'),
 ('FSM',773,1,'2012-06-19 14:12:43',1,'2012-06-19 14:12:43'),
 ('GAB',774,1,'2012-06-19 14:12:43',1,'2012-06-19 14:12:43'),
 ('GBR',775,1,'2012-06-19 14:12:43',1,'2012-06-19 14:12:43'),
 ('GEO',776,1,'2012-06-19 14:12:43',1,'2012-06-19 14:12:43'),
 ('GHA',777,1,'2012-06-19 14:12:43',1,'2012-06-19 14:12:43'),
 ('GIN',778,1,'2012-06-19 14:12:43',1,'2012-06-19 14:12:43'),
 ('GMB',779,1,'2012-06-19 14:12:43',1,'2012-06-19 14:12:43'),
 ('GNB',780,1,'2012-06-19 14:12:43',1,'2012-06-19 14:12:43'),
 ('GNQ',781,1,'2012-06-19 14:12:43',1,'2012-06-19 14:12:43'),
 ('GRC',782,1,'2012-06-19 14:12:43',1,'2012-06-19 14:12:43'),
 ('GRD',783,1,'2012-06-19 14:12:43',1,'2012-06-19 14:12:43'),
 ('GTM',784,1,'2012-06-19 14:12:43',1,'2012-06-19 14:12:43'),
 ('GUY',785,1,'2012-06-19 14:12:43',1,'2012-06-19 14:12:43'),
 ('HKG',786,1,'2012-06-19 14:12:43',1,'2012-06-19 14:12:43'),
 ('HND',787,1,'2012-06-19 14:12:43',1,'2012-06-19 14:12:43'),
 ('HRV',788,1,'2012-06-19 14:12:43',1,'2012-06-19 14:12:43'),
 ('HTI',789,1,'2012-06-19 14:12:43',1,'2012-06-19 14:12:43'),
 ('HUN',790,1,'2012-06-19 14:12:43',1,'2012-06-19 14:12:43'),
 ('IDN',791,1,'2012-06-19 14:12:43',1,'2012-06-19 14:12:43'),
 ('IND',792,1,'2012-06-19 14:12:43',1,'2012-06-19 14:12:43'),
 ('IRL',793,1,'2012-06-19 14:12:43',1,'2012-06-19 14:12:43'),
 ('IRN',794,1,'2012-06-19 14:12:43',1,'2012-06-19 14:12:43'),
 ('IRQ',795,1,'2012-06-19 14:12:43',1,'2012-06-19 14:12:43'),
 ('ISL',796,1,'2012-06-19 14:12:43',1,'2012-06-19 14:12:43'),
 ('ISR',797,1,'2012-06-19 14:12:43',1,'2012-06-19 14:12:43'),
 ('ITA',798,1,'2012-06-19 14:12:43',1,'2012-06-19 14:12:43'),
 ('JAM',799,1,'2012-06-19 14:12:43',1,'2012-06-19 14:12:43'),
 ('JOR',800,1,'2012-06-19 14:12:43',1,'2012-06-19 14:12:43'),
 ('JPN',801,1,'2012-06-19 14:12:43',1,'2012-06-19 14:12:43'),
 ('KAZ',802,1,'2012-06-19 14:12:43',1,'2012-06-19 14:12:43'),
 ('KEN',803,1,'2012-06-19 14:12:43',1,'2012-06-19 14:12:43'),
 ('KGZ',894,1,'2012-06-19 14:12:44',1,'2012-06-19 14:12:44'),
 ('KHM',895,1,'2012-06-19 14:12:44',1,'2012-06-19 14:12:44'),
 ('KIR',804,1,'2012-06-19 14:12:43',1,'2012-06-19 14:12:43'),
 ('KNA',805,1,'2012-06-19 14:12:43',1,'2012-06-19 14:12:43'),
 ('KOR',806,1,'2012-06-19 14:12:43',1,'2012-06-19 14:12:43'),
 ('KWT',807,1,'2012-06-19 14:12:43',1,'2012-06-19 14:12:43'),
 ('LAO',808,1,'2012-06-19 14:12:43',1,'2012-06-19 14:12:43'),
 ('LBN',809,1,'2012-06-19 14:12:43',1,'2012-06-19 14:12:43'),
 ('LBR',810,1,'2012-06-19 14:12:43',1,'2012-06-19 14:12:43'),
 ('LBY',811,1,'2012-06-19 14:12:43',1,'2012-06-19 14:12:43'),
 ('LCA',812,1,'2012-06-19 14:12:43',1,'2012-06-19 14:12:43'),
 ('LIE',813,1,'2012-06-19 14:12:43',1,'2012-06-19 14:12:43'),
 ('LKA',896,1,'2012-06-19 14:12:44',1,'2012-06-19 14:12:44'),
 ('LSO',897,1,'2012-06-19 14:12:44',1,'2012-06-19 14:12:44'),
 ('LTU',814,1,'2012-06-19 14:12:43',1,'2012-06-19 14:12:43'),
 ('LUX',815,1,'2012-06-19 14:12:43',1,'2012-06-19 14:12:43'),
 ('LVA',816,1,'2012-06-19 14:12:43',1,'2012-06-19 14:12:43'),
 ('MAC',820,1,'2012-06-19 14:12:43',1,'2012-06-19 14:12:43'),
 ('MAR',817,1,'2012-06-19 14:12:43',1,'2012-06-19 14:12:43'),
 ('MCO',818,1,'2012-06-19 14:12:43',1,'2012-06-19 14:12:43'),
 ('MDA',898,1,'2012-06-19 14:12:44',1,'2012-06-19 14:12:44'),
 ('MDG',899,1,'2012-06-19 14:12:44',1,'2012-06-19 14:12:44'),
 ('MDV',900,1,'2012-06-19 14:12:44',1,'2012-06-19 14:12:44'),
 ('MEX',901,1,'2012-06-19 14:12:44',1,'2012-06-19 14:12:44'),
 ('MHL',902,1,'2012-06-19 14:12:44',1,'2012-06-19 14:12:44'),
 ('MLI',903,1,'2012-06-19 14:12:44',1,'2012-06-19 14:12:44'),
 ('MLT',904,1,'2012-06-19 14:12:44',1,'2012-06-19 14:12:44'),
 ('MMR',905,1,'2012-06-19 14:12:44',1,'2012-06-19 14:12:44'),
 ('MNG',819,1,'2012-06-19 14:12:43',1,'2012-06-19 14:12:43'),
 ('MOZ',821,1,'2012-06-19 14:12:43',1,'2012-06-19 14:12:43'),
 ('MRT',822,1,'2012-06-19 14:12:43',1,'2012-06-19 14:12:43'),
 ('MUS',823,1,'2012-06-19 14:12:43',1,'2012-06-19 14:12:43'),
 ('MWI',824,1,'2012-06-19 14:12:43',1,'2012-06-19 14:12:43'),
 ('MYS',825,1,'2012-06-19 14:12:43',1,'2012-06-19 14:12:43'),
 ('NAM',826,1,'2012-06-19 14:12:43',1,'2012-06-19 14:12:43'),
 ('NER',827,1,'2012-06-19 14:12:43',1,'2012-06-19 14:12:43'),
 ('NGA',828,1,'2012-06-19 14:12:43',1,'2012-06-19 14:12:43'),
 ('NIC',829,1,'2012-06-19 14:12:43',1,'2012-06-19 14:12:43'),
 ('NLD',830,1,'2012-06-19 14:12:43',1,'2012-06-19 14:12:43'),
 ('NOR',831,1,'2012-06-19 14:12:43',1,'2012-06-19 14:12:43'),
 ('NPL',832,1,'2012-06-19 14:12:43',1,'2012-06-19 14:12:43'),
 ('NRU',833,1,'2012-06-19 14:12:43',1,'2012-06-19 14:12:43'),
 ('NZL',834,1,'2012-06-19 14:12:43',1,'2012-06-19 14:12:43'),
 ('OMN',835,1,'2012-06-19 14:12:43',1,'2012-06-19 14:12:43'),
 ('OTS',836,1,'2012-06-19 14:12:43',1,'2012-06-19 14:12:43'),
 ('PAK',837,1,'2012-06-19 14:12:43',1,'2012-06-19 14:12:43'),
 ('PAN',838,1,'2012-06-19 14:12:43',1,'2012-06-19 14:12:43'),
 ('PER',839,1,'2012-06-19 14:12:43',1,'2012-06-19 14:12:43'),
 ('PHL',840,1,'2012-06-19 14:12:43',1,'2012-06-19 14:12:43'),
 ('PNG',841,1,'2012-06-19 14:12:43',1,'2012-06-19 14:12:43'),
 ('POL',842,1,'2012-06-19 14:12:43',1,'2012-06-19 14:12:43'),
 ('PRK',843,1,'2012-06-19 14:12:43',1,'2012-06-19 14:12:43'),
 ('PRT',844,1,'2012-06-19 14:12:43',1,'2012-06-19 14:12:43'),
 ('PRY',845,1,'2012-06-19 14:12:43',1,'2012-06-19 14:12:43'),
 ('QAT',846,1,'2012-06-19 14:12:43',1,'2012-06-19 14:12:43'),
 ('ROM',847,1,'2012-06-19 14:12:43',1,'2012-06-19 14:12:43'),
 ('RUS',848,1,'2012-06-19 14:12:43',1,'2012-06-19 14:12:43'),
 ('RWA',849,1,'2012-06-19 14:12:43',1,'2012-06-19 14:12:43'),
 ('SAU',850,1,'2012-06-19 14:12:43',1,'2012-06-19 14:12:43'),
 ('SDN',851,1,'2012-06-19 14:12:43',1,'2012-06-19 14:12:43'),
 ('SEN',852,1,'2012-06-19 14:12:43',1,'2012-06-19 14:12:43'),
 ('SGP',853,1,'2012-06-19 14:12:43',1,'2012-06-19 14:12:43'),
 ('SLB',854,1,'2012-06-19 14:12:43',1,'2012-06-19 14:12:43'),
 ('SLE',906,1,'2012-06-19 14:12:44',1,'2012-06-19 14:12:44'),
 ('SLV',907,1,'2012-06-19 14:12:44',1,'2012-06-19 14:12:44'),
 ('SMR',908,1,'2012-06-19 14:12:44',1,'2012-06-19 14:12:44'),
 ('SOM',855,1,'2012-06-19 14:12:43',1,'2012-06-19 14:12:43'),
 ('STP',856,1,'2012-06-19 14:12:44',1,'2012-06-19 14:12:44'),
 ('SUR',857,1,'2012-06-19 14:12:44',1,'2012-06-19 14:12:44'),
 ('SVK',858,1,'2012-06-19 14:12:44',1,'2012-06-19 14:12:44'),
 ('SVN',859,1,'2012-06-19 14:12:44',1,'2012-06-19 14:12:44'),
 ('SWE',860,1,'2012-06-19 14:12:44',1,'2012-06-19 14:12:44'),
 ('SWZ',861,1,'2012-06-19 14:12:44',1,'2012-06-19 14:12:44'),
 ('SYC',862,1,'2012-06-19 14:12:44',1,'2012-06-19 14:12:44'),
 ('SYR',863,1,'2012-06-19 14:12:44',1,'2012-06-19 14:12:44'),
 ('TCD',864,1,'2012-06-19 14:12:44',1,'2012-06-19 14:12:44'),
 ('TGO',865,1,'2012-06-19 14:12:44',1,'2012-06-19 14:12:44'),
 ('THA',866,1,'2012-06-19 14:12:44',1,'2012-06-19 14:12:44'),
 ('TJK',867,1,'2012-06-19 14:12:44',1,'2012-06-19 14:12:44'),
 ('TKM',868,1,'2012-06-19 14:12:44',1,'2012-06-19 14:12:44'),
 ('TON',869,1,'2012-06-19 14:12:44',1,'2012-06-19 14:12:44'),
 ('TTO',870,1,'2012-06-19 14:12:44',1,'2012-06-19 14:12:44'),
 ('TUN',871,1,'2012-06-19 14:12:44',1,'2012-06-19 14:12:44'),
 ('TUR',872,1,'2012-06-19 14:12:44',1,'2012-06-19 14:12:44'),
 ('TUV',873,1,'2012-06-19 14:12:44',1,'2012-06-19 14:12:44'),
 ('TWN',875,1,'2012-06-19 14:12:44',1,'2012-06-19 14:12:44'),
 ('TZA',874,1,'2012-06-19 14:12:44',1,'2012-06-19 14:12:44'),
 ('UGA',876,1,'2012-06-19 14:12:44',1,'2012-06-19 14:12:44'),
 ('UKB',877,1,'2012-06-19 14:12:44',1,'2012-06-19 14:12:44'),
 ('URY',878,1,'2012-06-19 14:12:44',1,'2012-06-19 14:12:44'),
 ('USA',879,1,'2012-06-19 14:12:44',1,'2012-06-19 14:12:44'),
 ('UZB',880,1,'2012-06-19 14:12:44',1,'2012-06-19 14:12:44'),
 ('VAT',881,1,'2012-06-19 14:12:44',1,'2012-06-19 14:12:44'),
 ('VCT',882,1,'2012-06-19 14:12:44',1,'2012-06-19 14:12:44'),
 ('VEN',883,1,'2012-06-19 14:12:44',1,'2012-06-19 14:12:44'),
 ('VNM',884,1,'2012-06-19 14:12:44',1,'2012-06-19 14:12:44'),
 ('VUT',885,1,'2012-06-19 14:12:44',1,'2012-06-19 14:12:44'),
 ('WSM',886,1,'2012-06-19 14:12:44',1,'2012-06-19 14:12:44'),
 ('YEM',887,1,'2012-06-19 14:12:44',1,'2012-06-19 14:12:44'),
 ('YUG',888,1,'2012-06-19 14:12:44',1,'2012-06-19 14:12:44'),
 ('ZAF',889,1,'2012-06-19 14:12:44',1,'2012-06-19 14:12:44'),
 ('ZAR',890,1,'2012-06-19 14:12:44',1,'2012-06-19 14:12:44'),
 ('ZMB',891,1,'2012-06-19 14:12:44',1,'2012-06-19 14:12:44'),
 ('ZWE',892,1,'2012-06-19 14:12:44',1,'2012-06-19 14:12:44');
/*!40000 ALTER TABLE `fnd_country_code` ENABLE KEYS */;


--
-- Definition of table `fnd_departments`
--

DROP TABLE IF EXISTS `fnd_departments`;
CREATE TABLE `fnd_departments` (
  `company_id` int(11) NOT NULL,
  `department_id` int(11) NOT NULL AUTO_INCREMENT,
  `department_code` varchar(100) NOT NULL,
  `department_description` varchar(100) NOT NULL,
  `enabled_flag` varchar(1) DEFAULT NULL,
  `creation_date` datetime NOT NULL,
  `created_by` int(11) NOT NULL,
  `last_update_date` datetime NOT NULL,
  `last_updated_by` int(11) NOT NULL,
  PRIMARY KEY (`department_id`),
  UNIQUE KEY `FND_DEPARTMENTS_U1` (`company_id`,`department_code`),
  KEY `FND_DEPARTMENTS_N1` (`company_id`)
) ENGINE=InnoDB AUTO_INCREMENT=50 DEFAULT CHARSET=gbk;

--
-- Dumping data for table `fnd_departments`
--

/*!40000 ALTER TABLE `fnd_departments` DISABLE KEYS */;
INSERT INTO `fnd_departments` (`company_id`,`department_id`,`department_code`,`department_description`,`enabled_flag`,`creation_date`,`created_by`,`last_update_date`,`last_updated_by`) VALUES 
 (21,22,'TST1','测试1','Y','2012-09-21 15:03:28',1,'2012-09-21 15:03:28',1),
 (21,23,'TST2','测试2','Y','2012-09-21 15:03:45',1,'2012-09-21 15:03:45',1),
 (22,44,'TST3','测试3','Y','2012-09-21 15:56:08',1,'2012-09-21 15:56:08',1),
 (22,46,'TEST1','测试4','Y','2012-09-25 15:27:53',1,'2012-09-25 15:27:53',1),
 (22,49,'TST4','测试5','Y','2012-09-25 15:28:36',1,'2012-09-25 15:28:36',1);
/*!40000 ALTER TABLE `fnd_departments` ENABLE KEYS */;


--
-- Definition of table `fnd_descriptions`
--

DROP TABLE IF EXISTS `fnd_descriptions`;
CREATE TABLE `fnd_descriptions` (
  `DESCRIPTION_ID` int(11) NOT NULL,
  `LANGUAGE` varchar(4) NOT NULL,
  `REF_TABLE` varchar(100) NOT NULL,
  `REF_FIELD` varchar(100) NOT NULL,
  `DESCRIPTION_TEXT` varchar(1000) DEFAULT NULL,
  `FUNCTION_NAME` varchar(20) DEFAULT NULL,
  `CREATED_BY` int(11) NOT NULL,
  `CREATION_DATE` datetime NOT NULL,
  `LAST_UPDATED_BY` int(11) NOT NULL,
  `LAST_UPDATE_DATE` datetime NOT NULL,
  PRIMARY KEY (`DESCRIPTION_ID`,`LANGUAGE`),
  KEY `FND_DESCRIPTIONS_N1` (`LANGUAGE`,`REF_TABLE`,`REF_FIELD`),
  KEY `FND_DESCRIPTIONS_N2` (`REF_TABLE`,`REF_FIELD`,`DESCRIPTION_TEXT`(255))
) ENGINE=InnoDB DEFAULT CHARSET=gbk;

--
-- Dumping data for table `fnd_descriptions`
--

/*!40000 ALTER TABLE `fnd_descriptions` DISABLE KEYS */;
INSERT INTO `fnd_descriptions` (`DESCRIPTION_ID`,`LANGUAGE`,`REF_TABLE`,`REF_FIELD`,`DESCRIPTION_TEXT`,`FUNCTION_NAME`,`CREATED_BY`,`CREATION_DATE`,`LAST_UPDATED_BY`,`LAST_UPDATE_DATE`) VALUES 
 (2,'US','SYS_ROLE','DESCRIPTION_ID','系统管理',NULL,1,'2012-06-12 00:00:00',1,'2012-06-12 00:00:00'),
 (2,'ZHS','SYS_ROLE','DESCRIPTION_ID','系统管理',NULL,1,'2012-06-12 00:00:00',1,'2012-06-12 00:00:00'),
 (9,'US','SYS_FUNCTION','FUNCTION_NAME_ID','系统重载',NULL,21,'2012-11-29 16:47:59',21,'2012-11-29 16:47:59'),
 (9,'ZHS','SYS_FUNCTION','FUNCTION_NAME_ID','系统重载',NULL,21,'2012-11-29 16:47:59',21,'2012-11-29 16:47:59'),
 (11,'US','SYS_FUNCTION','FUNCTION_NAME_ID','系统设置',NULL,21,'2013-01-06 13:56:10',21,'2013-01-06 13:56:10'),
 (11,'ZHS','SYS_FUNCTION','FUNCTION_NAME_ID','系统设置',NULL,21,'2013-01-06 13:56:10',21,'2013-01-06 13:56:10'),
 (13,'US','SYS_FUNCTION','FUNCTION_NAME_ID','基础设置',NULL,21,'2013-01-06 13:56:10',21,'2013-01-06 13:56:10'),
 (13,'ZHS','SYS_FUNCTION','FUNCTION_NAME_ID','基础设置',NULL,21,'2013-01-06 13:56:10',21,'2013-01-06 13:56:10'),
 (15,'US','SYS_FUNCTION','FUNCTION_NAME_ID','销售',NULL,21,'2013-01-06 13:56:10',21,'2013-01-06 13:56:10'),
 (15,'ZHS','SYS_FUNCTION','FUNCTION_NAME_ID','销售',NULL,21,'2013-01-06 13:56:10',21,'2013-01-06 13:56:10'),
 (21,'US','FND_LANGUAGE_CODE','DESCRIPTION_ID','SIMPLIFIED CHINESE',NULL,1,'2012-06-12 00:00:00',1,'2012-06-12 00:00:00'),
 (21,'ZHS','FND_LANGUAGE_CODE','DESCRIPTION_ID','简体中文',NULL,1,'2012-06-12 00:00:00',1,'2012-06-12 00:00:00'),
 (22,'US','FND_LANGUAGE_CODE','DESCRIPTION_ID','AMERICAN',NULL,1,'2012-06-12 00:00:00',1,'2012-06-12 00:00:00'),
 (22,'ZHS','FND_LANGUAGE_CODE','DESCRIPTION_ID','英语',NULL,1,'2012-06-12 00:00:00',1,'2012-06-12 00:00:00'),
 (23,'US','FND_LANGUAGE_CODE','DESCRIPTION_ID','JAPANESE',NULL,1,'2012-06-12 00:00:00',1,'2012-06-12 00:00:00'),
 (23,'ZHS','FND_LANGUAGE_CODE','DESCRIPTION_ID','日本语',NULL,1,'2012-06-12 00:00:00',1,'2012-06-12 00:00:00'),
 (24,'US','FND_LANGUAGE_CODE','DESCRIPTION_ID','RUSSIAN',NULL,1,'2012-06-12 00:00:00',1,'2012-06-12 00:00:00'),
 (24,'ZHS','FND_LANGUAGE_CODE','DESCRIPTION_ID','俄语',NULL,1,'2012-06-12 00:00:00',1,'2012-06-12 00:00:00'),
 (41,'US','SYS_FUNCTION','FUNCTION_NAME_ID','FND Setup',NULL,1,'2012-06-12 00:00:00',1,'2012-06-12 00:00:00'),
 (41,'ZHS','SYS_FUNCTION','FUNCTION_NAME_ID','基础设置',NULL,1,'2012-06-12 00:00:00',1,'2012-06-12 00:00:00'),
 (42,'US','SYS_FUNCTION','FUNCTION_NAME_ID','System Setup',NULL,1,'2012-06-12 00:00:00',1,'2012-06-12 00:00:00'),
 (42,'ZHS','SYS_FUNCTION','FUNCTION_NAME_ID','系统设置',NULL,1,'2012-06-12 00:00:00',1,'2012-06-12 00:00:00'),
 (43,'US','SYS_FUNCTION','FUNCTION_NAME_ID','Definition Page Up',NULL,1,'2012-06-12 00:00:00',1,'2012-06-12 00:00:00'),
 (43,'ZHS','SYS_FUNCTION','FUNCTION_NAME_ID','页面注册',NULL,1,'2012-06-12 00:00:00',1,'2012-06-12 00:00:00'),
 (44,'US','SYS_FUNCTION','FUNCTION_NAME_ID','Function definition',NULL,1,'2012-06-12 00:00:00',1,'2012-06-12 00:00:00'),
 (44,'ZHS','SYS_FUNCTION','FUNCTION_NAME_ID','功能定义',NULL,1,'2012-06-12 00:00:00',1,'2012-06-12 00:00:00'),
 (45,'US','SYS_FUNCTION','FUNCTION_NAME_ID','Function distribute',NULL,1,'2012-06-12 00:00:00',1,'2012-06-12 00:00:00'),
 (45,'ZHS','SYS_FUNCTION','FUNCTION_NAME_ID','功能分配',NULL,1,'2012-06-12 00:00:00',1,'2012-06-12 00:00:00'),
 (46,'US','SYS_FUNCTION','FUNCTION_NAME_ID','User Definition',NULL,1,'2012-06-12 00:00:00',1,'2012-06-12 00:00:00'),
 (46,'ZHS','SYS_FUNCTION','FUNCTION_NAME_ID','用户定义',NULL,1,'2012-06-12 00:00:00',1,'2012-06-12 00:00:00'),
 (47,'US','SYS_FUNCTION','FUNCTION_NAME_ID','Role Definition',NULL,1,'2012-06-12 00:00:00',1,'2012-06-12 00:00:00'),
 (47,'ZHS','SYS_FUNCTION','FUNCTION_NAME_ID','角色定义',NULL,1,'2012-06-12 00:00:00',1,'2012-06-12 00:00:00'),
 (48,'US','SYS_FUNCTION','FUNCTION_NAME_ID','Module Definition',NULL,1,'2012-06-12 00:00:00',1,'2012-06-12 00:00:00'),
 (48,'ZHS','SYS_FUNCTION','FUNCTION_NAME_ID','模块定义',NULL,1,'2012-06-12 00:00:00',1,'2012-06-12 00:00:00'),
 (49,'US','SYS_FUNCTION','FUNCTION_NAME_ID','Message code Maintain',NULL,1,'2012-06-12 00:00:00',1,'2012-06-12 00:00:00'),
 (49,'ZHS','SYS_FUNCTION','FUNCTION_NAME_ID','消息代码维护',NULL,1,'2012-06-12 00:00:00',1,'2012-06-12 00:00:00'),
 (61,'US','SYS_ROLE','ROLE_NAME_ID','系统管理',NULL,1,'2012-06-12 00:00:00',1,'2012-06-12 00:00:00'),
 (61,'ZHS','SYS_ROLE','ROLE_NAME_ID','系统管理',NULL,1,'2012-06-12 00:00:00',21,'2012-07-02 00:00:00'),
 (62,'US','SYS_ROLE','DESCRIPTION_ID','系统管理',NULL,1,'2012-06-12 00:00:00',1,'2012-06-12 00:00:00'),
 (62,'ZHS','SYS_ROLE','DESCRIPTION_ID','系统管理',NULL,1,'2012-06-12 00:00:00',21,'2012-07-02 00:00:00'),
 (63,'US','SYS_FUNCTION','FUNCTION_NAME_ID','FND Setup',NULL,1,'2012-06-12 00:00:00',1,'2012-06-12 00:00:00'),
 (63,'ZHS','SYS_FUNCTION','FUNCTION_NAME_ID','基础设置',NULL,1,'2012-06-12 00:00:00',1,'2012-06-12 00:00:00'),
 (64,'US','SYS_FUNCTION','FUNCTION_NAME_ID','System Setup',NULL,1,'2012-06-12 00:00:00',1,'2012-06-12 00:00:00'),
 (64,'ZHS','SYS_FUNCTION','FUNCTION_NAME_ID','系统设置',NULL,1,'2012-06-12 00:00:00',1,'2012-06-12 00:00:00'),
 (65,'US','SYS_FUNCTION','FUNCTION_NAME_ID','Definition Page Up',NULL,1,'2012-06-12 00:00:00',1,'2012-06-12 00:00:00'),
 (65,'ZHS','SYS_FUNCTION','FUNCTION_NAME_ID','页面注册',NULL,1,'2012-06-12 00:00:00',1,'2012-06-12 00:00:00'),
 (66,'US','SYS_FUNCTION','FUNCTION_NAME_ID','Function definition',NULL,1,'2012-06-12 00:00:00',1,'2012-06-12 00:00:00'),
 (66,'ZHS','SYS_FUNCTION','FUNCTION_NAME_ID','功能定义',NULL,1,'2012-06-12 00:00:00',1,'2012-06-12 00:00:00'),
 (67,'US','SYS_FUNCTION','FUNCTION_NAME_ID','功能分配',NULL,1,'2012-06-12 00:00:00',1,'2012-06-28 00:00:00'),
 (67,'ZHS','SYS_FUNCTION','FUNCTION_NAME_ID','功能分配',NULL,1,'2012-06-12 00:00:00',1,'2012-06-28 00:00:00'),
 (68,'US','SYS_FUNCTION','FUNCTION_NAME_ID','User Definition',NULL,1,'2012-06-12 00:00:00',1,'2012-06-27 00:00:00'),
 (68,'ZHS','SYS_FUNCTION','FUNCTION_NAME_ID','用户定义',NULL,1,'2012-06-12 00:00:00',1,'2012-06-27 00:00:00'),
 (69,'US','SYS_FUNCTION','FUNCTION_NAME_ID','Role Definition',NULL,1,'2012-06-12 00:00:00',1,'2012-06-12 00:00:00'),
 (69,'ZHS','SYS_FUNCTION','FUNCTION_NAME_ID','角色定义',NULL,1,'2012-06-12 00:00:00',21,'2012-06-12 00:00:00'),
 (70,'US','SYS_FUNCTION','FUNCTION_NAME_ID','Module Definition',NULL,1,'2012-06-12 00:00:00',1,'2012-06-12 00:00:00'),
 (70,'ZHS','SYS_FUNCTION','FUNCTION_NAME_ID','模块定义',NULL,1,'2012-06-12 00:00:00',21,'2012-06-12 00:00:00'),
 (71,'US','SYS_FUNCTION','FUNCTION_NAME_ID','Message code Maintain',NULL,1,'2012-06-12 00:00:00',1,'2012-06-12 00:00:00'),
 (71,'ZHS','SYS_FUNCTION','FUNCTION_NAME_ID','消息代码维护',NULL,1,'2012-06-12 00:00:00',21,'2012-06-12 00:00:00'),
 (81,'US','SYS_CODES','CODE_NAME_ID','FUNCTION_TYPE',NULL,1,'2012-06-12 00:00:00',1,'2012-06-12 00:00:00'),
 (81,'ZHS','SYS_CODES','CODE_NAME_ID','功能类型',NULL,1,'2012-06-12 00:00:00',1,'2012-06-12 00:00:00'),
 (82,'US','SYS_CODES','CODE_PROMPT_ID','FUNCTION_TYPE',NULL,1,'2012-06-12 00:00:00',1,'2012-06-12 00:00:00'),
 (82,'ZHS','SYS_CODES','CODE_PROMPT_ID','功能类型',NULL,1,'2012-06-12 00:00:00',1,'2012-06-12 00:00:00'),
 (83,'US','SYS_CODES','CODE_NAME_PROMPT_ID','FUNCTION_TYPE',NULL,1,'2012-06-12 00:00:00',1,'2012-06-12 00:00:00'),
 (83,'ZHS','SYS_CODES','CODE_NAME_PROMPT_ID','功能类型',NULL,1,'2012-06-12 00:00:00',1,'2012-06-12 00:00:00'),
 (84,'US','SYS_CODE_VALUES','CODE_VALUE_NAME_ID','Function',NULL,1,'2012-06-12 00:00:00',1,'2012-06-12 00:00:00'),
 (84,'ZHS','SYS_CODE_VALUES','CODE_VALUE_NAME_ID','功能',NULL,1,'2012-06-12 00:00:00',1,'2012-06-12 00:00:00'),
 (85,'US','SYS_CODE_VALUES','CODE_VALUE_NAME_ID','Directory',NULL,1,'2012-06-12 00:00:00',1,'2012-06-12 00:00:00'),
 (85,'ZHS','SYS_CODE_VALUES','CODE_VALUE_NAME_ID','目录',NULL,1,'2012-06-12 00:00:00',1,'2012-06-12 00:00:00'),
 (86,'US','SYS_CODE_VALUES','CODE_VALUE_NAME_ID','Non vision function',NULL,1,'2012-06-12 00:00:00',1,'2012-06-12 00:00:00'),
 (86,'ZHS','SYS_CODE_VALUES','CODE_VALUE_NAME_ID','非可视化功能',NULL,1,'2012-06-12 00:00:00',1,'2012-06-12 00:00:00'),
 (101,'US','SYS_FUNCTION','FUNCTION_NAME_ID','系统日志',NULL,21,'2012-06-12 00:00:00',21,'2012-06-12 00:00:00'),
 (101,'ZHS','SYS_FUNCTION','FUNCTION_NAME_ID','系统日志',NULL,21,'2012-06-12 00:00:00',21,'2012-06-12 00:00:00'),
 (103,'US','SYS_FUNCTION','FUNCTION_NAME_ID','系统描述',NULL,21,'2012-06-12 00:00:00',21,'2012-06-12 00:00:00'),
 (103,'ZHS','SYS_FUNCTION','FUNCTION_NAME_ID','系统描述',NULL,21,'2012-06-12 00:00:00',21,'2012-06-12 00:00:00'),
 (121,'US','SYS_FUNCTION','FUNCTION_NAME_ID','系统代码维护',NULL,21,'2012-06-12 00:00:00',21,'2012-06-12 00:00:00'),
 (121,'ZHS','SYS_FUNCTION','FUNCTION_NAME_ID','系统代码维护',NULL,21,'2012-06-12 00:00:00',21,'2012-06-12 00:00:00'),
 (123,'US','SYS_FUNCTION','FUNCTION_NAME_ID','参数定义',NULL,21,'2012-06-12 00:00:00',21,'2012-06-12 00:00:00'),
 (123,'ZHS','SYS_FUNCTION','FUNCTION_NAME_ID','参数定义',NULL,21,'2012-06-12 00:00:00',21,'2012-06-12 00:00:00'),
 (125,'US','SYS_FUNCTION','FUNCTION_NAME_ID','参数指定',NULL,21,'2012-06-12 00:00:00',21,'2012-06-12 00:00:00'),
 (125,'ZHS','SYS_FUNCTION','FUNCTION_NAME_ID','参数指定',NULL,21,'2012-06-12 00:00:00',21,'2012-06-12 00:00:00'),
 (127,'US','SYS_FUNCTION','FUNCTION_NAME_ID','Parameter Assign-For User',NULL,21,'2012-06-12 00:00:00',1,'2012-06-27 00:00:00'),
 (127,'ZHS','SYS_FUNCTION','FUNCTION_NAME_ID','参数指定-用户',NULL,21,'2012-06-12 00:00:00',1,'2012-06-27 00:00:00'),
 (129,'US','SYS_FUNCTION','FUNCTION_NAME_ID','邮件服务器设置',NULL,21,'2012-06-12 00:00:00',21,'2012-06-12 00:00:00'),
 (129,'ZHS','SYS_FUNCTION','FUNCTION_NAME_ID','邮件服务器设置',NULL,21,'2012-06-12 00:00:00',21,'2012-06-12 00:00:00'),
 (131,'US','SYS_FUNCTION','FUNCTION_NAME_ID','系统分析',NULL,21,'2012-06-12 00:00:00',21,'2012-06-12 00:00:00'),
 (131,'ZHS','SYS_FUNCTION','FUNCTION_NAME_ID','系统分析',NULL,21,'2012-06-12 00:00:00',21,'2012-06-12 00:00:00'),
 (141,'US','SYS_FUNCTION','FUNCTION_NAME_ID','BM测试',NULL,21,'2012-06-12 00:00:00',21,'2012-06-12 00:00:00'),
 (141,'ZHS','SYS_FUNCTION','FUNCTION_NAME_ID','BM测试',NULL,21,'2012-06-12 00:00:00',21,'2012-06-12 00:00:00'),
 (161,'US','SYS_FUNCTION','FUNCTION_NAME_ID','国家定义',NULL,21,'2012-06-12 00:00:00',21,'2012-06-12 00:00:00'),
 (161,'ZHS','SYS_FUNCTION','FUNCTION_NAME_ID','国家定义',NULL,21,'2012-06-12 00:00:00',21,'2012-06-28 00:00:00'),
 (163,'US','SYS_FUNCTION','FUNCTION_NAME_ID','地区定义',NULL,21,'2012-06-12 00:00:00',21,'2012-06-12 00:00:00'),
 (163,'ZHS','SYS_FUNCTION','FUNCTION_NAME_ID','地区定义',NULL,21,'2012-06-12 00:00:00',21,'2012-06-12 00:00:00'),
 (165,'US','SYS_FUNCTION','FUNCTION_NAME_ID','币种定义',NULL,21,'2012-06-12 00:00:00',21,'2012-06-12 00:00:00'),
 (165,'ZHS','SYS_FUNCTION','FUNCTION_NAME_ID','币种定义',NULL,21,'2012-06-12 00:00:00',21,'2012-06-12 00:00:00'),
 (167,'US','SYS_FUNCTION','FUNCTION_NAME_ID','公司定义',NULL,21,'2012-06-12 00:00:00',21,'2012-06-12 00:00:00'),
 (167,'ZHS','SYS_FUNCTION','FUNCTION_NAME_ID','公司定义',NULL,21,'2012-06-12 00:00:00',21,'2012-06-12 00:00:00'),
 (181,'US','SYS_FUNCTION','FUNCTION_NAME_ID','项目管理',NULL,21,'2012-06-12 00:00:00',21,'2012-06-12 00:00:00'),
 (181,'ZHS','SYS_FUNCTION','FUNCTION_NAME_ID','项目管理',NULL,21,'2012-06-12 00:00:00',21,'2012-06-12 00:00:00'),
 (201,'US','SYS_FUNCTION','FUNCTION_NAME_ID','项目管理',NULL,21,'2012-06-12 00:00:00',21,'2012-06-12 00:00:00'),
 (201,'ZHS','SYS_FUNCTION','FUNCTION_NAME_ID','项目管理',NULL,21,'2012-06-12 00:00:00',21,'2012-06-12 00:00:00'),
 (221,'US','SYS_FUNCTION','FUNCTION_NAME_ID','负责人',NULL,21,'2012-06-13 00:00:00',21,'2012-06-13 00:00:00'),
 (221,'ZHS','SYS_FUNCTION','FUNCTION_NAME_ID','进度',NULL,21,'2012-06-13 00:00:00',21,'2012-06-13 00:00:00'),
 (241,'US','SYS_FUNCTION','FUNCTION_NAME_ID','负责人',NULL,21,'2012-06-13 00:00:00',21,'2012-06-13 00:00:00'),
 (241,'ZHS','SYS_FUNCTION','FUNCTION_NAME_ID','负责人',NULL,21,'2012-06-13 00:00:00',21,'2012-06-13 00:00:00'),
 (301,'US','SYS_CODES','CODE_NAME_ID','Company Type',NULL,1,'2012-06-18 00:00:00',1,'2012-06-18 00:00:00'),
 (301,'ZHS','SYS_CODES','CODE_NAME_ID','公司类型',NULL,1,'2012-06-18 00:00:00',1,'2012-06-18 00:00:00'),
 (302,'US','SYS_CODES','CODE_PROMPT_ID','Company Type',NULL,1,'2012-06-18 00:00:00',1,'2012-06-18 00:00:00'),
 (302,'ZHS','SYS_CODES','CODE_PROMPT_ID','公司类型',NULL,1,'2012-06-18 00:00:00',1,'2012-06-18 00:00:00'),
 (303,'US','SYS_CODES','CODE_NAME_PROMPT_ID','Company Type Descritpion',NULL,1,'2012-06-18 00:00:00',1,'2012-06-18 00:00:00'),
 (303,'ZHS','SYS_CODES','CODE_NAME_PROMPT_ID','公司类型描述',NULL,1,'2012-06-18 00:00:00',1,'2012-06-18 00:00:00'),
 (304,'US','SYS_CODE_VALUES','CODE_VALUE_NAME_ID','Business Entity',NULL,1,'2012-06-18 00:00:00',1,'2012-06-18 00:00:00'),
 (304,'ZHS','SYS_CODE_VALUES','CODE_VALUE_NAME_ID','业务实体',NULL,1,'2012-06-18 00:00:00',1,'2012-06-18 00:00:00'),
 (305,'US','SYS_CODE_VALUES','CODE_VALUE_NAME_ID','Collect Company',NULL,1,'2012-06-18 00:00:00',1,'2012-06-18 00:00:00'),
 (305,'ZHS','SYS_CODE_VALUES','CODE_VALUE_NAME_ID','汇总公司',NULL,1,'2012-06-18 00:00:00',1,'2012-06-18 00:00:00'),
 (306,'US','SYS_CODE_VALUES','CODE_VALUE_NAME_ID','Incorporate Company',NULL,1,'2012-06-18 00:00:00',1,'2012-06-18 00:00:00'),
 (306,'ZHS','SYS_CODE_VALUES','CODE_VALUE_NAME_ID','合并公司',NULL,1,'2012-06-18 00:00:00',1,'2012-06-18 00:00:00'),
 (307,'US','SYS_CODE_VALUES','CODE_VALUE_NAME_ID','Adjust Company',NULL,1,'2012-06-18 00:00:00',1,'2012-06-18 00:00:00'),
 (307,'ZHS','SYS_CODE_VALUES','CODE_VALUE_NAME_ID','调整公司',NULL,1,'2012-06-18 00:00:00',1,'2012-06-18 00:00:00'),
 (308,'US','FND_COMPANY_LEVELS','DESCRIPTION_ID','Head Company','FND2040',0,'2012-06-18 00:00:00',0,'2012-06-18 00:00:00'),
 (308,'ZHS','FND_COMPANY_LEVELS','DESCRIPTION_ID','总公司','FND2040',0,'2012-06-18 00:00:00',0,'2012-06-18 00:00:00'),
 (309,'US','FND_COMPANY_LEVELS','DESCRIPTION_ID','Branch Company','FND2040',0,'2012-06-18 00:00:00',0,'2012-06-18 00:00:00'),
 (309,'ZHS','FND_COMPANY_LEVELS','DESCRIPTION_ID','分公司','FND2040',0,'2012-06-18 00:00:00',0,'2012-06-18 00:00:00'),
 (310,'US','FND_COMPANY_LEVELS','DESCRIPTION_ID','Center branch of the company','FND2040',0,'2012-06-18 00:00:00',0,'2012-06-18 00:00:00'),
 (310,'ZHS','FND_COMPANY_LEVELS','DESCRIPTION_ID','中支公司','FND2040',0,'2012-06-18 00:00:00',0,'2012-06-18 00:00:00'),
 (319,'US','FND_COMPANIES','COMPANY_SHORT_NAME_ID','奥克兰',NULL,21,'2012-06-18 00:00:00',21,'2012-06-18 00:00:00'),
 (319,'ZHS','FND_COMPANIES','COMPANY_SHORT_NAME_ID','奥克兰',NULL,21,'2012-06-18 00:00:00',21,'2012-06-18 00:00:00'),
 (320,'US','FND_COMPANIES','COMPANY_FULL_NAME_ID','上海奥克兰空调股份有限公司',NULL,21,'2012-06-18 00:00:00',21,'2012-06-18 00:00:00'),
 (320,'ZHS','FND_COMPANIES','COMPANY_FULL_NAME_ID','上海奥克兰空调股份有限公司',NULL,21,'2012-06-18 00:00:00',21,'2012-06-18 00:00:00'),
 (321,'US','SYS_CODES','CODE_NAME_ID','Description language',NULL,1,'2012-06-18 00:00:00',1,'2012-06-18 00:00:00'),
 (321,'ZHS','SYS_CODES','CODE_NAME_ID','描述语言',NULL,1,'2012-06-18 00:00:00',1,'2012-06-18 00:00:00'),
 (322,'US','SYS_CODES','CODE_PROMPT_ID','Description language ID',NULL,1,'2012-06-18 00:00:00',1,'2012-06-18 00:00:00'),
 (322,'ZHS','SYS_CODES','CODE_PROMPT_ID','描述语言ID',NULL,1,'2012-06-18 00:00:00',1,'2012-06-18 00:00:00'),
 (323,'US','SYS_CODES','CODE_NAME_PROMPT_ID','Description language name',NULL,1,'2012-06-18 00:00:00',1,'2012-06-18 00:00:00'),
 (323,'ZHS','SYS_CODES','CODE_NAME_PROMPT_ID','描述语言名称',NULL,1,'2012-06-18 00:00:00',1,'2012-06-18 00:00:00'),
 (324,'US','SYS_CODE_VALUES','CODE_VALUE_NAME_ID','Simplified Chinese',NULL,1,'2012-06-18 00:00:00',1,'2012-06-18 00:00:00'),
 (324,'ZHS','SYS_CODE_VALUES','CODE_VALUE_NAME_ID','简体中文',NULL,1,'2012-06-18 00:00:00',1,'2012-06-18 00:00:00'),
 (325,'US','SYS_CODE_VALUES','CODE_VALUE_NAME_ID','English',NULL,1,'2012-06-18 00:00:00',1,'2012-06-18 00:00:00'),
 (325,'ZHS','SYS_CODE_VALUES','CODE_VALUE_NAME_ID','English',NULL,1,'2012-06-18 00:00:00',1,'2012-06-18 00:00:00'),
 (326,'US','FND_COMPANIES','COMPANY_SHORT_NAME_ID','ss',NULL,21,'2012-06-18 00:00:00',21,'2012-06-18 00:00:00'),
 (326,'ZHS','FND_COMPANIES','COMPANY_SHORT_NAME_ID','ss',NULL,21,'2012-06-18 00:00:00',21,'2012-06-18 00:00:00'),
 (327,'US','FND_COMPANIES','COMPANY_FULL_NAME_ID',NULL,NULL,21,'2012-06-18 00:00:00',21,'2012-06-18 00:00:00'),
 (327,'ZHS','FND_COMPANIES','COMPANY_FULL_NAME_ID',NULL,NULL,21,'2012-06-18 00:00:00',21,'2012-06-18 00:00:00'),
 (341,'US','FND_COMPANIES','COMPANY_SHORT_NAME_ID','测试公司',NULL,21,'2012-06-19 00:00:00',21,'2012-06-19 00:00:00'),
 (341,'ZHS','FND_COMPANIES','COMPANY_SHORT_NAME_ID','测试公司',NULL,21,'2012-06-19 00:00:00',21,'2012-06-19 00:00:00'),
 (342,'US','FND_COMPANIES','COMPANY_FULL_NAME_ID','上海测试股份有限公司',NULL,21,'2012-06-19 00:00:00',21,'2012-06-19 00:00:00'),
 (342,'ZHS','FND_COMPANIES','COMPANY_FULL_NAME_ID','上海测试股份有限公司',NULL,21,'2012-06-19 00:00:00',21,'2012-06-19 00:00:00'),
 (343,'US','SYS_CODES','CODE_NAME_ID','User freeze',NULL,1,'2012-06-19 00:00:00',1,'2012-06-19 00:00:00'),
 (343,'ZHS','SYS_CODES','CODE_NAME_ID','用户冻结',NULL,1,'2012-06-19 00:00:00',1,'2012-06-19 00:00:00'),
 (344,'US','SYS_CODES','CODE_PROMPT_ID','Is frozen',NULL,1,'2012-06-19 00:00:00',1,'2012-06-19 00:00:00'),
 (344,'ZHS','SYS_CODES','CODE_PROMPT_ID','是否冻结',NULL,1,'2012-06-19 00:00:00',1,'2012-06-19 00:00:00'),
 (345,'US','SYS_CODES','CODE_NAME_PROMPT_ID','Freeze Description',NULL,1,'2012-06-19 00:00:00',1,'2012-06-19 00:00:00'),
 (345,'ZHS','SYS_CODES','CODE_NAME_PROMPT_ID','冻结描述',NULL,1,'2012-06-19 00:00:00',1,'2012-06-19 00:00:00'),
 (346,'US','SYS_CODE_VALUES','CODE_VALUE_NAME_ID','Frozen',NULL,1,'2012-06-19 00:00:00',1,'2012-06-19 00:00:00'),
 (346,'ZHS','SYS_CODE_VALUES','CODE_VALUE_NAME_ID','已冻结',NULL,1,'2012-06-19 00:00:00',1,'2012-06-19 00:00:00'),
 (347,'US','SYS_CODE_VALUES','CODE_VALUE_NAME_ID','Unfrozen',NULL,1,'2012-06-19 00:00:00',1,'2012-06-19 00:00:00'),
 (347,'ZHS','SYS_CODE_VALUES','CODE_VALUE_NAME_ID','未冻结',NULL,1,'2012-06-19 00:00:00',1,'2012-06-19 00:00:00'),
 (348,'US','FND_REGION_CODE','DESCRIPTION_ID','Bei Jing',NULL,1,'2012-06-19 00:00:00',1,'2012-06-19 00:00:00'),
 (348,'ZHS','FND_REGION_CODE','DESCRIPTION_ID','北京市',NULL,1,'2012-06-19 00:00:00',1,'2012-06-19 00:00:00'),
 (349,'US','FND_REGION_CODE','DESCRIPTION_ID','Tian Jin',NULL,1,'2012-06-19 00:00:00',1,'2012-06-19 00:00:00'),
 (349,'ZHS','FND_REGION_CODE','DESCRIPTION_ID','天津市',NULL,1,'2012-06-19 00:00:00',1,'2012-06-19 00:00:00'),
 (350,'US','FND_REGION_CODE','DESCRIPTION_ID','He bei sheng',NULL,1,'2012-06-19 00:00:00',1,'2012-06-19 00:00:00'),
 (350,'ZHS','FND_REGION_CODE','DESCRIPTION_ID','河北省',NULL,1,'2012-06-19 00:00:00',1,'2012-06-19 00:00:00'),
 (351,'US','FND_REGION_CODE','DESCRIPTION_ID','Shi jia zhuang',NULL,1,'2012-06-19 00:00:00',1,'2012-06-19 00:00:00'),
 (351,'ZHS','FND_REGION_CODE','DESCRIPTION_ID','石家庄市',NULL,1,'2012-06-19 00:00:00',1,'2012-06-19 00:00:00'),
 (352,'US','FND_REGION_CODE','DESCRIPTION_ID','Tang shan',NULL,1,'2012-06-19 00:00:00',1,'2012-06-19 00:00:00'),
 (352,'ZHS','FND_REGION_CODE','DESCRIPTION_ID','唐山市',NULL,1,'2012-06-19 00:00:00',1,'2012-06-19 00:00:00'),
 (353,'US','FND_REGION_CODE','DESCRIPTION_ID','Qin huang dao',NULL,1,'2012-06-19 00:00:00',1,'2012-06-19 00:00:00'),
 (353,'ZHS','FND_REGION_CODE','DESCRIPTION_ID','秦皇岛市',NULL,1,'2012-06-19 00:00:00',1,'2012-06-19 00:00:00'),
 (354,'US','FND_REGION_CODE','DESCRIPTION_ID','Han dan',NULL,1,'2012-06-19 00:00:00',1,'2012-06-19 00:00:00'),
 (354,'ZHS','FND_REGION_CODE','DESCRIPTION_ID','邯郸市',NULL,1,'2012-06-19 00:00:00',1,'2012-06-19 00:00:00'),
 (355,'US','FND_REGION_CODE','DESCRIPTION_ID','Xin tai',NULL,1,'2012-06-19 00:00:00',1,'2012-06-19 00:00:00'),
 (355,'ZHS','FND_REGION_CODE','DESCRIPTION_ID','邢台市',NULL,1,'2012-06-19 00:00:00',1,'2012-06-19 00:00:00'),
 (356,'US','FND_REGION_CODE','DESCRIPTION_ID','Bao Ding',NULL,1,'2012-06-19 00:00:00',1,'2012-06-19 00:00:00'),
 (356,'ZHS','FND_REGION_CODE','DESCRIPTION_ID','保定市',NULL,1,'2012-06-19 00:00:00',1,'2012-06-19 00:00:00'),
 (357,'US','FND_REGION_CODE','DESCRIPTION_ID','Zhang jia kou',NULL,1,'2012-06-19 00:00:00',1,'2012-06-19 00:00:00'),
 (357,'ZHS','FND_REGION_CODE','DESCRIPTION_ID','张家口市',NULL,1,'2012-06-19 00:00:00',1,'2012-06-19 00:00:00'),
 (358,'US','FND_REGION_CODE','DESCRIPTION_ID','Cheng de',NULL,1,'2012-06-19 00:00:00',1,'2012-06-19 00:00:00'),
 (358,'ZHS','FND_REGION_CODE','DESCRIPTION_ID','承德市',NULL,1,'2012-06-19 00:00:00',1,'2012-06-19 00:00:00'),
 (359,'US','FND_REGION_CODE','DESCRIPTION_ID','Chang zhou',NULL,1,'2012-06-19 00:00:00',1,'2012-06-19 00:00:00'),
 (359,'ZHS','FND_REGION_CODE','DESCRIPTION_ID','沧州市',NULL,1,'2012-06-19 00:00:00',1,'2012-06-19 00:00:00'),
 (360,'US','FND_REGION_CODE','DESCRIPTION_ID','Lang fang',NULL,1,'2012-06-19 00:00:00',1,'2012-06-19 00:00:00'),
 (360,'ZHS','FND_REGION_CODE','DESCRIPTION_ID','廊坊市',NULL,1,'2012-06-19 00:00:00',1,'2012-06-19 00:00:00'),
 (361,'US','FND_REGION_CODE','DESCRIPTION_ID','Heng shui',NULL,1,'2012-06-19 00:00:00',1,'2012-06-19 00:00:00'),
 (361,'ZHS','FND_REGION_CODE','DESCRIPTION_ID','衡水市',NULL,1,'2012-06-19 00:00:00',1,'2012-06-19 00:00:00'),
 (362,'US','FND_REGION_CODE','DESCRIPTION_ID','Shan xi',NULL,1,'2012-06-19 00:00:00',1,'2012-06-19 00:00:00'),
 (362,'ZHS','FND_REGION_CODE','DESCRIPTION_ID','山西省',NULL,1,'2012-06-19 00:00:00',1,'2012-06-19 00:00:00'),
 (363,'US','FND_REGION_CODE','DESCRIPTION_ID','Tai yuan',NULL,1,'2012-06-19 00:00:00',1,'2012-06-19 00:00:00'),
 (363,'ZHS','FND_REGION_CODE','DESCRIPTION_ID','太原市',NULL,1,'2012-06-19 00:00:00',1,'2012-06-19 00:00:00'),
 (364,'US','FND_REGION_CODE','DESCRIPTION_ID','Da tong',NULL,1,'2012-06-19 00:00:00',1,'2012-06-19 00:00:00'),
 (364,'ZHS','FND_REGION_CODE','DESCRIPTION_ID','大同市',NULL,1,'2012-06-19 00:00:00',1,'2012-06-19 00:00:00'),
 (365,'US','FND_REGION_CODE','DESCRIPTION_ID','Yang quan',NULL,1,'2012-06-19 00:00:00',1,'2012-06-19 00:00:00'),
 (365,'ZHS','FND_REGION_CODE','DESCRIPTION_ID','阳泉市',NULL,1,'2012-06-19 00:00:00',1,'2012-06-19 00:00:00'),
 (366,'US','FND_REGION_CODE','DESCRIPTION_ID','Chang zhi',NULL,1,'2012-06-19 00:00:00',1,'2012-06-19 00:00:00'),
 (366,'ZHS','FND_REGION_CODE','DESCRIPTION_ID','长治市',NULL,1,'2012-06-19 00:00:00',1,'2012-06-19 00:00:00'),
 (367,'US','FND_REGION_CODE','DESCRIPTION_ID','Ji Cheng',NULL,1,'2012-06-19 00:00:00',1,'2012-06-19 00:00:00'),
 (367,'ZHS','FND_REGION_CODE','DESCRIPTION_ID','晋城市',NULL,1,'2012-06-19 00:00:00',1,'2012-06-19 00:00:00'),
 (368,'US','FND_REGION_CODE','DESCRIPTION_ID','Shuo zhou',NULL,1,'2012-06-19 00:00:00',1,'2012-06-19 00:00:00'),
 (368,'ZHS','FND_REGION_CODE','DESCRIPTION_ID','朔州市',NULL,1,'2012-06-19 00:00:00',1,'2012-06-19 00:00:00'),
 (369,'US','FND_REGION_CODE','DESCRIPTION_ID','Ji zhong',NULL,1,'2012-06-19 00:00:00',1,'2012-06-19 00:00:00'),
 (369,'ZHS','FND_REGION_CODE','DESCRIPTION_ID','晋中市',NULL,1,'2012-06-19 00:00:00',1,'2012-06-19 00:00:00'),
 (370,'US','FND_REGION_CODE','DESCRIPTION_ID','Yun cheng',NULL,1,'2012-06-19 00:00:00',1,'2012-06-19 00:00:00'),
 (370,'ZHS','FND_REGION_CODE','DESCRIPTION_ID','运城市',NULL,1,'2012-06-19 00:00:00',1,'2012-06-19 00:00:00'),
 (371,'US','FND_REGION_CODE','DESCRIPTION_ID','Xi zhou',NULL,1,'2012-06-19 00:00:00',1,'2012-06-19 00:00:00'),
 (371,'ZHS','FND_REGION_CODE','DESCRIPTION_ID','忻州市',NULL,1,'2012-06-19 00:00:00',1,'2012-06-19 00:00:00'),
 (372,'US','FND_REGION_CODE','DESCRIPTION_ID','Lin fen',NULL,1,'2012-06-19 00:00:00',1,'2012-06-19 00:00:00'),
 (372,'ZHS','FND_REGION_CODE','DESCRIPTION_ID','临汾市',NULL,1,'2012-06-19 00:00:00',1,'2012-06-19 00:00:00'),
 (373,'US','FND_REGION_CODE','DESCRIPTION_ID','Lv liang',NULL,1,'2012-06-19 00:00:00',1,'2012-06-19 00:00:00'),
 (373,'ZHS','FND_REGION_CODE','DESCRIPTION_ID','吕梁地区',NULL,1,'2012-06-19 00:00:00',1,'2012-06-19 00:00:00'),
 (374,'US','FND_REGION_CODE','DESCRIPTION_ID','Nei meng gu',NULL,1,'2012-06-19 00:00:00',1,'2012-06-19 00:00:00'),
 (374,'ZHS','FND_REGION_CODE','DESCRIPTION_ID','内蒙古自治区',NULL,1,'2012-06-19 00:00:00',1,'2012-06-19 00:00:00'),
 (375,'US','FND_REGION_CODE','DESCRIPTION_ID','Hu he hao te',NULL,1,'2012-06-19 00:00:00',1,'2012-06-19 00:00:00'),
 (375,'ZHS','FND_REGION_CODE','DESCRIPTION_ID','呼和浩特市',NULL,1,'2012-06-19 00:00:00',1,'2012-06-19 00:00:00'),
 (376,'US','FND_REGION_CODE','DESCRIPTION_ID','Bao tou',NULL,1,'2012-06-19 00:00:00',1,'2012-06-19 00:00:00'),
 (376,'ZHS','FND_REGION_CODE','DESCRIPTION_ID','包头市',NULL,1,'2012-06-19 00:00:00',1,'2012-06-19 00:00:00'),
 (377,'US','FND_REGION_CODE','DESCRIPTION_ID','Wu hai',NULL,1,'2012-06-19 00:00:00',1,'2012-06-19 00:00:00'),
 (377,'ZHS','FND_REGION_CODE','DESCRIPTION_ID','乌海市',NULL,1,'2012-06-19 00:00:00',1,'2012-06-19 00:00:00'),
 (378,'US','FND_REGION_CODE','DESCRIPTION_ID','Tong liao',NULL,1,'2012-06-19 00:00:00',1,'2012-06-19 00:00:00'),
 (378,'ZHS','FND_REGION_CODE','DESCRIPTION_ID','通辽市',NULL,1,'2012-06-19 00:00:00',1,'2012-06-19 00:00:00'),
 (379,'US','FND_REGION_CODE','DESCRIPTION_ID','E er duo si',NULL,1,'2012-06-19 00:00:00',1,'2012-06-19 00:00:00'),
 (379,'ZHS','FND_REGION_CODE','DESCRIPTION_ID','鄂尔多斯市',NULL,1,'2012-06-19 00:00:00',1,'2012-06-19 00:00:00'),
 (380,'US','FND_REGION_CODE','DESCRIPTION_ID','Hu lun bei er',NULL,1,'2012-06-19 00:00:00',1,'2012-06-19 00:00:00'),
 (380,'ZHS','FND_REGION_CODE','DESCRIPTION_ID','呼伦贝尔市',NULL,1,'2012-06-19 00:00:00',1,'2012-06-19 00:00:00'),
 (381,'US','FND_REGION_CODE','DESCRIPTION_ID','Xing an meng',NULL,1,'2012-06-19 00:00:00',1,'2012-06-19 00:00:00'),
 (381,'ZHS','FND_REGION_CODE','DESCRIPTION_ID','兴安盟',NULL,1,'2012-06-19 00:00:00',1,'2012-06-19 00:00:00'),
 (382,'US','FND_REGION_CODE','DESCRIPTION_ID','Xi lin guo le meng',NULL,1,'2012-06-19 00:00:00',1,'2012-06-19 00:00:00'),
 (382,'ZHS','FND_REGION_CODE','DESCRIPTION_ID','锡林郭勒盟',NULL,1,'2012-06-19 00:00:00',1,'2012-06-19 00:00:00'),
 (383,'US','FND_REGION_CODE','DESCRIPTION_ID','Wu lan cha bu meng',NULL,1,'2012-06-19 00:00:00',1,'2012-06-19 00:00:00'),
 (383,'ZHS','FND_REGION_CODE','DESCRIPTION_ID','乌兰察布盟',NULL,1,'2012-06-19 00:00:00',1,'2012-06-19 00:00:00'),
 (384,'US','FND_REGION_CODE','DESCRIPTION_ID','Ba yan nao er meng',NULL,1,'2012-06-19 00:00:00',1,'2012-06-19 00:00:00'),
 (384,'ZHS','FND_REGION_CODE','DESCRIPTION_ID','巴彦淖尔盟',NULL,1,'2012-06-19 00:00:00',1,'2012-06-19 00:00:00'),
 (385,'US','FND_REGION_CODE','DESCRIPTION_ID','A la shan meng',NULL,1,'2012-06-19 00:00:00',1,'2012-06-19 00:00:00'),
 (385,'ZHS','FND_REGION_CODE','DESCRIPTION_ID','阿拉善盟',NULL,1,'2012-06-19 00:00:00',1,'2012-06-19 00:00:00'),
 (386,'US','FND_REGION_CODE','DESCRIPTION_ID','Liao ning sheng',NULL,1,'2012-06-19 00:00:00',1,'2012-06-19 00:00:00'),
 (386,'ZHS','FND_REGION_CODE','DESCRIPTION_ID','辽宁省',NULL,1,'2012-06-19 00:00:00',1,'2012-06-19 00:00:00'),
 (387,'US','FND_REGION_CODE','DESCRIPTION_ID','Shen yang',NULL,1,'2012-06-19 00:00:00',1,'2012-06-19 00:00:00'),
 (387,'ZHS','FND_REGION_CODE','DESCRIPTION_ID','沈阳市',NULL,1,'2012-06-19 00:00:00',1,'2012-06-19 00:00:00'),
 (388,'US','FND_REGION_CODE','DESCRIPTION_ID','Da lian',NULL,1,'2012-06-19 00:00:00',1,'2012-06-19 00:00:00'),
 (388,'ZHS','FND_REGION_CODE','DESCRIPTION_ID','大连市',NULL,1,'2012-06-19 00:00:00',1,'2012-06-19 00:00:00'),
 (389,'US','FND_REGION_CODE','DESCRIPTION_ID','An shan',NULL,1,'2012-06-19 00:00:00',1,'2012-06-19 00:00:00'),
 (389,'ZHS','FND_REGION_CODE','DESCRIPTION_ID','鞍山市',NULL,1,'2012-06-19 00:00:00',1,'2012-06-19 00:00:00'),
 (390,'US','FND_REGION_CODE','DESCRIPTION_ID','Fu shun',NULL,1,'2012-06-19 00:00:00',1,'2012-06-19 00:00:00'),
 (390,'ZHS','FND_REGION_CODE','DESCRIPTION_ID','抚顺市',NULL,1,'2012-06-19 00:00:00',1,'2012-06-19 00:00:00'),
 (391,'US','FND_REGION_CODE','DESCRIPTION_ID','Ben xi',NULL,1,'2012-06-19 00:00:00',1,'2012-06-19 00:00:00'),
 (391,'ZHS','FND_REGION_CODE','DESCRIPTION_ID','本溪市',NULL,1,'2012-06-19 00:00:00',1,'2012-06-19 00:00:00'),
 (392,'US','FND_REGION_CODE','DESCRIPTION_ID','Dan dong',NULL,1,'2012-06-19 00:00:00',1,'2012-06-19 00:00:00'),
 (392,'ZHS','FND_REGION_CODE','DESCRIPTION_ID','丹东市',NULL,1,'2012-06-19 00:00:00',1,'2012-06-19 00:00:00'),
 (393,'US','FND_REGION_CODE','DESCRIPTION_ID','Jin zhou',NULL,1,'2012-06-19 00:00:00',1,'2012-06-19 00:00:00'),
 (393,'ZHS','FND_REGION_CODE','DESCRIPTION_ID','锦州市',NULL,1,'2012-06-19 00:00:00',1,'2012-06-19 00:00:00'),
 (394,'US','FND_REGION_CODE','DESCRIPTION_ID','Ying kou',NULL,1,'2012-06-19 00:00:00',1,'2012-06-19 00:00:00'),
 (394,'ZHS','FND_REGION_CODE','DESCRIPTION_ID','营口市',NULL,1,'2012-06-19 00:00:00',1,'2012-06-19 00:00:00'),
 (395,'US','FND_REGION_CODE','DESCRIPTION_ID','Fu xin',NULL,1,'2012-06-19 00:00:00',1,'2012-06-19 00:00:00'),
 (395,'ZHS','FND_REGION_CODE','DESCRIPTION_ID','阜新市',NULL,1,'2012-06-19 00:00:00',1,'2012-06-19 00:00:00'),
 (396,'US','FND_REGION_CODE','DESCRIPTION_ID','Liao yang',NULL,1,'2012-06-19 00:00:00',1,'2012-06-19 00:00:00'),
 (396,'ZHS','FND_REGION_CODE','DESCRIPTION_ID','辽阳市',NULL,1,'2012-06-19 00:00:00',1,'2012-06-19 00:00:00'),
 (397,'US','FND_REGION_CODE','DESCRIPTION_ID','Pan jin',NULL,1,'2012-06-19 00:00:00',1,'2012-06-19 00:00:00'),
 (397,'ZHS','FND_REGION_CODE','DESCRIPTION_ID','盘锦市',NULL,1,'2012-06-19 00:00:00',1,'2012-06-19 00:00:00'),
 (398,'US','FND_REGION_CODE','DESCRIPTION_ID','Tie ling',NULL,1,'2012-06-19 00:00:00',1,'2012-06-19 00:00:00'),
 (398,'ZHS','FND_REGION_CODE','DESCRIPTION_ID','铁岭市',NULL,1,'2012-06-19 00:00:00',1,'2012-06-19 00:00:00'),
 (399,'US','FND_REGION_CODE','DESCRIPTION_ID','Zhao yang',NULL,1,'2012-06-19 00:00:00',1,'2012-06-19 00:00:00'),
 (399,'ZHS','FND_REGION_CODE','DESCRIPTION_ID','朝阳市',NULL,1,'2012-06-19 00:00:00',1,'2012-06-19 00:00:00'),
 (400,'US','FND_REGION_CODE','DESCRIPTION_ID','Hu lu dao',NULL,1,'2012-06-19 00:00:00',1,'2012-06-19 00:00:00'),
 (400,'ZHS','FND_REGION_CODE','DESCRIPTION_ID','葫芦岛市',NULL,1,'2012-06-19 00:00:00',1,'2012-06-19 00:00:00'),
 (401,'US','FND_REGION_CODE','DESCRIPTION_ID','Ji lin Sheng',NULL,1,'2012-06-19 00:00:00',1,'2012-06-19 00:00:00'),
 (401,'ZHS','FND_REGION_CODE','DESCRIPTION_ID','吉林省',NULL,1,'2012-06-19 00:00:00',1,'2012-06-19 00:00:00'),
 (402,'US','FND_REGION_CODE','DESCRIPTION_ID','Chang chun',NULL,1,'2012-06-19 00:00:00',1,'2012-06-19 00:00:00'),
 (402,'ZHS','FND_REGION_CODE','DESCRIPTION_ID','长春市',NULL,1,'2012-06-19 00:00:00',1,'2012-06-19 00:00:00'),
 (403,'US','FND_REGION_CODE','DESCRIPTION_ID','Ji lin',NULL,1,'2012-06-19 00:00:00',1,'2012-06-19 00:00:00'),
 (403,'ZHS','FND_REGION_CODE','DESCRIPTION_ID','吉林市',NULL,1,'2012-06-19 00:00:00',1,'2012-06-19 00:00:00'),
 (404,'US','FND_REGION_CODE','DESCRIPTION_ID','Si pin',NULL,1,'2012-06-19 00:00:00',1,'2012-06-19 00:00:00'),
 (404,'ZHS','FND_REGION_CODE','DESCRIPTION_ID','四平市',NULL,1,'2012-06-19 00:00:00',1,'2012-06-19 00:00:00'),
 (405,'US','FND_REGION_CODE','DESCRIPTION_ID','Liao yuan',NULL,1,'2012-06-19 00:00:00',1,'2012-06-19 00:00:00'),
 (405,'ZHS','FND_REGION_CODE','DESCRIPTION_ID','辽源市',NULL,1,'2012-06-19 00:00:00',1,'2012-06-19 00:00:00'),
 (406,'US','FND_REGION_CODE','DESCRIPTION_ID','Tong hua',NULL,1,'2012-06-19 00:00:00',1,'2012-06-19 00:00:00'),
 (406,'ZHS','FND_REGION_CODE','DESCRIPTION_ID','通化市',NULL,1,'2012-06-19 00:00:00',1,'2012-06-19 00:00:00'),
 (407,'US','FND_REGION_CODE','DESCRIPTION_ID','Bai shan',NULL,1,'2012-06-19 00:00:00',1,'2012-06-19 00:00:00'),
 (407,'ZHS','FND_REGION_CODE','DESCRIPTION_ID','白山市',NULL,1,'2012-06-19 00:00:00',1,'2012-06-19 00:00:00'),
 (408,'US','FND_REGION_CODE','DESCRIPTION_ID','Song yuan',NULL,1,'2012-06-19 00:00:00',1,'2012-06-19 00:00:00'),
 (408,'ZHS','FND_REGION_CODE','DESCRIPTION_ID','松原市',NULL,1,'2012-06-19 00:00:00',1,'2012-06-19 00:00:00'),
 (409,'US','FND_REGION_CODE','DESCRIPTION_ID','Bai cheng',NULL,1,'2012-06-19 00:00:00',1,'2012-06-19 00:00:00'),
 (409,'ZHS','FND_REGION_CODE','DESCRIPTION_ID','白城市',NULL,1,'2012-06-19 00:00:00',1,'2012-06-19 00:00:00'),
 (410,'US','FND_REGION_CODE','DESCRIPTION_ID','Yan bian chao xian zu zi zhi zhou',NULL,1,'2012-06-19 00:00:00',1,'2012-06-19 00:00:00'),
 (410,'ZHS','FND_REGION_CODE','DESCRIPTION_ID','延边朝鲜族自治州',NULL,1,'2012-06-19 00:00:00',1,'2012-06-19 00:00:00'),
 (411,'US','FND_REGION_CODE','DESCRIPTION_ID','Hei long jiang sheng',NULL,1,'2012-06-19 00:00:00',1,'2012-06-19 00:00:00'),
 (411,'ZHS','FND_REGION_CODE','DESCRIPTION_ID','黑龙江省',NULL,1,'2012-06-19 00:00:00',1,'2012-06-19 00:00:00'),
 (412,'US','FND_REGION_CODE','DESCRIPTION_ID','Ha er bin',NULL,1,'2012-06-19 00:00:00',1,'2012-06-19 00:00:00'),
 (412,'ZHS','FND_REGION_CODE','DESCRIPTION_ID','哈尔滨市',NULL,1,'2012-06-19 00:00:00',1,'2012-06-19 00:00:00'),
 (413,'US','FND_REGION_CODE','DESCRIPTION_ID','Qi qi ha er',NULL,1,'2012-06-19 00:00:00',1,'2012-06-19 00:00:00'),
 (413,'ZHS','FND_REGION_CODE','DESCRIPTION_ID','齐齐哈尔市',NULL,1,'2012-06-19 00:00:00',1,'2012-06-19 00:00:00'),
 (414,'US','FND_REGION_CODE','DESCRIPTION_ID','Ji xi',NULL,1,'2012-06-19 00:00:00',1,'2012-06-19 00:00:00'),
 (414,'ZHS','FND_REGION_CODE','DESCRIPTION_ID','鸡西市',NULL,1,'2012-06-19 00:00:00',1,'2012-06-19 00:00:00'),
 (415,'US','FND_REGION_CODE','DESCRIPTION_ID','He gang',NULL,1,'2012-06-19 00:00:00',1,'2012-06-19 00:00:00'),
 (415,'ZHS','FND_REGION_CODE','DESCRIPTION_ID','鹤岗市',NULL,1,'2012-06-19 00:00:00',1,'2012-06-19 00:00:00'),
 (416,'US','FND_REGION_CODE','DESCRIPTION_ID','Shuang ya shan',NULL,1,'2012-06-19 00:00:00',1,'2012-06-19 00:00:00'),
 (416,'ZHS','FND_REGION_CODE','DESCRIPTION_ID','双鸭山市',NULL,1,'2012-06-19 00:00:00',1,'2012-06-19 00:00:00'),
 (417,'US','FND_REGION_CODE','DESCRIPTION_ID','Da qing',NULL,1,'2012-06-19 00:00:00',1,'2012-06-19 00:00:00'),
 (417,'ZHS','FND_REGION_CODE','DESCRIPTION_ID','大庆市',NULL,1,'2012-06-19 00:00:00',1,'2012-06-19 00:00:00'),
 (418,'US','FND_REGION_CODE','DESCRIPTION_ID','Yi chun',NULL,1,'2012-06-19 00:00:00',1,'2012-06-19 00:00:00'),
 (418,'ZHS','FND_REGION_CODE','DESCRIPTION_ID','伊春市',NULL,1,'2012-06-19 00:00:00',1,'2012-06-19 00:00:00'),
 (419,'US','FND_REGION_CODE','DESCRIPTION_ID','Jia mu si',NULL,1,'2012-06-19 00:00:00',1,'2012-06-19 00:00:00'),
 (419,'ZHS','FND_REGION_CODE','DESCRIPTION_ID','佳木斯市',NULL,1,'2012-06-19 00:00:00',1,'2012-06-19 00:00:00'),
 (420,'US','FND_REGION_CODE','DESCRIPTION_ID','Qi tai he',NULL,1,'2012-06-19 00:00:00',1,'2012-06-19 00:00:00'),
 (420,'ZHS','FND_REGION_CODE','DESCRIPTION_ID','七台河市',NULL,1,'2012-06-19 00:00:00',1,'2012-06-19 00:00:00'),
 (421,'US','FND_REGION_CODE','DESCRIPTION_ID','Mu dan jiang',NULL,1,'2012-06-19 00:00:00',1,'2012-06-19 00:00:00'),
 (421,'ZHS','FND_REGION_CODE','DESCRIPTION_ID','牡丹江市',NULL,1,'2012-06-19 00:00:00',1,'2012-06-19 00:00:00'),
 (422,'US','FND_REGION_CODE','DESCRIPTION_ID','Hei he',NULL,1,'2012-06-19 00:00:00',1,'2012-06-19 00:00:00'),
 (422,'ZHS','FND_REGION_CODE','DESCRIPTION_ID','黑河市',NULL,1,'2012-06-19 00:00:00',1,'2012-06-19 00:00:00'),
 (423,'US','FND_REGION_CODE','DESCRIPTION_ID','Sui hua',NULL,1,'2012-06-19 00:00:00',1,'2012-06-19 00:00:00'),
 (423,'ZHS','FND_REGION_CODE','DESCRIPTION_ID','绥化市',NULL,1,'2012-06-19 00:00:00',1,'2012-06-19 00:00:00'),
 (424,'US','FND_REGION_CODE','DESCRIPTION_ID','Da xin an ling di qu',NULL,1,'2012-06-19 00:00:00',1,'2012-06-19 00:00:00'),
 (424,'ZHS','FND_REGION_CODE','DESCRIPTION_ID','大兴安岭地区',NULL,1,'2012-06-19 00:00:00',1,'2012-06-19 00:00:00'),
 (425,'US','FND_REGION_CODE','DESCRIPTION_ID','Shang Hai',NULL,1,'2012-06-19 00:00:00',1,'2012-06-19 00:00:00'),
 (425,'ZHS','FND_REGION_CODE','DESCRIPTION_ID','上海市',NULL,1,'2012-06-19 00:00:00',1,'2012-06-19 00:00:00'),
 (426,'US','FND_REGION_CODE','DESCRIPTION_ID','Jiang su sheng',NULL,1,'2012-06-19 00:00:00',1,'2012-06-19 00:00:00'),
 (426,'ZHS','FND_REGION_CODE','DESCRIPTION_ID','江苏省',NULL,1,'2012-06-19 00:00:00',1,'2012-06-19 00:00:00'),
 (427,'US','FND_REGION_CODE','DESCRIPTION_ID','Nan jing',NULL,1,'2012-06-19 00:00:00',1,'2012-06-19 00:00:00'),
 (427,'ZHS','FND_REGION_CODE','DESCRIPTION_ID','南京市',NULL,1,'2012-06-19 00:00:00',1,'2012-06-19 00:00:00'),
 (428,'US','FND_REGION_CODE','DESCRIPTION_ID','Wu xi',NULL,1,'2012-06-19 00:00:00',1,'2012-06-19 00:00:00'),
 (428,'ZHS','FND_REGION_CODE','DESCRIPTION_ID','无锡市',NULL,1,'2012-06-19 00:00:00',1,'2012-06-19 00:00:00'),
 (429,'US','FND_REGION_CODE','DESCRIPTION_ID','Xu zhou',NULL,1,'2012-06-19 00:00:00',1,'2012-06-19 00:00:00'),
 (429,'ZHS','FND_REGION_CODE','DESCRIPTION_ID','徐州市',NULL,1,'2012-06-19 00:00:00',1,'2012-06-19 00:00:00'),
 (430,'US','FND_REGION_CODE','DESCRIPTION_ID','Chang zhou',NULL,1,'2012-06-19 00:00:00',1,'2012-06-19 00:00:00'),
 (430,'ZHS','FND_REGION_CODE','DESCRIPTION_ID','常州市',NULL,1,'2012-06-19 00:00:00',1,'2012-06-19 00:00:00'),
 (431,'US','FND_REGION_CODE','DESCRIPTION_ID','Su zhou',NULL,1,'2012-06-19 00:00:00',1,'2012-06-19 00:00:00'),
 (431,'ZHS','FND_REGION_CODE','DESCRIPTION_ID','苏州市',NULL,1,'2012-06-19 00:00:00',1,'2012-06-19 00:00:00'),
 (432,'US','FND_REGION_CODE','DESCRIPTION_ID','Nan tong',NULL,1,'2012-06-19 00:00:00',1,'2012-06-19 00:00:00'),
 (432,'ZHS','FND_REGION_CODE','DESCRIPTION_ID','南通市',NULL,1,'2012-06-19 00:00:00',1,'2012-06-19 00:00:00'),
 (433,'US','FND_REGION_CODE','DESCRIPTION_ID','Lian yun guang',NULL,1,'2012-06-19 00:00:00',1,'2012-06-19 00:00:00'),
 (433,'ZHS','FND_REGION_CODE','DESCRIPTION_ID','连云港市',NULL,1,'2012-06-19 00:00:00',1,'2012-06-19 00:00:00'),
 (434,'US','FND_REGION_CODE','DESCRIPTION_ID','Huai an',NULL,1,'2012-06-19 00:00:00',1,'2012-06-19 00:00:00'),
 (434,'ZHS','FND_REGION_CODE','DESCRIPTION_ID','淮安市',NULL,1,'2012-06-19 00:00:00',1,'2012-06-19 00:00:00'),
 (435,'US','FND_REGION_CODE','DESCRIPTION_ID','Yan cheng',NULL,1,'2012-06-19 00:00:00',1,'2012-06-19 00:00:00'),
 (435,'ZHS','FND_REGION_CODE','DESCRIPTION_ID','盐城市',NULL,1,'2012-06-19 00:00:00',1,'2012-06-19 00:00:00'),
 (436,'US','FND_REGION_CODE','DESCRIPTION_ID','Yan zhou',NULL,1,'2012-06-19 00:00:00',1,'2012-06-19 00:00:00'),
 (436,'ZHS','FND_REGION_CODE','DESCRIPTION_ID','扬州市',NULL,1,'2012-06-19 00:00:00',1,'2012-06-19 00:00:00'),
 (437,'US','FND_REGION_CODE','DESCRIPTION_ID','Zhen jiang',NULL,1,'2012-06-19 00:00:00',1,'2012-06-19 00:00:00'),
 (437,'ZHS','FND_REGION_CODE','DESCRIPTION_ID','镇江市',NULL,1,'2012-06-19 00:00:00',1,'2012-06-19 00:00:00'),
 (438,'US','FND_REGION_CODE','DESCRIPTION_ID','Tai zhou',NULL,1,'2012-06-19 00:00:00',1,'2012-06-19 00:00:00'),
 (438,'ZHS','FND_REGION_CODE','DESCRIPTION_ID','泰州市',NULL,1,'2012-06-19 00:00:00',1,'2012-06-19 00:00:00'),
 (439,'US','FND_REGION_CODE','DESCRIPTION_ID','Su qian',NULL,1,'2012-06-19 00:00:00',1,'2012-06-19 00:00:00'),
 (439,'ZHS','FND_REGION_CODE','DESCRIPTION_ID','宿迁市',NULL,1,'2012-06-19 00:00:00',1,'2012-06-19 00:00:00'),
 (440,'US','FND_REGION_CODE','DESCRIPTION_ID','Zhe jiang sheng',NULL,1,'2012-06-19 00:00:00',1,'2012-06-19 00:00:00'),
 (440,'ZHS','FND_REGION_CODE','DESCRIPTION_ID','浙江省',NULL,1,'2012-06-19 00:00:00',1,'2012-06-19 00:00:00'),
 (441,'US','FND_REGION_CODE','DESCRIPTION_ID','Hang zhou',NULL,1,'2012-06-19 00:00:00',1,'2012-06-19 00:00:00'),
 (441,'ZHS','FND_REGION_CODE','DESCRIPTION_ID','杭州市',NULL,1,'2012-06-19 00:00:00',1,'2012-06-19 00:00:00'),
 (442,'US','FND_REGION_CODE','DESCRIPTION_ID','Ning bo',NULL,1,'2012-06-19 00:00:00',1,'2012-06-19 00:00:00'),
 (442,'ZHS','FND_REGION_CODE','DESCRIPTION_ID','宁波市',NULL,1,'2012-06-19 00:00:00',1,'2012-06-19 00:00:00'),
 (443,'US','FND_REGION_CODE','DESCRIPTION_ID','Wen zhou',NULL,1,'2012-06-19 00:00:00',1,'2012-06-19 00:00:00'),
 (443,'ZHS','FND_REGION_CODE','DESCRIPTION_ID','温州市',NULL,1,'2012-06-19 00:00:00',1,'2012-06-19 00:00:00'),
 (444,'US','FND_REGION_CODE','DESCRIPTION_ID','Jia xing',NULL,1,'2012-06-19 00:00:00',1,'2012-06-19 00:00:00'),
 (444,'ZHS','FND_REGION_CODE','DESCRIPTION_ID','嘉兴市',NULL,1,'2012-06-19 00:00:00',1,'2012-06-19 00:00:00'),
 (445,'US','FND_REGION_CODE','DESCRIPTION_ID','Hu zhou',NULL,1,'2012-06-19 00:00:00',1,'2012-06-19 00:00:00'),
 (445,'ZHS','FND_REGION_CODE','DESCRIPTION_ID','湖州市',NULL,1,'2012-06-19 00:00:00',1,'2012-06-19 00:00:00'),
 (446,'US','FND_REGION_CODE','DESCRIPTION_ID','Shao xing',NULL,1,'2012-06-19 00:00:00',1,'2012-06-19 00:00:00'),
 (446,'ZHS','FND_REGION_CODE','DESCRIPTION_ID','绍兴市',NULL,1,'2012-06-19 00:00:00',1,'2012-06-19 00:00:00'),
 (447,'US','FND_REGION_CODE','DESCRIPTION_ID','Jin hua',NULL,1,'2012-06-19 00:00:00',1,'2012-06-19 00:00:00'),
 (447,'ZHS','FND_REGION_CODE','DESCRIPTION_ID','金华市',NULL,1,'2012-06-19 00:00:00',1,'2012-06-19 00:00:00'),
 (448,'US','FND_REGION_CODE','DESCRIPTION_ID','Qu zhou',NULL,1,'2012-06-19 00:00:00',1,'2012-06-19 00:00:00'),
 (448,'ZHS','FND_REGION_CODE','DESCRIPTION_ID','衢州市',NULL,1,'2012-06-19 00:00:00',1,'2012-06-19 00:00:00'),
 (449,'US','FND_REGION_CODE','DESCRIPTION_ID','Zhou shan',NULL,1,'2012-06-19 00:00:00',1,'2012-06-19 00:00:00'),
 (449,'ZHS','FND_REGION_CODE','DESCRIPTION_ID','舟山市',NULL,1,'2012-06-19 00:00:00',1,'2012-06-19 00:00:00'),
 (450,'US','FND_REGION_CODE','DESCRIPTION_ID','Tai zhou',NULL,1,'2012-06-19 00:00:00',1,'2012-06-19 00:00:00'),
 (450,'ZHS','FND_REGION_CODE','DESCRIPTION_ID','台州市',NULL,1,'2012-06-19 00:00:00',1,'2012-06-19 00:00:00'),
 (451,'US','FND_REGION_CODE','DESCRIPTION_ID','Li shui',NULL,1,'2012-06-19 00:00:00',1,'2012-06-19 00:00:00'),
 (451,'ZHS','FND_REGION_CODE','DESCRIPTION_ID','丽水市',NULL,1,'2012-06-19 00:00:00',1,'2012-06-19 00:00:00'),
 (452,'US','FND_REGION_CODE','DESCRIPTION_ID','An hui sheng',NULL,1,'2012-06-19 00:00:00',1,'2012-06-19 00:00:00'),
 (452,'ZHS','FND_REGION_CODE','DESCRIPTION_ID','安徽省',NULL,1,'2012-06-19 00:00:00',1,'2012-06-19 00:00:00'),
 (453,'US','FND_REGION_CODE','DESCRIPTION_ID','He fei',NULL,1,'2012-06-19 00:00:00',1,'2012-06-19 00:00:00'),
 (453,'ZHS','FND_REGION_CODE','DESCRIPTION_ID','合肥市',NULL,1,'2012-06-19 00:00:00',1,'2012-06-19 00:00:00'),
 (454,'US','FND_REGION_CODE','DESCRIPTION_ID','Wu hu',NULL,1,'2012-06-19 00:00:00',1,'2012-06-19 00:00:00'),
 (454,'ZHS','FND_REGION_CODE','DESCRIPTION_ID','芜湖市',NULL,1,'2012-06-19 00:00:00',1,'2012-06-19 00:00:00'),
 (455,'US','FND_REGION_CODE','DESCRIPTION_ID','Beng bu',NULL,1,'2012-06-19 00:00:00',1,'2012-06-19 00:00:00'),
 (455,'ZHS','FND_REGION_CODE','DESCRIPTION_ID','蚌埠市',NULL,1,'2012-06-19 00:00:00',1,'2012-06-19 00:00:00'),
 (456,'US','FND_REGION_CODE','DESCRIPTION_ID','Huai nan',NULL,1,'2012-06-19 00:00:00',1,'2012-06-19 00:00:00'),
 (456,'ZHS','FND_REGION_CODE','DESCRIPTION_ID','淮南市',NULL,1,'2012-06-19 00:00:00',1,'2012-06-19 00:00:00'),
 (457,'US','FND_REGION_CODE','DESCRIPTION_ID','Ma an shan',NULL,1,'2012-06-19 00:00:00',1,'2012-06-19 00:00:00'),
 (457,'ZHS','FND_REGION_CODE','DESCRIPTION_ID','马鞍山市',NULL,1,'2012-06-19 00:00:00',1,'2012-06-19 00:00:00'),
 (458,'US','FND_REGION_CODE','DESCRIPTION_ID','Huai bei',NULL,1,'2012-06-19 00:00:00',1,'2012-06-19 00:00:00'),
 (458,'ZHS','FND_REGION_CODE','DESCRIPTION_ID','淮北市',NULL,1,'2012-06-19 00:00:00',1,'2012-06-19 00:00:00'),
 (459,'US','FND_REGION_CODE','DESCRIPTION_ID','Tong ling',NULL,1,'2012-06-19 00:00:00',1,'2012-06-19 00:00:00'),
 (459,'ZHS','FND_REGION_CODE','DESCRIPTION_ID','铜陵市',NULL,1,'2012-06-19 00:00:00',1,'2012-06-19 00:00:00'),
 (460,'US','FND_REGION_CODE','DESCRIPTION_ID','An qing',NULL,1,'2012-06-19 00:00:00',1,'2012-06-19 00:00:00'),
 (460,'ZHS','FND_REGION_CODE','DESCRIPTION_ID','安庆市',NULL,1,'2012-06-19 00:00:00',1,'2012-06-19 00:00:00'),
 (461,'US','FND_REGION_CODE','DESCRIPTION_ID','Huang shan',NULL,1,'2012-06-19 00:00:00',1,'2012-06-19 00:00:00'),
 (461,'ZHS','FND_REGION_CODE','DESCRIPTION_ID','黄山市',NULL,1,'2012-06-19 00:00:00',1,'2012-06-19 00:00:00'),
 (462,'US','FND_REGION_CODE','DESCRIPTION_ID','Chu zhou',NULL,1,'2012-06-19 00:00:00',1,'2012-06-19 00:00:00'),
 (462,'ZHS','FND_REGION_CODE','DESCRIPTION_ID','滁州市',NULL,1,'2012-06-19 00:00:00',1,'2012-06-19 00:00:00'),
 (463,'US','FND_REGION_CODE','DESCRIPTION_ID','Fu yang',NULL,1,'2012-06-19 00:00:00',1,'2012-06-19 00:00:00'),
 (463,'ZHS','FND_REGION_CODE','DESCRIPTION_ID','阜阳市',NULL,1,'2012-06-19 00:00:00',1,'2012-06-19 00:00:00'),
 (464,'US','FND_REGION_CODE','DESCRIPTION_ID','Su zhou',NULL,1,'2012-06-19 00:00:00',1,'2012-06-19 00:00:00'),
 (464,'ZHS','FND_REGION_CODE','DESCRIPTION_ID','宿州市',NULL,1,'2012-06-19 00:00:00',1,'2012-06-19 00:00:00'),
 (465,'US','FND_REGION_CODE','DESCRIPTION_ID','Chao hu',NULL,1,'2012-06-19 00:00:00',1,'2012-06-19 00:00:00'),
 (465,'ZHS','FND_REGION_CODE','DESCRIPTION_ID','巢湖市',NULL,1,'2012-06-19 00:00:00',1,'2012-06-19 00:00:00'),
 (466,'US','FND_REGION_CODE','DESCRIPTION_ID','Liu an',NULL,1,'2012-06-19 00:00:00',1,'2012-06-19 00:00:00'),
 (466,'ZHS','FND_REGION_CODE','DESCRIPTION_ID','六安市',NULL,1,'2012-06-19 00:00:00',1,'2012-06-19 00:00:00'),
 (467,'US','FND_REGION_CODE','DESCRIPTION_ID','Hao zhou',NULL,1,'2012-06-19 00:00:00',1,'2012-06-19 00:00:00'),
 (467,'ZHS','FND_REGION_CODE','DESCRIPTION_ID','亳州市',NULL,1,'2012-06-19 00:00:00',1,'2012-06-19 00:00:00'),
 (468,'US','FND_REGION_CODE','DESCRIPTION_ID','Chi zhou',NULL,1,'2012-06-19 00:00:00',1,'2012-06-19 00:00:00'),
 (468,'ZHS','FND_REGION_CODE','DESCRIPTION_ID','池州市',NULL,1,'2012-06-19 00:00:00',1,'2012-06-19 00:00:00'),
 (469,'US','FND_REGION_CODE','DESCRIPTION_ID','Xuan cheng',NULL,1,'2012-06-19 00:00:00',1,'2012-06-19 00:00:00'),
 (469,'ZHS','FND_REGION_CODE','DESCRIPTION_ID','宣城市',NULL,1,'2012-06-19 00:00:00',1,'2012-06-19 00:00:00'),
 (470,'US','FND_REGION_CODE','DESCRIPTION_ID','Fu jian sheng',NULL,1,'2012-06-19 00:00:00',1,'2012-06-19 00:00:00'),
 (470,'ZHS','FND_REGION_CODE','DESCRIPTION_ID','福建省',NULL,1,'2012-06-19 00:00:00',1,'2012-06-19 00:00:00'),
 (471,'US','FND_REGION_CODE','DESCRIPTION_ID','Fu zhou',NULL,1,'2012-06-19 00:00:00',1,'2012-06-19 00:00:00'),
 (471,'ZHS','FND_REGION_CODE','DESCRIPTION_ID','福州市',NULL,1,'2012-06-19 00:00:00',1,'2012-06-19 00:00:00'),
 (472,'US','FND_REGION_CODE','DESCRIPTION_ID','Xia men',NULL,1,'2012-06-19 00:00:00',1,'2012-06-19 00:00:00'),
 (472,'ZHS','FND_REGION_CODE','DESCRIPTION_ID','厦门市',NULL,1,'2012-06-19 00:00:00',1,'2012-06-19 00:00:00'),
 (473,'US','FND_REGION_CODE','DESCRIPTION_ID','Pu tian',NULL,1,'2012-06-19 00:00:00',1,'2012-06-19 00:00:00'),
 (473,'ZHS','FND_REGION_CODE','DESCRIPTION_ID','莆田市',NULL,1,'2012-06-19 00:00:00',1,'2012-06-19 00:00:00'),
 (474,'US','FND_REGION_CODE','DESCRIPTION_ID','San ming',NULL,1,'2012-06-19 00:00:00',1,'2012-06-19 00:00:00'),
 (474,'ZHS','FND_REGION_CODE','DESCRIPTION_ID','三明市',NULL,1,'2012-06-19 00:00:00',1,'2012-06-19 00:00:00'),
 (475,'US','FND_REGION_CODE','DESCRIPTION_ID','Quan zhou',NULL,1,'2012-06-19 00:00:00',1,'2012-06-19 00:00:00'),
 (475,'ZHS','FND_REGION_CODE','DESCRIPTION_ID','泉州市',NULL,1,'2012-06-19 00:00:00',1,'2012-06-19 00:00:00'),
 (476,'US','FND_REGION_CODE','DESCRIPTION_ID','Zhang zhou',NULL,1,'2012-06-19 00:00:00',1,'2012-06-19 00:00:00'),
 (476,'ZHS','FND_REGION_CODE','DESCRIPTION_ID','漳州市',NULL,1,'2012-06-19 00:00:00',1,'2012-06-19 00:00:00'),
 (477,'US','FND_REGION_CODE','DESCRIPTION_ID','Nan ping',NULL,1,'2012-06-19 00:00:00',1,'2012-06-19 00:00:00'),
 (477,'ZHS','FND_REGION_CODE','DESCRIPTION_ID','南平市',NULL,1,'2012-06-19 00:00:00',1,'2012-06-19 00:00:00'),
 (478,'US','FND_REGION_CODE','DESCRIPTION_ID','Long yan',NULL,1,'2012-06-19 00:00:00',1,'2012-06-19 00:00:00'),
 (478,'ZHS','FND_REGION_CODE','DESCRIPTION_ID','龙岩市',NULL,1,'2012-06-19 00:00:00',1,'2012-06-19 00:00:00'),
 (479,'US','FND_REGION_CODE','DESCRIPTION_ID','Ning de',NULL,1,'2012-06-19 00:00:00',1,'2012-06-19 00:00:00'),
 (479,'ZHS','FND_REGION_CODE','DESCRIPTION_ID','宁德市',NULL,1,'2012-06-19 00:00:00',1,'2012-06-19 00:00:00'),
 (480,'US','FND_REGION_CODE','DESCRIPTION_ID','Jiang xi sheng',NULL,1,'2012-06-19 00:00:00',1,'2012-06-19 00:00:00'),
 (480,'ZHS','FND_REGION_CODE','DESCRIPTION_ID','江西省',NULL,1,'2012-06-19 00:00:00',1,'2012-06-19 00:00:00'),
 (481,'US','FND_REGION_CODE','DESCRIPTION_ID','Nan chang',NULL,1,'2012-06-19 00:00:00',1,'2012-06-19 00:00:00'),
 (481,'ZHS','FND_REGION_CODE','DESCRIPTION_ID','南昌市',NULL,1,'2012-06-19 00:00:00',1,'2012-06-19 00:00:00'),
 (482,'US','FND_REGION_CODE','DESCRIPTION_ID','Jing de zhen',NULL,1,'2012-06-19 00:00:00',1,'2012-06-19 00:00:00'),
 (482,'ZHS','FND_REGION_CODE','DESCRIPTION_ID','景德镇市',NULL,1,'2012-06-19 00:00:00',1,'2012-06-19 00:00:00'),
 (483,'US','FND_REGION_CODE','DESCRIPTION_ID','Ping xiang',NULL,1,'2012-06-19 00:00:00',1,'2012-06-19 00:00:00'),
 (483,'ZHS','FND_REGION_CODE','DESCRIPTION_ID','萍乡市',NULL,1,'2012-06-19 00:00:00',1,'2012-06-19 00:00:00'),
 (484,'US','FND_REGION_CODE','DESCRIPTION_ID','Jiu jiang',NULL,1,'2012-06-19 00:00:00',1,'2012-06-19 00:00:00'),
 (484,'ZHS','FND_REGION_CODE','DESCRIPTION_ID','九江市',NULL,1,'2012-06-19 00:00:00',1,'2012-06-19 00:00:00'),
 (485,'US','FND_REGION_CODE','DESCRIPTION_ID','Xin yu',NULL,1,'2012-06-19 00:00:00',1,'2012-06-19 00:00:00'),
 (485,'ZHS','FND_REGION_CODE','DESCRIPTION_ID','新余市',NULL,1,'2012-06-19 00:00:00',1,'2012-06-19 00:00:00'),
 (486,'US','FND_REGION_CODE','DESCRIPTION_ID','Ying tan',NULL,1,'2012-06-19 00:00:00',1,'2012-06-19 00:00:00'),
 (486,'ZHS','FND_REGION_CODE','DESCRIPTION_ID','鹰潭市',NULL,1,'2012-06-19 00:00:00',1,'2012-06-19 00:00:00'),
 (487,'US','FND_REGION_CODE','DESCRIPTION_ID','Gan zhou',NULL,1,'2012-06-19 00:00:00',1,'2012-06-19 00:00:00'),
 (487,'ZHS','FND_REGION_CODE','DESCRIPTION_ID','赣州市',NULL,1,'2012-06-19 00:00:00',1,'2012-06-19 00:00:00'),
 (488,'US','FND_REGION_CODE','DESCRIPTION_ID','Ji an',NULL,1,'2012-06-19 00:00:00',1,'2012-06-19 00:00:00'),
 (488,'ZHS','FND_REGION_CODE','DESCRIPTION_ID','吉安市',NULL,1,'2012-06-19 00:00:00',1,'2012-06-19 00:00:00'),
 (489,'US','FND_REGION_CODE','DESCRIPTION_ID','Yi chun',NULL,1,'2012-06-19 00:00:00',1,'2012-06-19 00:00:00'),
 (489,'ZHS','FND_REGION_CODE','DESCRIPTION_ID','宜春市',NULL,1,'2012-06-19 00:00:00',1,'2012-06-19 00:00:00'),
 (490,'US','FND_REGION_CODE','DESCRIPTION_ID','Fu zhou',NULL,1,'2012-06-19 00:00:00',1,'2012-06-19 00:00:00'),
 (490,'ZHS','FND_REGION_CODE','DESCRIPTION_ID','抚州市',NULL,1,'2012-06-19 00:00:00',1,'2012-06-19 00:00:00'),
 (491,'US','FND_REGION_CODE','DESCRIPTION_ID','Shang rao',NULL,1,'2012-06-19 00:00:00',1,'2012-06-19 00:00:00'),
 (491,'ZHS','FND_REGION_CODE','DESCRIPTION_ID','上饶市',NULL,1,'2012-06-19 00:00:00',1,'2012-06-19 00:00:00'),
 (492,'US','FND_REGION_CODE','DESCRIPTION_ID','Shan dong sheng',NULL,1,'2012-06-19 00:00:00',1,'2012-06-19 00:00:00'),
 (492,'ZHS','FND_REGION_CODE','DESCRIPTION_ID','山东省',NULL,1,'2012-06-19 00:00:00',1,'2012-06-19 00:00:00'),
 (493,'US','FND_REGION_CODE','DESCRIPTION_ID','Ji nan',NULL,1,'2012-06-19 00:00:00',1,'2012-06-19 00:00:00'),
 (493,'ZHS','FND_REGION_CODE','DESCRIPTION_ID','济南市',NULL,1,'2012-06-19 00:00:00',1,'2012-06-19 00:00:00'),
 (494,'US','FND_REGION_CODE','DESCRIPTION_ID','Qing dao',NULL,1,'2012-06-19 00:00:00',1,'2012-06-19 00:00:00'),
 (494,'ZHS','FND_REGION_CODE','DESCRIPTION_ID','青岛市',NULL,1,'2012-06-19 00:00:00',1,'2012-06-19 00:00:00'),
 (495,'US','FND_REGION_CODE','DESCRIPTION_ID','Zi bo',NULL,1,'2012-06-19 00:00:00',1,'2012-06-19 00:00:00'),
 (495,'ZHS','FND_REGION_CODE','DESCRIPTION_ID','淄博市',NULL,1,'2012-06-19 00:00:00',1,'2012-06-19 00:00:00'),
 (496,'US','FND_REGION_CODE','DESCRIPTION_ID','Zao zhuang',NULL,1,'2012-06-19 00:00:00',1,'2012-06-19 00:00:00'),
 (496,'ZHS','FND_REGION_CODE','DESCRIPTION_ID','枣庄市',NULL,1,'2012-06-19 00:00:00',1,'2012-06-19 00:00:00'),
 (497,'US','FND_REGION_CODE','DESCRIPTION_ID','Dong ying',NULL,1,'2012-06-19 00:00:00',1,'2012-06-19 00:00:00'),
 (497,'ZHS','FND_REGION_CODE','DESCRIPTION_ID','东营市',NULL,1,'2012-06-19 00:00:00',1,'2012-06-19 00:00:00'),
 (498,'US','FND_REGION_CODE','DESCRIPTION_ID','Yan tai',NULL,1,'2012-06-19 00:00:00',1,'2012-06-19 00:00:00'),
 (498,'ZHS','FND_REGION_CODE','DESCRIPTION_ID','烟台市',NULL,1,'2012-06-19 00:00:00',1,'2012-06-19 00:00:00'),
 (499,'US','FND_REGION_CODE','DESCRIPTION_ID','Wei fang',NULL,1,'2012-06-19 00:00:00',1,'2012-06-19 00:00:00'),
 (499,'ZHS','FND_REGION_CODE','DESCRIPTION_ID','潍坊市',NULL,1,'2012-06-19 00:00:00',1,'2012-06-19 00:00:00'),
 (500,'US','FND_REGION_CODE','DESCRIPTION_ID','Ji ning',NULL,1,'2012-06-19 00:00:00',1,'2012-06-19 00:00:00'),
 (500,'ZHS','FND_REGION_CODE','DESCRIPTION_ID','济宁市',NULL,1,'2012-06-19 00:00:00',1,'2012-06-19 00:00:00'),
 (501,'US','FND_REGION_CODE','DESCRIPTION_ID','Tai an',NULL,1,'2012-06-19 00:00:00',1,'2012-06-19 00:00:00'),
 (501,'ZHS','FND_REGION_CODE','DESCRIPTION_ID','泰安市',NULL,1,'2012-06-19 00:00:00',1,'2012-06-19 00:00:00'),
 (502,'US','FND_REGION_CODE','DESCRIPTION_ID','Wei hai',NULL,1,'2012-06-19 00:00:00',1,'2012-06-19 00:00:00'),
 (502,'ZHS','FND_REGION_CODE','DESCRIPTION_ID','威海市',NULL,1,'2012-06-19 00:00:00',1,'2012-06-19 00:00:00'),
 (503,'US','FND_REGION_CODE','DESCRIPTION_ID','Ri zhao',NULL,1,'2012-06-19 00:00:00',1,'2012-06-19 00:00:00'),
 (503,'ZHS','FND_REGION_CODE','DESCRIPTION_ID','日照市',NULL,1,'2012-06-19 00:00:00',1,'2012-06-19 00:00:00'),
 (504,'US','FND_REGION_CODE','DESCRIPTION_ID','Lai wu',NULL,1,'2012-06-19 00:00:00',1,'2012-06-19 00:00:00'),
 (504,'ZHS','FND_REGION_CODE','DESCRIPTION_ID','莱芜市',NULL,1,'2012-06-19 00:00:00',1,'2012-06-19 00:00:00'),
 (505,'US','FND_REGION_CODE','DESCRIPTION_ID','Lin yi',NULL,1,'2012-06-19 00:00:00',1,'2012-06-19 00:00:00'),
 (505,'ZHS','FND_REGION_CODE','DESCRIPTION_ID','临沂市',NULL,1,'2012-06-19 00:00:00',1,'2012-06-19 00:00:00'),
 (506,'US','FND_REGION_CODE','DESCRIPTION_ID','De zhou',NULL,1,'2012-06-19 00:00:00',1,'2012-06-19 00:00:00'),
 (506,'ZHS','FND_REGION_CODE','DESCRIPTION_ID','德州市',NULL,1,'2012-06-19 00:00:00',1,'2012-06-19 00:00:00'),
 (507,'US','FND_REGION_CODE','DESCRIPTION_ID','Liao cheng',NULL,1,'2012-06-19 00:00:00',1,'2012-06-19 00:00:00'),
 (507,'ZHS','FND_REGION_CODE','DESCRIPTION_ID','聊城市',NULL,1,'2012-06-19 00:00:00',1,'2012-06-19 00:00:00'),
 (508,'US','FND_REGION_CODE','DESCRIPTION_ID','Bin zhou',NULL,1,'2012-06-19 00:00:00',1,'2012-06-19 00:00:00'),
 (508,'ZHS','FND_REGION_CODE','DESCRIPTION_ID','滨州市',NULL,1,'2012-06-19 00:00:00',1,'2012-06-19 00:00:00'),
 (509,'US','FND_REGION_CODE','DESCRIPTION_ID','He ze',NULL,1,'2012-06-19 00:00:00',1,'2012-06-19 00:00:00'),
 (509,'ZHS','FND_REGION_CODE','DESCRIPTION_ID','荷泽市',NULL,1,'2012-06-19 00:00:00',1,'2012-06-19 00:00:00'),
 (510,'US','FND_REGION_CODE','DESCRIPTION_ID','He nan sheng',NULL,1,'2012-06-19 00:00:00',1,'2012-06-19 00:00:00'),
 (510,'ZHS','FND_REGION_CODE','DESCRIPTION_ID','河南省',NULL,1,'2012-06-19 00:00:00',1,'2012-06-19 00:00:00'),
 (511,'US','FND_REGION_CODE','DESCRIPTION_ID','Zheng zhou',NULL,1,'2012-06-19 00:00:00',1,'2012-06-19 00:00:00'),
 (511,'ZHS','FND_REGION_CODE','DESCRIPTION_ID','郑州市',NULL,1,'2012-06-19 00:00:00',1,'2012-06-19 00:00:00'),
 (512,'US','FND_REGION_CODE','DESCRIPTION_ID','Kai feng',NULL,1,'2012-06-19 00:00:00',1,'2012-06-19 00:00:00'),
 (512,'ZHS','FND_REGION_CODE','DESCRIPTION_ID','开封市',NULL,1,'2012-06-19 00:00:00',1,'2012-06-19 00:00:00'),
 (513,'US','FND_REGION_CODE','DESCRIPTION_ID','Luo yang',NULL,1,'2012-06-19 00:00:00',1,'2012-06-19 00:00:00'),
 (513,'ZHS','FND_REGION_CODE','DESCRIPTION_ID','洛阳市',NULL,1,'2012-06-19 00:00:00',1,'2012-06-19 00:00:00'),
 (514,'US','FND_REGION_CODE','DESCRIPTION_ID','Ping ding shan',NULL,1,'2012-06-19 00:00:00',1,'2012-06-19 00:00:00'),
 (514,'ZHS','FND_REGION_CODE','DESCRIPTION_ID','平顶山市',NULL,1,'2012-06-19 00:00:00',1,'2012-06-19 00:00:00'),
 (515,'US','FND_REGION_CODE','DESCRIPTION_ID','An yang',NULL,1,'2012-06-19 00:00:00',1,'2012-06-19 00:00:00'),
 (515,'ZHS','FND_REGION_CODE','DESCRIPTION_ID','安阳市',NULL,1,'2012-06-19 00:00:00',1,'2012-06-19 00:00:00'),
 (516,'US','FND_REGION_CODE','DESCRIPTION_ID','He bi',NULL,1,'2012-06-19 00:00:00',1,'2012-06-19 00:00:00'),
 (516,'ZHS','FND_REGION_CODE','DESCRIPTION_ID','鹤壁市',NULL,1,'2012-06-19 00:00:00',1,'2012-06-19 00:00:00'),
 (517,'US','FND_REGION_CODE','DESCRIPTION_ID','Xin xiang',NULL,1,'2012-06-19 00:00:00',1,'2012-06-19 00:00:00'),
 (517,'ZHS','FND_REGION_CODE','DESCRIPTION_ID','新乡市',NULL,1,'2012-06-19 00:00:00',1,'2012-06-19 00:00:00'),
 (518,'US','FND_REGION_CODE','DESCRIPTION_ID','Jiao zuo',NULL,1,'2012-06-19 00:00:00',1,'2012-06-19 00:00:00'),
 (518,'ZHS','FND_REGION_CODE','DESCRIPTION_ID','焦作市',NULL,1,'2012-06-19 00:00:00',1,'2012-06-19 00:00:00'),
 (519,'US','FND_REGION_CODE','DESCRIPTION_ID','Pu yang',NULL,1,'2012-06-19 00:00:00',1,'2012-06-19 00:00:00'),
 (519,'ZHS','FND_REGION_CODE','DESCRIPTION_ID','濮阳市',NULL,1,'2012-06-19 00:00:00',1,'2012-06-19 00:00:00'),
 (520,'US','FND_REGION_CODE','DESCRIPTION_ID','Xu chang',NULL,1,'2012-06-19 00:00:00',1,'2012-06-19 00:00:00'),
 (520,'ZHS','FND_REGION_CODE','DESCRIPTION_ID','许昌市',NULL,1,'2012-06-19 00:00:00',1,'2012-06-19 00:00:00'),
 (521,'US','FND_REGION_CODE','DESCRIPTION_ID','Luo he',NULL,1,'2012-06-19 00:00:00',1,'2012-06-19 00:00:00'),
 (521,'ZHS','FND_REGION_CODE','DESCRIPTION_ID','漯河市',NULL,1,'2012-06-19 00:00:00',1,'2012-06-19 00:00:00'),
 (522,'US','FND_REGION_CODE','DESCRIPTION_ID','Shan men xia',NULL,1,'2012-06-19 00:00:00',1,'2012-06-19 00:00:00'),
 (522,'ZHS','FND_REGION_CODE','DESCRIPTION_ID','三门峡市',NULL,1,'2012-06-19 00:00:00',1,'2012-06-19 00:00:00'),
 (523,'US','FND_REGION_CODE','DESCRIPTION_ID','Nan yang',NULL,1,'2012-06-19 00:00:00',1,'2012-06-19 00:00:00'),
 (523,'ZHS','FND_REGION_CODE','DESCRIPTION_ID','南阳市',NULL,1,'2012-06-19 00:00:00',1,'2012-06-19 00:00:00'),
 (524,'US','FND_REGION_CODE','DESCRIPTION_ID','Shang qiu',NULL,1,'2012-06-19 00:00:00',1,'2012-06-19 00:00:00'),
 (524,'ZHS','FND_REGION_CODE','DESCRIPTION_ID','商丘市',NULL,1,'2012-06-19 00:00:00',1,'2012-06-19 00:00:00'),
 (525,'US','FND_REGION_CODE','DESCRIPTION_ID','Xin yang',NULL,1,'2012-06-19 00:00:00',1,'2012-06-19 00:00:00'),
 (525,'ZHS','FND_REGION_CODE','DESCRIPTION_ID','信阳市',NULL,1,'2012-06-19 00:00:00',1,'2012-06-19 00:00:00'),
 (526,'US','FND_REGION_CODE','DESCRIPTION_ID','Zhou kou',NULL,1,'2012-06-19 00:00:00',1,'2012-06-19 00:00:00'),
 (526,'ZHS','FND_REGION_CODE','DESCRIPTION_ID','周口市',NULL,1,'2012-06-19 00:00:00',1,'2012-06-19 00:00:00'),
 (527,'US','FND_REGION_CODE','DESCRIPTION_ID','Zhu ma dian',NULL,1,'2012-06-19 00:00:00',1,'2012-06-19 00:00:00'),
 (527,'ZHS','FND_REGION_CODE','DESCRIPTION_ID','驻马店市',NULL,1,'2012-06-19 00:00:00',1,'2012-06-19 00:00:00'),
 (528,'US','FND_REGION_CODE','DESCRIPTION_ID','Hu bei sheng',NULL,1,'2012-06-19 00:00:00',1,'2012-06-19 00:00:00'),
 (528,'ZHS','FND_REGION_CODE','DESCRIPTION_ID','湖北省',NULL,1,'2012-06-19 00:00:00',1,'2012-06-19 00:00:00'),
 (529,'US','FND_REGION_CODE','DESCRIPTION_ID','Wu han',NULL,1,'2012-06-19 00:00:00',1,'2012-06-19 00:00:00'),
 (529,'ZHS','FND_REGION_CODE','DESCRIPTION_ID','武汉市',NULL,1,'2012-06-19 00:00:00',1,'2012-06-19 00:00:00'),
 (530,'US','FND_REGION_CODE','DESCRIPTION_ID','Huang shi',NULL,1,'2012-06-19 00:00:00',1,'2012-06-19 00:00:00'),
 (530,'ZHS','FND_REGION_CODE','DESCRIPTION_ID','黄石市',NULL,1,'2012-06-19 00:00:00',1,'2012-06-19 00:00:00'),
 (531,'US','FND_REGION_CODE','DESCRIPTION_ID','Shi yan',NULL,1,'2012-06-19 00:00:00',1,'2012-06-19 00:00:00'),
 (531,'ZHS','FND_REGION_CODE','DESCRIPTION_ID','十堰市',NULL,1,'2012-06-19 00:00:00',1,'2012-06-19 00:00:00'),
 (532,'US','FND_REGION_CODE','DESCRIPTION_ID','Yi chang',NULL,1,'2012-06-19 00:00:00',1,'2012-06-19 00:00:00'),
 (532,'ZHS','FND_REGION_CODE','DESCRIPTION_ID','宜昌市',NULL,1,'2012-06-19 00:00:00',1,'2012-06-19 00:00:00'),
 (533,'US','FND_REGION_CODE','DESCRIPTION_ID','Xiang fan',NULL,1,'2012-06-19 00:00:00',1,'2012-06-19 00:00:00'),
 (533,'ZHS','FND_REGION_CODE','DESCRIPTION_ID','襄樊市',NULL,1,'2012-06-19 00:00:00',1,'2012-06-19 00:00:00'),
 (534,'US','FND_REGION_CODE','DESCRIPTION_ID','E zhou',NULL,1,'2012-06-19 00:00:00',1,'2012-06-19 00:00:00'),
 (534,'ZHS','FND_REGION_CODE','DESCRIPTION_ID','鄂州市',NULL,1,'2012-06-19 00:00:00',1,'2012-06-19 00:00:00'),
 (535,'US','FND_REGION_CODE','DESCRIPTION_ID','Jin men',NULL,1,'2012-06-19 00:00:00',1,'2012-06-19 00:00:00'),
 (535,'ZHS','FND_REGION_CODE','DESCRIPTION_ID','荆门市',NULL,1,'2012-06-19 00:00:00',1,'2012-06-19 00:00:00'),
 (536,'US','FND_REGION_CODE','DESCRIPTION_ID','Xiao gan',NULL,1,'2012-06-19 00:00:00',1,'2012-06-19 00:00:00'),
 (536,'ZHS','FND_REGION_CODE','DESCRIPTION_ID','孝感市',NULL,1,'2012-06-19 00:00:00',1,'2012-06-19 00:00:00'),
 (537,'US','FND_REGION_CODE','DESCRIPTION_ID','Jin zhou',NULL,1,'2012-06-19 00:00:00',1,'2012-06-19 00:00:00'),
 (537,'ZHS','FND_REGION_CODE','DESCRIPTION_ID','荆州市',NULL,1,'2012-06-19 00:00:00',1,'2012-06-19 00:00:00'),
 (538,'US','FND_REGION_CODE','DESCRIPTION_ID','Huang gang',NULL,1,'2012-06-19 00:00:00',1,'2012-06-19 00:00:00'),
 (538,'ZHS','FND_REGION_CODE','DESCRIPTION_ID','黄冈市',NULL,1,'2012-06-19 00:00:00',1,'2012-06-19 00:00:00'),
 (539,'US','FND_REGION_CODE','DESCRIPTION_ID','Xian ning',NULL,1,'2012-06-19 00:00:00',1,'2012-06-19 00:00:00'),
 (539,'ZHS','FND_REGION_CODE','DESCRIPTION_ID','咸宁市',NULL,1,'2012-06-19 00:00:00',1,'2012-06-19 00:00:00'),
 (540,'US','FND_REGION_CODE','DESCRIPTION_ID','Sui zhou',NULL,1,'2012-06-19 00:00:00',1,'2012-06-19 00:00:00'),
 (540,'ZHS','FND_REGION_CODE','DESCRIPTION_ID','随州市',NULL,1,'2012-06-19 00:00:00',1,'2012-06-19 00:00:00'),
 (541,'US','FND_REGION_CODE','DESCRIPTION_ID','En shi tu jia zu miao zu zi zhi zhou',NULL,1,'2012-06-19 00:00:00',1,'2012-06-19 00:00:00'),
 (541,'ZHS','FND_REGION_CODE','DESCRIPTION_ID','恩施土家族苗族自治州',NULL,1,'2012-06-19 00:00:00',1,'2012-06-19 00:00:00'),
 (542,'US','FND_REGION_CODE','DESCRIPTION_ID','Sheng zhi xia xing zheng dan wei',NULL,1,'2012-06-19 00:00:00',1,'2012-06-19 00:00:00'),
 (542,'ZHS','FND_REGION_CODE','DESCRIPTION_ID','省直辖行政单位',NULL,1,'2012-06-19 00:00:00',1,'2012-06-19 00:00:00'),
 (543,'US','FND_REGION_CODE','DESCRIPTION_ID','Hu nan sheng',NULL,1,'2012-06-19 00:00:00',1,'2012-06-19 00:00:00'),
 (543,'ZHS','FND_REGION_CODE','DESCRIPTION_ID','湖南省',NULL,1,'2012-06-19 00:00:00',1,'2012-06-19 00:00:00'),
 (544,'US','FND_REGION_CODE','DESCRIPTION_ID','Chang sha',NULL,1,'2012-06-19 00:00:00',1,'2012-06-19 00:00:00'),
 (544,'ZHS','FND_REGION_CODE','DESCRIPTION_ID','长沙市',NULL,1,'2012-06-19 00:00:00',1,'2012-06-19 00:00:00'),
 (545,'US','FND_REGION_CODE','DESCRIPTION_ID','Zhu zhou',NULL,1,'2012-06-19 00:00:00',1,'2012-06-19 00:00:00'),
 (545,'ZHS','FND_REGION_CODE','DESCRIPTION_ID','株洲市',NULL,1,'2012-06-19 00:00:00',1,'2012-06-19 00:00:00'),
 (546,'US','FND_REGION_CODE','DESCRIPTION_ID','Xiang tan',NULL,1,'2012-06-19 00:00:00',1,'2012-06-19 00:00:00'),
 (546,'ZHS','FND_REGION_CODE','DESCRIPTION_ID','湘潭市',NULL,1,'2012-06-19 00:00:00',1,'2012-06-19 00:00:00'),
 (547,'US','FND_REGION_CODE','DESCRIPTION_ID','Heng yang',NULL,1,'2012-06-19 00:00:00',1,'2012-06-19 00:00:00'),
 (547,'ZHS','FND_REGION_CODE','DESCRIPTION_ID','衡阳市',NULL,1,'2012-06-19 00:00:00',1,'2012-06-19 00:00:00');
INSERT INTO `fnd_descriptions` (`DESCRIPTION_ID`,`LANGUAGE`,`REF_TABLE`,`REF_FIELD`,`DESCRIPTION_TEXT`,`FUNCTION_NAME`,`CREATED_BY`,`CREATION_DATE`,`LAST_UPDATED_BY`,`LAST_UPDATE_DATE`) VALUES 
 (548,'US','FND_REGION_CODE','DESCRIPTION_ID','Shao yang',NULL,1,'2012-06-19 00:00:00',1,'2012-06-19 00:00:00'),
 (548,'ZHS','FND_REGION_CODE','DESCRIPTION_ID','邵阳市',NULL,1,'2012-06-19 00:00:00',1,'2012-06-19 00:00:00'),
 (549,'US','FND_REGION_CODE','DESCRIPTION_ID','Yue yang',NULL,1,'2012-06-19 00:00:00',1,'2012-06-19 00:00:00'),
 (549,'ZHS','FND_REGION_CODE','DESCRIPTION_ID','岳阳市',NULL,1,'2012-06-19 00:00:00',1,'2012-06-19 00:00:00'),
 (550,'US','FND_REGION_CODE','DESCRIPTION_ID','Chang de',NULL,1,'2012-06-19 00:00:00',1,'2012-06-19 00:00:00'),
 (550,'ZHS','FND_REGION_CODE','DESCRIPTION_ID','常德市',NULL,1,'2012-06-19 00:00:00',1,'2012-06-19 00:00:00'),
 (551,'US','FND_REGION_CODE','DESCRIPTION_ID','Zhang jia jie',NULL,1,'2012-06-19 00:00:00',1,'2012-06-19 00:00:00'),
 (551,'ZHS','FND_REGION_CODE','DESCRIPTION_ID','张家界市',NULL,1,'2012-06-19 00:00:00',1,'2012-06-19 00:00:00'),
 (552,'US','FND_REGION_CODE','DESCRIPTION_ID','Yi yang',NULL,1,'2012-06-19 00:00:00',1,'2012-06-19 00:00:00'),
 (552,'ZHS','FND_REGION_CODE','DESCRIPTION_ID','益阳市',NULL,1,'2012-06-19 00:00:00',1,'2012-06-19 00:00:00'),
 (553,'US','FND_REGION_CODE','DESCRIPTION_ID','Chen zhou',NULL,1,'2012-06-19 00:00:00',1,'2012-06-19 00:00:00'),
 (553,'ZHS','FND_REGION_CODE','DESCRIPTION_ID','郴州市',NULL,1,'2012-06-19 00:00:00',1,'2012-06-19 00:00:00'),
 (554,'US','FND_REGION_CODE','DESCRIPTION_ID','Yong zhou',NULL,1,'2012-06-19 00:00:00',1,'2012-06-19 00:00:00'),
 (554,'ZHS','FND_REGION_CODE','DESCRIPTION_ID','永州市',NULL,1,'2012-06-19 00:00:00',1,'2012-06-19 00:00:00'),
 (555,'US','FND_REGION_CODE','DESCRIPTION_ID','Huai hua',NULL,1,'2012-06-19 00:00:00',1,'2012-06-19 00:00:00'),
 (555,'ZHS','FND_REGION_CODE','DESCRIPTION_ID','怀化市',NULL,1,'2012-06-19 00:00:00',1,'2012-06-19 00:00:00'),
 (556,'US','FND_REGION_CODE','DESCRIPTION_ID','Lou di',NULL,1,'2012-06-19 00:00:00',1,'2012-06-19 00:00:00'),
 (556,'ZHS','FND_REGION_CODE','DESCRIPTION_ID','娄底市',NULL,1,'2012-06-19 00:00:00',1,'2012-06-19 00:00:00'),
 (557,'US','FND_REGION_CODE','DESCRIPTION_ID','Xiang xi tu jia zu miao zu zi zhi zhou',NULL,1,'2012-06-19 00:00:00',1,'2012-06-19 00:00:00'),
 (557,'ZHS','FND_REGION_CODE','DESCRIPTION_ID','湘西土家族苗族自治州',NULL,1,'2012-06-19 00:00:00',1,'2012-06-19 00:00:00'),
 (558,'US','FND_REGION_CODE','DESCRIPTION_ID','Guang dong sheng',NULL,1,'2012-06-19 00:00:00',1,'2012-06-19 00:00:00'),
 (558,'ZHS','FND_REGION_CODE','DESCRIPTION_ID','广东省',NULL,1,'2012-06-19 00:00:00',1,'2012-06-19 00:00:00'),
 (559,'US','FND_REGION_CODE','DESCRIPTION_ID','Guang zhou',NULL,1,'2012-06-19 00:00:00',1,'2012-06-19 00:00:00'),
 (559,'ZHS','FND_REGION_CODE','DESCRIPTION_ID','广州市',NULL,1,'2012-06-19 00:00:00',1,'2012-06-19 00:00:00'),
 (560,'US','FND_REGION_CODE','DESCRIPTION_ID','Shao guan',NULL,1,'2012-06-19 00:00:00',1,'2012-06-19 00:00:00'),
 (560,'ZHS','FND_REGION_CODE','DESCRIPTION_ID','韶关市',NULL,1,'2012-06-19 00:00:00',1,'2012-06-19 00:00:00'),
 (561,'US','FND_REGION_CODE','DESCRIPTION_ID','Shen zhen',NULL,1,'2012-06-19 00:00:00',1,'2012-06-19 00:00:00'),
 (561,'ZHS','FND_REGION_CODE','DESCRIPTION_ID','深圳市',NULL,1,'2012-06-19 00:00:00',1,'2012-06-19 00:00:00'),
 (562,'US','FND_REGION_CODE','DESCRIPTION_ID','Zhu hai',NULL,1,'2012-06-19 00:00:00',1,'2012-06-19 00:00:00'),
 (562,'ZHS','FND_REGION_CODE','DESCRIPTION_ID','珠海市',NULL,1,'2012-06-19 00:00:00',1,'2012-06-19 00:00:00'),
 (563,'US','FND_REGION_CODE','DESCRIPTION_ID','Shan tou',NULL,1,'2012-06-19 00:00:00',1,'2012-06-19 00:00:00'),
 (563,'ZHS','FND_REGION_CODE','DESCRIPTION_ID','汕头市',NULL,1,'2012-06-19 00:00:00',1,'2012-06-19 00:00:00'),
 (564,'US','FND_REGION_CODE','DESCRIPTION_ID','Fo shan',NULL,1,'2012-06-19 00:00:00',1,'2012-06-19 00:00:00'),
 (564,'ZHS','FND_REGION_CODE','DESCRIPTION_ID','佛山市',NULL,1,'2012-06-19 00:00:00',1,'2012-06-19 00:00:00'),
 (565,'US','FND_REGION_CODE','DESCRIPTION_ID','Jiang men',NULL,1,'2012-06-19 00:00:00',1,'2012-06-19 00:00:00'),
 (565,'ZHS','FND_REGION_CODE','DESCRIPTION_ID','江门市',NULL,1,'2012-06-19 00:00:00',1,'2012-06-19 00:00:00'),
 (566,'US','FND_REGION_CODE','DESCRIPTION_ID','Zhan jiang',NULL,1,'2012-06-19 00:00:00',1,'2012-06-19 00:00:00'),
 (566,'ZHS','FND_REGION_CODE','DESCRIPTION_ID','湛江市',NULL,1,'2012-06-19 00:00:00',1,'2012-06-19 00:00:00'),
 (567,'US','FND_REGION_CODE','DESCRIPTION_ID','Mao ming',NULL,1,'2012-06-19 00:00:00',1,'2012-06-19 00:00:00'),
 (567,'ZHS','FND_REGION_CODE','DESCRIPTION_ID','茂名市',NULL,1,'2012-06-19 00:00:00',1,'2012-06-19 00:00:00'),
 (568,'US','FND_REGION_CODE','DESCRIPTION_ID','Zhao qing',NULL,1,'2012-06-19 00:00:00',1,'2012-06-19 00:00:00'),
 (568,'ZHS','FND_REGION_CODE','DESCRIPTION_ID','肇庆市',NULL,1,'2012-06-19 00:00:00',1,'2012-06-19 00:00:00'),
 (569,'US','FND_REGION_CODE','DESCRIPTION_ID','Hui zhou',NULL,1,'2012-06-19 00:00:00',1,'2012-06-19 00:00:00'),
 (569,'ZHS','FND_REGION_CODE','DESCRIPTION_ID','惠州市',NULL,1,'2012-06-19 00:00:00',1,'2012-06-19 00:00:00'),
 (570,'US','FND_REGION_CODE','DESCRIPTION_ID','Mei zhou',NULL,1,'2012-06-19 00:00:00',1,'2012-06-19 00:00:00'),
 (570,'ZHS','FND_REGION_CODE','DESCRIPTION_ID','梅州市',NULL,1,'2012-06-19 00:00:00',1,'2012-06-19 00:00:00'),
 (571,'US','FND_REGION_CODE','DESCRIPTION_ID','Shan wei',NULL,1,'2012-06-19 00:00:00',1,'2012-06-19 00:00:00'),
 (571,'ZHS','FND_REGION_CODE','DESCRIPTION_ID','汕尾市',NULL,1,'2012-06-19 00:00:00',1,'2012-06-19 00:00:00'),
 (572,'US','FND_REGION_CODE','DESCRIPTION_ID','He yuan',NULL,1,'2012-06-19 00:00:00',1,'2012-06-19 00:00:00'),
 (572,'ZHS','FND_REGION_CODE','DESCRIPTION_ID','河源市',NULL,1,'2012-06-19 00:00:00',1,'2012-06-19 00:00:00'),
 (573,'US','FND_REGION_CODE','DESCRIPTION_ID','Yang jiang',NULL,1,'2012-06-19 00:00:00',1,'2012-06-19 00:00:00'),
 (573,'ZHS','FND_REGION_CODE','DESCRIPTION_ID','阳江市',NULL,1,'2012-06-19 00:00:00',1,'2012-06-19 00:00:00'),
 (574,'US','FND_REGION_CODE','DESCRIPTION_ID','Qing yuan',NULL,1,'2012-06-19 00:00:00',1,'2012-06-19 00:00:00'),
 (574,'ZHS','FND_REGION_CODE','DESCRIPTION_ID','清远市',NULL,1,'2012-06-19 00:00:00',1,'2012-06-19 00:00:00'),
 (575,'US','FND_REGION_CODE','DESCRIPTION_ID','Dong guan',NULL,1,'2012-06-19 00:00:00',1,'2012-06-19 00:00:00'),
 (575,'ZHS','FND_REGION_CODE','DESCRIPTION_ID','东莞市',NULL,1,'2012-06-19 00:00:00',1,'2012-06-19 00:00:00'),
 (576,'US','FND_REGION_CODE','DESCRIPTION_ID','Zhong shan',NULL,1,'2012-06-19 00:00:00',1,'2012-06-19 00:00:00'),
 (576,'ZHS','FND_REGION_CODE','DESCRIPTION_ID','中山市',NULL,1,'2012-06-19 00:00:00',1,'2012-06-19 00:00:00'),
 (577,'US','FND_REGION_CODE','DESCRIPTION_ID','Chao zhou',NULL,1,'2012-06-19 00:00:00',1,'2012-06-19 00:00:00'),
 (577,'ZHS','FND_REGION_CODE','DESCRIPTION_ID','潮州市',NULL,1,'2012-06-19 00:00:00',1,'2012-06-19 00:00:00'),
 (578,'US','FND_REGION_CODE','DESCRIPTION_ID','Jie yang',NULL,1,'2012-06-19 00:00:00',1,'2012-06-19 00:00:00'),
 (578,'ZHS','FND_REGION_CODE','DESCRIPTION_ID','揭阳市',NULL,1,'2012-06-19 00:00:00',1,'2012-06-19 00:00:00'),
 (579,'US','FND_REGION_CODE','DESCRIPTION_ID','Yun fu',NULL,1,'2012-06-19 00:00:00',1,'2012-06-19 00:00:00'),
 (579,'ZHS','FND_REGION_CODE','DESCRIPTION_ID','云浮市',NULL,1,'2012-06-19 00:00:00',1,'2012-06-19 00:00:00'),
 (580,'US','FND_REGION_CODE','DESCRIPTION_ID','Guang xi zhuang zu zi zhi qu',NULL,1,'2012-06-19 00:00:00',1,'2012-06-19 00:00:00'),
 (580,'ZHS','FND_REGION_CODE','DESCRIPTION_ID','广西壮族自治区',NULL,1,'2012-06-19 00:00:00',1,'2012-06-19 00:00:00'),
 (581,'US','FND_REGION_CODE','DESCRIPTION_ID','Nan ning',NULL,1,'2012-06-19 00:00:00',1,'2012-06-19 00:00:00'),
 (581,'ZHS','FND_REGION_CODE','DESCRIPTION_ID','南宁市',NULL,1,'2012-06-19 00:00:00',1,'2012-06-19 00:00:00'),
 (582,'US','FND_REGION_CODE','DESCRIPTION_ID','Liu zhou',NULL,1,'2012-06-19 00:00:00',1,'2012-06-19 00:00:00'),
 (582,'ZHS','FND_REGION_CODE','DESCRIPTION_ID','柳州市',NULL,1,'2012-06-19 00:00:00',1,'2012-06-19 00:00:00'),
 (583,'US','FND_REGION_CODE','DESCRIPTION_ID','Gui lin',NULL,1,'2012-06-19 00:00:00',1,'2012-06-19 00:00:00'),
 (583,'ZHS','FND_REGION_CODE','DESCRIPTION_ID','桂林市',NULL,1,'2012-06-19 00:00:00',1,'2012-06-19 00:00:00'),
 (584,'US','FND_REGION_CODE','DESCRIPTION_ID','Wu zhou',NULL,1,'2012-06-19 00:00:00',1,'2012-06-19 00:00:00'),
 (584,'ZHS','FND_REGION_CODE','DESCRIPTION_ID','梧州市',NULL,1,'2012-06-19 00:00:00',1,'2012-06-19 00:00:00'),
 (585,'US','FND_REGION_CODE','DESCRIPTION_ID','Bei hai',NULL,1,'2012-06-19 00:00:00',1,'2012-06-19 00:00:00'),
 (585,'ZHS','FND_REGION_CODE','DESCRIPTION_ID','北海市',NULL,1,'2012-06-19 00:00:00',1,'2012-06-19 00:00:00'),
 (586,'US','FND_REGION_CODE','DESCRIPTION_ID','Fang cheng gang',NULL,1,'2012-06-19 00:00:00',1,'2012-06-19 00:00:00'),
 (586,'ZHS','FND_REGION_CODE','DESCRIPTION_ID','防城港市',NULL,1,'2012-06-19 00:00:00',1,'2012-06-19 00:00:00'),
 (587,'US','FND_REGION_CODE','DESCRIPTION_ID','Qin zhou',NULL,1,'2012-06-19 00:00:00',1,'2012-06-19 00:00:00'),
 (587,'ZHS','FND_REGION_CODE','DESCRIPTION_ID','钦州市',NULL,1,'2012-06-19 00:00:00',1,'2012-06-19 00:00:00'),
 (588,'US','FND_REGION_CODE','DESCRIPTION_ID','Gui gang',NULL,1,'2012-06-19 00:00:00',1,'2012-06-19 00:00:00'),
 (588,'ZHS','FND_REGION_CODE','DESCRIPTION_ID','贵港市',NULL,1,'2012-06-19 00:00:00',1,'2012-06-19 00:00:00'),
 (589,'US','FND_REGION_CODE','DESCRIPTION_ID','Yun lin',NULL,1,'2012-06-19 00:00:00',1,'2012-06-19 00:00:00'),
 (589,'ZHS','FND_REGION_CODE','DESCRIPTION_ID','玉林市',NULL,1,'2012-06-19 00:00:00',1,'2012-06-19 00:00:00'),
 (590,'US','FND_REGION_CODE','DESCRIPTION_ID','Bai se',NULL,1,'2012-06-19 00:00:00',1,'2012-06-19 00:00:00'),
 (590,'ZHS','FND_REGION_CODE','DESCRIPTION_ID','百色市',NULL,1,'2012-06-19 00:00:00',1,'2012-06-19 00:00:00'),
 (591,'US','FND_REGION_CODE','DESCRIPTION_ID','He zhou',NULL,1,'2012-06-19 00:00:00',1,'2012-06-19 00:00:00'),
 (591,'ZHS','FND_REGION_CODE','DESCRIPTION_ID','贺州市',NULL,1,'2012-06-19 00:00:00',1,'2012-06-19 00:00:00'),
 (592,'US','FND_REGION_CODE','DESCRIPTION_ID','He chi',NULL,1,'2012-06-19 00:00:00',1,'2012-06-19 00:00:00'),
 (592,'ZHS','FND_REGION_CODE','DESCRIPTION_ID','河池市',NULL,1,'2012-06-19 00:00:00',1,'2012-06-19 00:00:00'),
 (593,'US','FND_REGION_CODE','DESCRIPTION_ID','Nan ning di qu',NULL,1,'2012-06-19 00:00:00',1,'2012-06-19 00:00:00'),
 (593,'ZHS','FND_REGION_CODE','DESCRIPTION_ID','南宁地区',NULL,1,'2012-06-19 00:00:00',1,'2012-06-19 00:00:00'),
 (594,'US','FND_REGION_CODE','DESCRIPTION_ID','Liu zhou di qu',NULL,1,'2012-06-19 00:00:00',1,'2012-06-19 00:00:00'),
 (594,'ZHS','FND_REGION_CODE','DESCRIPTION_ID','柳州地区',NULL,1,'2012-06-19 00:00:00',1,'2012-06-19 00:00:00'),
 (595,'US','FND_REGION_CODE','DESCRIPTION_ID','Hai nan sheng',NULL,1,'2012-06-19 00:00:00',1,'2012-06-19 00:00:00'),
 (595,'ZHS','FND_REGION_CODE','DESCRIPTION_ID','海南省',NULL,1,'2012-06-19 00:00:00',1,'2012-06-19 00:00:00'),
 (596,'US','FND_REGION_CODE','DESCRIPTION_ID','Hai kou',NULL,1,'2012-06-19 00:00:00',1,'2012-06-19 00:00:00'),
 (596,'ZHS','FND_REGION_CODE','DESCRIPTION_ID','海口市',NULL,1,'2012-06-19 00:00:00',1,'2012-06-19 00:00:00'),
 (597,'US','FND_REGION_CODE','DESCRIPTION_ID','San ya',NULL,1,'2012-06-19 00:00:00',1,'2012-06-19 00:00:00'),
 (597,'ZHS','FND_REGION_CODE','DESCRIPTION_ID','三亚市',NULL,1,'2012-06-19 00:00:00',1,'2012-06-19 00:00:00'),
 (598,'US','FND_REGION_CODE','DESCRIPTION_ID','Chong qin',NULL,1,'2012-06-19 00:00:00',1,'2012-06-19 00:00:00'),
 (598,'ZHS','FND_REGION_CODE','DESCRIPTION_ID','重庆市',NULL,1,'2012-06-19 00:00:00',1,'2012-06-19 00:00:00'),
 (599,'US','FND_REGION_CODE','DESCRIPTION_ID','Shi xia qu',NULL,1,'2012-06-19 00:00:00',1,'2012-06-19 00:00:00'),
 (599,'ZHS','FND_REGION_CODE','DESCRIPTION_ID','市辖区',NULL,1,'2012-06-19 00:00:00',1,'2012-06-19 00:00:00'),
 (600,'US','FND_REGION_CODE','DESCRIPTION_ID','县',NULL,1,'2012-06-19 00:00:00',1,'2012-06-19 00:00:00'),
 (600,'ZHS','FND_REGION_CODE','DESCRIPTION_ID','County',NULL,1,'2012-06-19 00:00:00',1,'2012-06-19 00:00:00'),
 (601,'US','FND_REGION_CODE','DESCRIPTION_ID','City',NULL,1,'2012-06-19 00:00:00',1,'2012-06-19 00:00:00'),
 (601,'ZHS','FND_REGION_CODE','DESCRIPTION_ID','市',NULL,1,'2012-06-19 00:00:00',1,'2012-06-19 00:00:00'),
 (602,'US','FND_REGION_CODE','DESCRIPTION_ID','Si chuan Sheng',NULL,1,'2012-06-19 00:00:00',1,'2012-06-19 00:00:00'),
 (602,'ZHS','FND_REGION_CODE','DESCRIPTION_ID','四川省',NULL,1,'2012-06-19 00:00:00',1,'2012-06-19 00:00:00'),
 (603,'US','FND_REGION_CODE','DESCRIPTION_ID','Cheng du',NULL,1,'2012-06-19 00:00:00',1,'2012-06-19 00:00:00'),
 (603,'ZHS','FND_REGION_CODE','DESCRIPTION_ID','成都市',NULL,1,'2012-06-19 00:00:00',1,'2012-06-19 00:00:00'),
 (604,'US','FND_REGION_CODE','DESCRIPTION_ID','Zi gong',NULL,1,'2012-06-19 00:00:00',1,'2012-06-19 00:00:00'),
 (604,'ZHS','FND_REGION_CODE','DESCRIPTION_ID','自贡市',NULL,1,'2012-06-19 00:00:00',1,'2012-06-19 00:00:00'),
 (605,'US','FND_REGION_CODE','DESCRIPTION_ID','Pan zhi hua',NULL,1,'2012-06-19 00:00:00',1,'2012-06-19 00:00:00'),
 (605,'ZHS','FND_REGION_CODE','DESCRIPTION_ID','攀枝花市',NULL,1,'2012-06-19 00:00:00',1,'2012-06-19 00:00:00'),
 (606,'US','FND_REGION_CODE','DESCRIPTION_ID','Lu zhou',NULL,1,'2012-06-19 00:00:00',1,'2012-06-19 00:00:00'),
 (606,'ZHS','FND_REGION_CODE','DESCRIPTION_ID','泸州市',NULL,1,'2012-06-19 00:00:00',1,'2012-06-19 00:00:00'),
 (607,'US','FND_REGION_CODE','DESCRIPTION_ID','De yang',NULL,1,'2012-06-19 00:00:00',1,'2012-06-19 00:00:00'),
 (607,'ZHS','FND_REGION_CODE','DESCRIPTION_ID','德阳市',NULL,1,'2012-06-19 00:00:00',1,'2012-06-19 00:00:00'),
 (608,'US','FND_REGION_CODE','DESCRIPTION_ID','Mian yang',NULL,1,'2012-06-19 00:00:00',1,'2012-06-19 00:00:00'),
 (608,'ZHS','FND_REGION_CODE','DESCRIPTION_ID','绵阳市',NULL,1,'2012-06-19 00:00:00',1,'2012-06-19 00:00:00'),
 (609,'US','FND_REGION_CODE','DESCRIPTION_ID','Guang yan',NULL,1,'2012-06-19 00:00:00',1,'2012-06-19 00:00:00'),
 (609,'ZHS','FND_REGION_CODE','DESCRIPTION_ID','广元市',NULL,1,'2012-06-19 00:00:00',1,'2012-06-19 00:00:00'),
 (610,'US','FND_REGION_CODE','DESCRIPTION_ID','Sui ning',NULL,1,'2012-06-19 00:00:00',1,'2012-06-19 00:00:00'),
 (610,'ZHS','FND_REGION_CODE','DESCRIPTION_ID','遂宁市',NULL,1,'2012-06-19 00:00:00',1,'2012-06-19 00:00:00'),
 (611,'US','FND_REGION_CODE','DESCRIPTION_ID','Nei jiang',NULL,1,'2012-06-19 00:00:00',1,'2012-06-19 00:00:00'),
 (611,'ZHS','FND_REGION_CODE','DESCRIPTION_ID','内江市',NULL,1,'2012-06-19 00:00:00',1,'2012-06-19 00:00:00'),
 (612,'US','FND_REGION_CODE','DESCRIPTION_ID','Le shan',NULL,1,'2012-06-19 00:00:00',1,'2012-06-19 00:00:00'),
 (612,'ZHS','FND_REGION_CODE','DESCRIPTION_ID','乐山市',NULL,1,'2012-06-19 00:00:00',1,'2012-06-19 00:00:00'),
 (613,'US','FND_REGION_CODE','DESCRIPTION_ID','Nan chong',NULL,1,'2012-06-19 00:00:00',1,'2012-06-19 00:00:00'),
 (613,'ZHS','FND_REGION_CODE','DESCRIPTION_ID','南充市',NULL,1,'2012-06-19 00:00:00',1,'2012-06-19 00:00:00'),
 (614,'US','FND_REGION_CODE','DESCRIPTION_ID','Mei shan',NULL,1,'2012-06-19 00:00:00',1,'2012-06-19 00:00:00'),
 (614,'ZHS','FND_REGION_CODE','DESCRIPTION_ID','眉山市',NULL,1,'2012-06-19 00:00:00',1,'2012-06-19 00:00:00'),
 (615,'US','FND_REGION_CODE','DESCRIPTION_ID','Yi bin',NULL,1,'2012-06-19 00:00:00',1,'2012-06-19 00:00:00'),
 (615,'ZHS','FND_REGION_CODE','DESCRIPTION_ID','宜宾市',NULL,1,'2012-06-19 00:00:00',1,'2012-06-19 00:00:00'),
 (616,'US','FND_REGION_CODE','DESCRIPTION_ID','Guang an',NULL,1,'2012-06-19 00:00:00',1,'2012-06-19 00:00:00'),
 (616,'ZHS','FND_REGION_CODE','DESCRIPTION_ID','广安市',NULL,1,'2012-06-19 00:00:00',1,'2012-06-19 00:00:00'),
 (617,'US','FND_REGION_CODE','DESCRIPTION_ID','Da zhou',NULL,1,'2012-06-19 00:00:00',1,'2012-06-19 00:00:00'),
 (617,'ZHS','FND_REGION_CODE','DESCRIPTION_ID','达州市',NULL,1,'2012-06-19 00:00:00',1,'2012-06-19 00:00:00'),
 (618,'US','FND_REGION_CODE','DESCRIPTION_ID','Ya an',NULL,1,'2012-06-19 00:00:00',1,'2012-06-19 00:00:00'),
 (618,'ZHS','FND_REGION_CODE','DESCRIPTION_ID','雅安市',NULL,1,'2012-06-19 00:00:00',1,'2012-06-19 00:00:00'),
 (619,'US','FND_REGION_CODE','DESCRIPTION_ID','Ba zhong',NULL,1,'2012-06-19 00:00:00',1,'2012-06-19 00:00:00'),
 (619,'ZHS','FND_REGION_CODE','DESCRIPTION_ID','巴中市',NULL,1,'2012-06-19 00:00:00',1,'2012-06-19 00:00:00'),
 (620,'US','FND_REGION_CODE','DESCRIPTION_ID','Zi yang',NULL,1,'2012-06-19 00:00:00',1,'2012-06-19 00:00:00'),
 (620,'ZHS','FND_REGION_CODE','DESCRIPTION_ID','资阳市',NULL,1,'2012-06-19 00:00:00',1,'2012-06-19 00:00:00'),
 (621,'US','FND_REGION_CODE','DESCRIPTION_ID','A ba zang zu qiang zu zi zhi zhou',NULL,1,'2012-06-19 00:00:00',1,'2012-06-19 00:00:00'),
 (621,'ZHS','FND_REGION_CODE','DESCRIPTION_ID','阿坝藏族羌族自治州',NULL,1,'2012-06-19 00:00:00',1,'2012-06-19 00:00:00'),
 (622,'US','FND_REGION_CODE','DESCRIPTION_ID','Gan zi zang zu zi zhi zhou',NULL,1,'2012-06-19 00:00:00',1,'2012-06-19 00:00:00'),
 (622,'ZHS','FND_REGION_CODE','DESCRIPTION_ID','甘孜藏族自治州',NULL,1,'2012-06-19 00:00:00',1,'2012-06-19 00:00:00'),
 (623,'US','FND_REGION_CODE','DESCRIPTION_ID','Liang shan yi zu zi zhi zhou',NULL,1,'2012-06-19 00:00:00',1,'2012-06-19 00:00:00'),
 (623,'ZHS','FND_REGION_CODE','DESCRIPTION_ID','凉山彝族自治州',NULL,1,'2012-06-19 00:00:00',1,'2012-06-19 00:00:00'),
 (624,'US','FND_REGION_CODE','DESCRIPTION_ID','Gui zhou sheng',NULL,1,'2012-06-19 00:00:00',1,'2012-06-19 00:00:00'),
 (624,'ZHS','FND_REGION_CODE','DESCRIPTION_ID','贵州省',NULL,1,'2012-06-19 00:00:00',1,'2012-06-19 00:00:00'),
 (625,'US','FND_REGION_CODE','DESCRIPTION_ID','Gui yang',NULL,1,'2012-06-19 00:00:00',1,'2012-06-19 00:00:00'),
 (625,'ZHS','FND_REGION_CODE','DESCRIPTION_ID','贵阳市',NULL,1,'2012-06-19 00:00:00',1,'2012-06-19 00:00:00'),
 (626,'US','FND_REGION_CODE','DESCRIPTION_ID','Liu pan shui',NULL,1,'2012-06-19 00:00:00',1,'2012-06-19 00:00:00'),
 (626,'ZHS','FND_REGION_CODE','DESCRIPTION_ID','六盘水市',NULL,1,'2012-06-19 00:00:00',1,'2012-06-19 00:00:00'),
 (627,'US','FND_REGION_CODE','DESCRIPTION_ID','Zun yi',NULL,1,'2012-06-19 00:00:00',1,'2012-06-19 00:00:00'),
 (627,'ZHS','FND_REGION_CODE','DESCRIPTION_ID','遵义市',NULL,1,'2012-06-19 00:00:00',1,'2012-06-19 00:00:00'),
 (628,'US','FND_REGION_CODE','DESCRIPTION_ID','An shun',NULL,1,'2012-06-19 00:00:00',1,'2012-06-19 00:00:00'),
 (628,'ZHS','FND_REGION_CODE','DESCRIPTION_ID','安顺市',NULL,1,'2012-06-19 00:00:00',1,'2012-06-19 00:00:00'),
 (629,'US','FND_REGION_CODE','DESCRIPTION_ID','Tong ren',NULL,1,'2012-06-19 00:00:00',1,'2012-06-19 00:00:00'),
 (629,'ZHS','FND_REGION_CODE','DESCRIPTION_ID','铜仁市',NULL,1,'2012-06-19 00:00:00',1,'2012-06-19 00:00:00'),
 (630,'US','FND_REGION_CODE','DESCRIPTION_ID','Qian xi nan bu yi zu miao zu zi zhi zhou',NULL,1,'2012-06-19 00:00:00',1,'2012-06-19 00:00:00'),
 (630,'ZHS','FND_REGION_CODE','DESCRIPTION_ID','黔西南布依族苗族自治州',NULL,1,'2012-06-19 00:00:00',1,'2012-06-19 00:00:00'),
 (631,'US','FND_REGION_CODE','DESCRIPTION_ID','Bi jie di qu',NULL,1,'2012-06-19 00:00:00',1,'2012-06-19 00:00:00'),
 (631,'ZHS','FND_REGION_CODE','DESCRIPTION_ID','毕节地区',NULL,1,'2012-06-19 00:00:00',1,'2012-06-19 00:00:00'),
 (632,'US','FND_REGION_CODE','DESCRIPTION_ID','Qian dong nan miao zu dong zu zi zhi zhou',NULL,1,'2012-06-19 00:00:00',1,'2012-06-19 00:00:00'),
 (632,'ZHS','FND_REGION_CODE','DESCRIPTION_ID','黔东南苗族侗族自治州',NULL,1,'2012-06-19 00:00:00',1,'2012-06-19 00:00:00'),
 (633,'US','FND_REGION_CODE','DESCRIPTION_ID','Qian nan bu yi zu miao zu zi zhi zhou',NULL,1,'2012-06-19 00:00:00',1,'2012-06-19 00:00:00'),
 (633,'ZHS','FND_REGION_CODE','DESCRIPTION_ID','黔南布依族苗族自治州',NULL,1,'2012-06-19 00:00:00',1,'2012-06-19 00:00:00'),
 (634,'US','FND_REGION_CODE','DESCRIPTION_ID','Yun nan sheng',NULL,1,'2012-06-19 00:00:00',1,'2012-06-19 00:00:00'),
 (634,'ZHS','FND_REGION_CODE','DESCRIPTION_ID','云南省',NULL,1,'2012-06-19 00:00:00',1,'2012-06-19 00:00:00'),
 (635,'US','FND_REGION_CODE','DESCRIPTION_ID','Kun ming',NULL,1,'2012-06-19 00:00:00',1,'2012-06-19 00:00:00'),
 (635,'ZHS','FND_REGION_CODE','DESCRIPTION_ID','昆明市',NULL,1,'2012-06-19 00:00:00',1,'2012-06-19 00:00:00'),
 (636,'US','FND_REGION_CODE','DESCRIPTION_ID','Qu Jing',NULL,1,'2012-06-19 00:00:00',1,'2012-06-19 00:00:00'),
 (636,'ZHS','FND_REGION_CODE','DESCRIPTION_ID','曲靖市',NULL,1,'2012-06-19 00:00:00',1,'2012-06-19 00:00:00'),
 (637,'US','FND_REGION_CODE','DESCRIPTION_ID','Yu xi',NULL,1,'2012-06-19 00:00:00',1,'2012-06-19 00:00:00'),
 (637,'ZHS','FND_REGION_CODE','DESCRIPTION_ID','玉溪市',NULL,1,'2012-06-19 00:00:00',1,'2012-06-19 00:00:00'),
 (638,'US','FND_REGION_CODE','DESCRIPTION_ID','Bao shan',NULL,1,'2012-06-19 00:00:00',1,'2012-06-19 00:00:00'),
 (638,'ZHS','FND_REGION_CODE','DESCRIPTION_ID','保山市',NULL,1,'2012-06-19 00:00:00',1,'2012-06-19 00:00:00'),
 (639,'US','FND_REGION_CODE','DESCRIPTION_ID','Zhao tong',NULL,1,'2012-06-19 00:00:00',1,'2012-06-19 00:00:00'),
 (639,'ZHS','FND_REGION_CODE','DESCRIPTION_ID','昭通市',NULL,1,'2012-06-19 00:00:00',1,'2012-06-19 00:00:00'),
 (640,'US','FND_REGION_CODE','DESCRIPTION_ID','Chu xiong yi zu zi zhi zhou',NULL,1,'2012-06-19 00:00:00',1,'2012-06-19 00:00:00'),
 (640,'ZHS','FND_REGION_CODE','DESCRIPTION_ID','楚雄彝族自治州',NULL,1,'2012-06-19 00:00:00',1,'2012-06-19 00:00:00'),
 (641,'US','FND_REGION_CODE','DESCRIPTION_ID','Hong he ha ni zu yi zu zi zhi zhou',NULL,1,'2012-06-19 00:00:00',1,'2012-06-19 00:00:00'),
 (641,'ZHS','FND_REGION_CODE','DESCRIPTION_ID','红河哈尼族彝族自治州',NULL,1,'2012-06-19 00:00:00',1,'2012-06-19 00:00:00'),
 (642,'US','FND_REGION_CODE','DESCRIPTION_ID','Wen shan zhuang zu miao zu zi zhi zhou',NULL,1,'2012-06-19 00:00:00',1,'2012-06-19 00:00:00'),
 (642,'ZHS','FND_REGION_CODE','DESCRIPTION_ID','文山壮族苗族自治州',NULL,1,'2012-06-19 00:00:00',1,'2012-06-19 00:00:00'),
 (643,'US','FND_REGION_CODE','DESCRIPTION_ID','Si mao di qu',NULL,1,'2012-06-19 00:00:00',1,'2012-06-19 00:00:00'),
 (643,'ZHS','FND_REGION_CODE','DESCRIPTION_ID','思茅地区',NULL,1,'2012-06-19 00:00:00',1,'2012-06-19 00:00:00'),
 (644,'US','FND_REGION_CODE','DESCRIPTION_ID','Xi shuang ban na dai zu zi zhi zhou',NULL,1,'2012-06-19 00:00:00',1,'2012-06-19 00:00:00'),
 (644,'ZHS','FND_REGION_CODE','DESCRIPTION_ID','西双版纳傣族自治州',NULL,1,'2012-06-19 00:00:00',1,'2012-06-19 00:00:00'),
 (645,'US','FND_REGION_CODE','DESCRIPTION_ID','Da li bai zu zi zhi zhou',NULL,1,'2012-06-19 00:00:00',1,'2012-06-19 00:00:00'),
 (645,'ZHS','FND_REGION_CODE','DESCRIPTION_ID','大理白族自治州',NULL,1,'2012-06-19 00:00:00',1,'2012-06-19 00:00:00'),
 (646,'US','FND_REGION_CODE','DESCRIPTION_ID','De hong Dai zu jing po zu zi zhi zhou',NULL,1,'2012-06-19 00:00:00',1,'2012-06-19 00:00:00'),
 (646,'ZHS','FND_REGION_CODE','DESCRIPTION_ID','德宏傣族景颇族自治州',NULL,1,'2012-06-19 00:00:00',1,'2012-06-19 00:00:00'),
 (647,'US','FND_REGION_CODE','DESCRIPTION_ID','Li jiang di qu',NULL,1,'2012-06-19 00:00:00',1,'2012-06-19 00:00:00'),
 (647,'ZHS','FND_REGION_CODE','DESCRIPTION_ID','丽江地区',NULL,1,'2012-06-19 00:00:00',1,'2012-06-19 00:00:00'),
 (648,'US','FND_REGION_CODE','DESCRIPTION_ID','nu jiang li su zu zi zhi zhou',NULL,1,'2012-06-19 00:00:00',1,'2012-06-19 00:00:00'),
 (648,'ZHS','FND_REGION_CODE','DESCRIPTION_ID','怒江傈僳族自治州',NULL,1,'2012-06-19 00:00:00',1,'2012-06-19 00:00:00'),
 (649,'US','FND_REGION_CODE','DESCRIPTION_ID','Di qing zang zu zi zhi zhou',NULL,1,'2012-06-19 00:00:00',1,'2012-06-19 00:00:00'),
 (649,'ZHS','FND_REGION_CODE','DESCRIPTION_ID','迪庆藏族自治州',NULL,1,'2012-06-19 00:00:00',1,'2012-06-19 00:00:00'),
 (650,'US','FND_REGION_CODE','DESCRIPTION_ID','Lin cang di qu',NULL,1,'2012-06-19 00:00:00',1,'2012-06-19 00:00:00'),
 (650,'ZHS','FND_REGION_CODE','DESCRIPTION_ID','临沧地区',NULL,1,'2012-06-19 00:00:00',1,'2012-06-19 00:00:00'),
 (651,'US','FND_REGION_CODE','DESCRIPTION_ID','Xi zang zi zhi qu',NULL,1,'2012-06-19 00:00:00',1,'2012-06-19 00:00:00'),
 (651,'ZHS','FND_REGION_CODE','DESCRIPTION_ID','西藏自治区',NULL,1,'2012-06-19 00:00:00',1,'2012-06-19 00:00:00'),
 (652,'US','FND_REGION_CODE','DESCRIPTION_ID','La sha',NULL,1,'2012-06-19 00:00:00',1,'2012-06-19 00:00:00'),
 (652,'ZHS','FND_REGION_CODE','DESCRIPTION_ID','拉萨市',NULL,1,'2012-06-19 00:00:00',1,'2012-06-19 00:00:00'),
 (653,'US','FND_REGION_CODE','DESCRIPTION_ID','Chang du di qu',NULL,1,'2012-06-19 00:00:00',1,'2012-06-19 00:00:00'),
 (653,'ZHS','FND_REGION_CODE','DESCRIPTION_ID','昌都地区',NULL,1,'2012-06-19 00:00:00',1,'2012-06-19 00:00:00'),
 (654,'US','FND_REGION_CODE','DESCRIPTION_ID','Shan nan di qu',NULL,1,'2012-06-19 00:00:00',1,'2012-06-19 00:00:00'),
 (654,'ZHS','FND_REGION_CODE','DESCRIPTION_ID','山南地区',NULL,1,'2012-06-19 00:00:00',1,'2012-06-19 00:00:00'),
 (655,'US','FND_REGION_CODE','DESCRIPTION_ID','Ri ka ze di qu',NULL,1,'2012-06-19 00:00:00',1,'2012-06-19 00:00:00'),
 (655,'ZHS','FND_REGION_CODE','DESCRIPTION_ID','日喀则地区',NULL,1,'2012-06-19 00:00:00',1,'2012-06-19 00:00:00'),
 (656,'US','FND_REGION_CODE','DESCRIPTION_ID','Na qu di qu',NULL,1,'2012-06-19 00:00:00',1,'2012-06-19 00:00:00'),
 (656,'ZHS','FND_REGION_CODE','DESCRIPTION_ID','那曲地区',NULL,1,'2012-06-19 00:00:00',1,'2012-06-19 00:00:00'),
 (657,'US','FND_REGION_CODE','DESCRIPTION_ID','A li di qu',NULL,1,'2012-06-19 00:00:00',1,'2012-06-19 00:00:00'),
 (657,'ZHS','FND_REGION_CODE','DESCRIPTION_ID','阿里地区',NULL,1,'2012-06-19 00:00:00',1,'2012-06-19 00:00:00'),
 (658,'US','FND_REGION_CODE','DESCRIPTION_ID','Lin zhi di qu',NULL,1,'2012-06-19 00:00:00',1,'2012-06-19 00:00:00'),
 (658,'ZHS','FND_REGION_CODE','DESCRIPTION_ID','林芝地区',NULL,1,'2012-06-19 00:00:00',1,'2012-06-19 00:00:00'),
 (659,'US','FND_REGION_CODE','DESCRIPTION_ID','Shan xi sheng',NULL,1,'2012-06-19 00:00:00',1,'2012-06-19 00:00:00'),
 (659,'ZHS','FND_REGION_CODE','DESCRIPTION_ID','陕西省',NULL,1,'2012-06-19 00:00:00',1,'2012-06-19 00:00:00'),
 (660,'US','FND_REGION_CODE','DESCRIPTION_ID','Xi an',NULL,1,'2012-06-19 00:00:00',1,'2012-06-19 00:00:00'),
 (660,'ZHS','FND_REGION_CODE','DESCRIPTION_ID','西安市',NULL,1,'2012-06-19 00:00:00',1,'2012-06-19 00:00:00'),
 (661,'US','FND_REGION_CODE','DESCRIPTION_ID','Tong chuan',NULL,1,'2012-06-19 00:00:00',1,'2012-06-19 00:00:00'),
 (661,'ZHS','FND_REGION_CODE','DESCRIPTION_ID','铜川市',NULL,1,'2012-06-19 00:00:00',1,'2012-06-19 00:00:00'),
 (662,'US','FND_REGION_CODE','DESCRIPTION_ID','Bao ji',NULL,1,'2012-06-19 00:00:00',1,'2012-06-19 00:00:00'),
 (662,'ZHS','FND_REGION_CODE','DESCRIPTION_ID','宝鸡市',NULL,1,'2012-06-19 00:00:00',1,'2012-06-19 00:00:00'),
 (663,'US','FND_REGION_CODE','DESCRIPTION_ID','Xian yang',NULL,1,'2012-06-19 00:00:00',1,'2012-06-19 00:00:00'),
 (663,'ZHS','FND_REGION_CODE','DESCRIPTION_ID','咸阳市',NULL,1,'2012-06-19 00:00:00',1,'2012-06-19 00:00:00'),
 (664,'US','FND_REGION_CODE','DESCRIPTION_ID','Wei nan',NULL,1,'2012-06-19 00:00:00',1,'2012-06-19 00:00:00'),
 (664,'ZHS','FND_REGION_CODE','DESCRIPTION_ID','渭南市',NULL,1,'2012-06-19 00:00:00',1,'2012-06-19 00:00:00'),
 (665,'US','FND_REGION_CODE','DESCRIPTION_ID','Yan an',NULL,1,'2012-06-19 00:00:00',1,'2012-06-19 00:00:00'),
 (665,'ZHS','FND_REGION_CODE','DESCRIPTION_ID','延安市',NULL,1,'2012-06-19 00:00:00',1,'2012-06-19 00:00:00'),
 (666,'US','FND_REGION_CODE','DESCRIPTION_ID','Han zhong',NULL,1,'2012-06-19 00:00:00',1,'2012-06-19 00:00:00'),
 (666,'ZHS','FND_REGION_CODE','DESCRIPTION_ID','汉中市',NULL,1,'2012-06-19 00:00:00',1,'2012-06-19 00:00:00'),
 (667,'US','FND_REGION_CODE','DESCRIPTION_ID','Yu lin',NULL,1,'2012-06-19 00:00:00',1,'2012-06-19 00:00:00'),
 (667,'ZHS','FND_REGION_CODE','DESCRIPTION_ID','榆林市',NULL,1,'2012-06-19 00:00:00',1,'2012-06-19 00:00:00'),
 (668,'US','FND_REGION_CODE','DESCRIPTION_ID','An kang',NULL,1,'2012-06-19 00:00:00',1,'2012-06-19 00:00:00'),
 (668,'ZHS','FND_REGION_CODE','DESCRIPTION_ID','安康市',NULL,1,'2012-06-19 00:00:00',1,'2012-06-19 00:00:00'),
 (669,'US','FND_REGION_CODE','DESCRIPTION_ID','Shang luo',NULL,1,'2012-06-19 00:00:00',1,'2012-06-19 00:00:00'),
 (669,'ZHS','FND_REGION_CODE','DESCRIPTION_ID','商洛市',NULL,1,'2012-06-19 00:00:00',1,'2012-06-19 00:00:00'),
 (670,'US','FND_REGION_CODE','DESCRIPTION_ID','Gan su sheng',NULL,1,'2012-06-19 00:00:00',1,'2012-06-19 00:00:00'),
 (670,'ZHS','FND_REGION_CODE','DESCRIPTION_ID','甘肃省',NULL,1,'2012-06-19 00:00:00',1,'2012-06-19 00:00:00'),
 (671,'US','FND_REGION_CODE','DESCRIPTION_ID','Lan zhou',NULL,1,'2012-06-19 00:00:00',1,'2012-06-19 00:00:00'),
 (671,'ZHS','FND_REGION_CODE','DESCRIPTION_ID','兰州市',NULL,1,'2012-06-19 00:00:00',1,'2012-06-19 00:00:00'),
 (672,'US','FND_REGION_CODE','DESCRIPTION_ID','Jia yu guan',NULL,1,'2012-06-19 00:00:00',1,'2012-06-19 00:00:00'),
 (672,'ZHS','FND_REGION_CODE','DESCRIPTION_ID','嘉峪关市',NULL,1,'2012-06-19 00:00:00',1,'2012-06-19 00:00:00'),
 (673,'US','FND_REGION_CODE','DESCRIPTION_ID','Jin chang',NULL,1,'2012-06-19 00:00:00',1,'2012-06-19 00:00:00'),
 (673,'ZHS','FND_REGION_CODE','DESCRIPTION_ID','金昌市',NULL,1,'2012-06-19 00:00:00',1,'2012-06-19 00:00:00'),
 (674,'US','FND_REGION_CODE','DESCRIPTION_ID','Bai yin',NULL,1,'2012-06-19 00:00:00',1,'2012-06-19 00:00:00'),
 (674,'ZHS','FND_REGION_CODE','DESCRIPTION_ID','白银市',NULL,1,'2012-06-19 00:00:00',1,'2012-06-19 00:00:00'),
 (675,'US','FND_REGION_CODE','DESCRIPTION_ID','Tai shui',NULL,1,'2012-06-19 00:00:00',1,'2012-06-19 00:00:00'),
 (675,'ZHS','FND_REGION_CODE','DESCRIPTION_ID','天水市',NULL,1,'2012-06-19 00:00:00',1,'2012-06-19 00:00:00'),
 (676,'US','FND_REGION_CODE','DESCRIPTION_ID','Wu wei',NULL,1,'2012-06-19 00:00:00',1,'2012-06-19 00:00:00'),
 (676,'ZHS','FND_REGION_CODE','DESCRIPTION_ID','武威市',NULL,1,'2012-06-19 00:00:00',1,'2012-06-19 00:00:00'),
 (677,'US','FND_REGION_CODE','DESCRIPTION_ID','Zhang ye',NULL,1,'2012-06-19 00:00:00',1,'2012-06-19 00:00:00'),
 (677,'ZHS','FND_REGION_CODE','DESCRIPTION_ID','张掖市',NULL,1,'2012-06-19 00:00:00',1,'2012-06-19 00:00:00'),
 (678,'US','FND_REGION_CODE','DESCRIPTION_ID','Ping liang',NULL,1,'2012-06-19 00:00:00',1,'2012-06-19 00:00:00'),
 (678,'ZHS','FND_REGION_CODE','DESCRIPTION_ID','平凉市',NULL,1,'2012-06-19 00:00:00',1,'2012-06-19 00:00:00'),
 (679,'US','FND_REGION_CODE','DESCRIPTION_ID','Jiu quan',NULL,1,'2012-06-19 00:00:00',1,'2012-06-19 00:00:00'),
 (679,'ZHS','FND_REGION_CODE','DESCRIPTION_ID','酒泉市',NULL,1,'2012-06-19 00:00:00',1,'2012-06-19 00:00:00'),
 (680,'US','FND_REGION_CODE','DESCRIPTION_ID','Qing yang',NULL,1,'2012-06-19 00:00:00',1,'2012-06-19 00:00:00'),
 (680,'ZHS','FND_REGION_CODE','DESCRIPTION_ID','庆阳市',NULL,1,'2012-06-19 00:00:00',1,'2012-06-19 00:00:00'),
 (681,'US','FND_REGION_CODE','DESCRIPTION_ID','Ding xi di qu',NULL,1,'2012-06-19 00:00:00',1,'2012-06-19 00:00:00'),
 (681,'ZHS','FND_REGION_CODE','DESCRIPTION_ID','定西地区',NULL,1,'2012-06-19 00:00:00',1,'2012-06-19 00:00:00'),
 (682,'US','FND_REGION_CODE','DESCRIPTION_ID','Long nan di qu',NULL,1,'2012-06-19 00:00:00',1,'2012-06-19 00:00:00'),
 (682,'ZHS','FND_REGION_CODE','DESCRIPTION_ID','陇南地区',NULL,1,'2012-06-19 00:00:00',1,'2012-06-19 00:00:00'),
 (683,'US','FND_REGION_CODE','DESCRIPTION_ID','Lin xia hui zu zi zhi zhou',NULL,1,'2012-06-19 00:00:00',1,'2012-06-19 00:00:00'),
 (683,'ZHS','FND_REGION_CODE','DESCRIPTION_ID','临夏回族自治州',NULL,1,'2012-06-19 00:00:00',1,'2012-06-19 00:00:00'),
 (684,'US','FND_REGION_CODE','DESCRIPTION_ID','Gan nan zang zu zi zhi zhou',NULL,1,'2012-06-19 00:00:00',1,'2012-06-19 00:00:00'),
 (684,'ZHS','FND_REGION_CODE','DESCRIPTION_ID','甘南藏族自治州',NULL,1,'2012-06-19 00:00:00',1,'2012-06-19 00:00:00'),
 (685,'US','FND_REGION_CODE','DESCRIPTION_ID','Qing hai sheng',NULL,1,'2012-06-19 00:00:00',1,'2012-06-19 00:00:00'),
 (685,'ZHS','FND_REGION_CODE','DESCRIPTION_ID','青海省',NULL,1,'2012-06-19 00:00:00',1,'2012-06-19 00:00:00'),
 (686,'US','FND_REGION_CODE','DESCRIPTION_ID','Xi ning',NULL,1,'2012-06-19 00:00:00',1,'2012-06-19 00:00:00'),
 (686,'ZHS','FND_REGION_CODE','DESCRIPTION_ID','西宁市',NULL,1,'2012-06-19 00:00:00',1,'2012-06-19 00:00:00'),
 (687,'US','FND_REGION_CODE','DESCRIPTION_ID','Hai dong di qu',NULL,1,'2012-06-19 00:00:00',1,'2012-06-19 00:00:00'),
 (687,'ZHS','FND_REGION_CODE','DESCRIPTION_ID','海东地区',NULL,1,'2012-06-19 00:00:00',1,'2012-06-19 00:00:00'),
 (688,'US','FND_REGION_CODE','DESCRIPTION_ID','Hai bei zhuang zu zi zhi zhou',NULL,1,'2012-06-19 00:00:00',1,'2012-06-19 00:00:00'),
 (688,'ZHS','FND_REGION_CODE','DESCRIPTION_ID','海北藏族自治州',NULL,1,'2012-06-19 00:00:00',1,'2012-06-19 00:00:00'),
 (689,'US','FND_REGION_CODE','DESCRIPTION_ID','Huang nan zang zu zi zhi zhou',NULL,1,'2012-06-19 00:00:00',1,'2012-06-19 00:00:00'),
 (689,'ZHS','FND_REGION_CODE','DESCRIPTION_ID','黄南藏族自治州',NULL,1,'2012-06-19 00:00:00',1,'2012-06-19 00:00:00'),
 (690,'US','FND_REGION_CODE','DESCRIPTION_ID','Hai nan zang zu zi zhi zhou',NULL,1,'2012-06-19 00:00:00',1,'2012-06-19 00:00:00'),
 (690,'ZHS','FND_REGION_CODE','DESCRIPTION_ID','海南藏族自治州',NULL,1,'2012-06-19 00:00:00',1,'2012-06-19 00:00:00'),
 (691,'US','FND_REGION_CODE','DESCRIPTION_ID','Guo luo zang zu zi zhi zhou',NULL,1,'2012-06-19 00:00:00',1,'2012-06-19 00:00:00'),
 (691,'ZHS','FND_REGION_CODE','DESCRIPTION_ID','果洛藏族自治州',NULL,1,'2012-06-19 00:00:00',1,'2012-06-19 00:00:00'),
 (692,'US','FND_REGION_CODE','DESCRIPTION_ID','Yu shu zang zu zi zhi zhou',NULL,1,'2012-06-19 00:00:00',1,'2012-06-19 00:00:00'),
 (692,'ZHS','FND_REGION_CODE','DESCRIPTION_ID','玉树藏族自治州',NULL,1,'2012-06-19 00:00:00',1,'2012-06-19 00:00:00'),
 (693,'US','FND_REGION_CODE','DESCRIPTION_ID','Hai xi meng gu zang zu zi zhi zhou',NULL,1,'2012-06-19 00:00:00',1,'2012-06-19 00:00:00'),
 (693,'ZHS','FND_REGION_CODE','DESCRIPTION_ID','海西蒙古族藏族自治州',NULL,1,'2012-06-19 00:00:00',1,'2012-06-19 00:00:00'),
 (694,'US','FND_REGION_CODE','DESCRIPTION_ID','Ning xia hui zu zi zhi qu',NULL,1,'2012-06-19 00:00:00',1,'2012-06-19 00:00:00'),
 (694,'ZHS','FND_REGION_CODE','DESCRIPTION_ID','宁夏回族自治区',NULL,1,'2012-06-19 00:00:00',1,'2012-06-19 00:00:00'),
 (695,'US','FND_REGION_CODE','DESCRIPTION_ID','Yin chuan',NULL,1,'2012-06-19 00:00:00',1,'2012-06-19 00:00:00'),
 (695,'ZHS','FND_REGION_CODE','DESCRIPTION_ID','银川市',NULL,1,'2012-06-19 00:00:00',1,'2012-06-19 00:00:00'),
 (696,'US','FND_REGION_CODE','DESCRIPTION_ID','Shi zui shan',NULL,1,'2012-06-19 00:00:00',1,'2012-06-19 00:00:00'),
 (696,'ZHS','FND_REGION_CODE','DESCRIPTION_ID','石嘴山市',NULL,1,'2012-06-19 00:00:00',1,'2012-06-19 00:00:00'),
 (697,'US','FND_REGION_CODE','DESCRIPTION_ID','Wu zhong',NULL,1,'2012-06-19 00:00:00',1,'2012-06-19 00:00:00'),
 (697,'ZHS','FND_REGION_CODE','DESCRIPTION_ID','吴忠市',NULL,1,'2012-06-19 00:00:00',1,'2012-06-19 00:00:00'),
 (698,'US','FND_REGION_CODE','DESCRIPTION_ID','Gu yuan',NULL,1,'2012-06-19 00:00:00',1,'2012-06-19 00:00:00'),
 (698,'ZHS','FND_REGION_CODE','DESCRIPTION_ID','固原市',NULL,1,'2012-06-19 00:00:00',1,'2012-06-19 00:00:00'),
 (699,'US','FND_REGION_CODE','DESCRIPTION_ID','Xin jiang wei wu er zi zhi qu',NULL,1,'2012-06-19 00:00:00',1,'2012-06-19 00:00:00'),
 (699,'ZHS','FND_REGION_CODE','DESCRIPTION_ID','新疆维吾尔自治区',NULL,1,'2012-06-19 00:00:00',1,'2012-06-19 00:00:00'),
 (700,'US','FND_REGION_CODE','DESCRIPTION_ID','Wu lu mu qi',NULL,1,'2012-06-19 00:00:00',1,'2012-06-19 00:00:00'),
 (700,'ZHS','FND_REGION_CODE','DESCRIPTION_ID','乌鲁木齐市',NULL,1,'2012-06-19 00:00:00',1,'2012-06-19 00:00:00'),
 (701,'US','FND_REGION_CODE','DESCRIPTION_ID','Ke la ma yi',NULL,1,'2012-06-19 00:00:00',1,'2012-06-19 00:00:00'),
 (701,'ZHS','FND_REGION_CODE','DESCRIPTION_ID','克拉玛依市',NULL,1,'2012-06-19 00:00:00',1,'2012-06-19 00:00:00'),
 (702,'US','FND_REGION_CODE','DESCRIPTION_ID','Tu lu fan di qu',NULL,1,'2012-06-19 00:00:00',1,'2012-06-19 00:00:00'),
 (702,'ZHS','FND_REGION_CODE','DESCRIPTION_ID','吐鲁番地区',NULL,1,'2012-06-19 00:00:00',1,'2012-06-19 00:00:00'),
 (703,'US','FND_REGION_CODE','DESCRIPTION_ID','Ha mi di qu',NULL,1,'2012-06-19 00:00:00',1,'2012-06-19 00:00:00'),
 (703,'ZHS','FND_REGION_CODE','DESCRIPTION_ID','哈密地区',NULL,1,'2012-06-19 00:00:00',1,'2012-06-19 00:00:00'),
 (704,'US','FND_REGION_CODE','DESCRIPTION_ID','Chang ji hui zu zi zhi zhou',NULL,1,'2012-06-19 00:00:00',1,'2012-06-19 00:00:00'),
 (704,'ZHS','FND_REGION_CODE','DESCRIPTION_ID','昌吉回族自治州',NULL,1,'2012-06-19 00:00:00',1,'2012-06-19 00:00:00'),
 (705,'US','FND_REGION_CODE','DESCRIPTION_ID','Bo er ta la meng gu zi zhi zhou',NULL,1,'2012-06-19 00:00:00',1,'2012-06-19 00:00:00'),
 (705,'ZHS','FND_REGION_CODE','DESCRIPTION_ID','博尔塔拉蒙古自治州',NULL,1,'2012-06-19 00:00:00',1,'2012-06-19 00:00:00'),
 (706,'US','FND_REGION_CODE','DESCRIPTION_ID','Ba yin guo len meng gu zi zhi zhou',NULL,1,'2012-06-19 00:00:00',1,'2012-06-19 00:00:00'),
 (706,'ZHS','FND_REGION_CODE','DESCRIPTION_ID','巴音郭楞蒙古自治州',NULL,1,'2012-06-19 00:00:00',1,'2012-06-19 00:00:00'),
 (707,'US','FND_REGION_CODE','DESCRIPTION_ID','A ke su di qu',NULL,1,'2012-06-19 00:00:00',1,'2012-06-19 00:00:00'),
 (707,'ZHS','FND_REGION_CODE','DESCRIPTION_ID','阿克苏地区',NULL,1,'2012-06-19 00:00:00',1,'2012-06-19 00:00:00'),
 (708,'US','FND_REGION_CODE','DESCRIPTION_ID','Ke zi le su ke er ke zi zi zhi zhou',NULL,1,'2012-06-19 00:00:00',1,'2012-06-19 00:00:00'),
 (708,'ZHS','FND_REGION_CODE','DESCRIPTION_ID','克孜勒苏柯尔克孜自治州',NULL,1,'2012-06-19 00:00:00',1,'2012-06-19 00:00:00'),
 (709,'US','FND_REGION_CODE','DESCRIPTION_ID','Ka shi di qu',NULL,1,'2012-06-19 00:00:00',1,'2012-06-19 00:00:00'),
 (709,'ZHS','FND_REGION_CODE','DESCRIPTION_ID','喀什地区',NULL,1,'2012-06-19 00:00:00',1,'2012-06-19 00:00:00'),
 (710,'US','FND_REGION_CODE','DESCRIPTION_ID','He tian di qu',NULL,1,'2012-06-19 00:00:00',1,'2012-06-19 00:00:00'),
 (710,'ZHS','FND_REGION_CODE','DESCRIPTION_ID','和田地区',NULL,1,'2012-06-19 00:00:00',1,'2012-06-19 00:00:00'),
 (711,'US','FND_REGION_CODE','DESCRIPTION_ID','Yi li ha sa ke zi zhi zhou',NULL,1,'2012-06-19 00:00:00',1,'2012-06-19 00:00:00'),
 (711,'ZHS','FND_REGION_CODE','DESCRIPTION_ID','伊犁哈萨克自治州',NULL,1,'2012-06-19 00:00:00',1,'2012-06-19 00:00:00'),
 (712,'US','FND_REGION_CODE','DESCRIPTION_ID','Ta cheng di qu',NULL,1,'2012-06-19 00:00:00',1,'2012-06-19 00:00:00'),
 (712,'ZHS','FND_REGION_CODE','DESCRIPTION_ID','塔城地区',NULL,1,'2012-06-19 00:00:00',1,'2012-06-19 00:00:00'),
 (713,'US','FND_REGION_CODE','DESCRIPTION_ID','A le tai di qu',NULL,1,'2012-06-19 00:00:00',1,'2012-06-19 00:00:00'),
 (713,'ZHS','FND_REGION_CODE','DESCRIPTION_ID','阿勒泰地区',NULL,1,'2012-06-19 00:00:00',1,'2012-06-19 00:00:00'),
 (714,'US','FND_REGION_CODE','DESCRIPTION_ID','Province Direct Administration',NULL,1,'2012-06-19 00:00:00',1,'2012-06-19 00:00:00'),
 (714,'ZHS','FND_REGION_CODE','DESCRIPTION_ID','省直辖行政单位',NULL,1,'2012-06-19 00:00:00',1,'2012-06-19 00:00:00'),
 (715,'US','FND_REGION_CODE','DESCRIPTION_ID','Tai wan sheng',NULL,1,'2012-06-19 00:00:00',1,'2012-06-19 00:00:00'),
 (715,'ZHS','FND_REGION_CODE','DESCRIPTION_ID','台湾省',NULL,1,'2012-06-19 00:00:00',1,'2012-06-19 00:00:00'),
 (716,'US','FND_REGION_CODE','DESCRIPTION_ID','Hong kong',NULL,1,'2012-06-19 00:00:00',1,'2012-06-19 00:00:00'),
 (716,'ZHS','FND_REGION_CODE','DESCRIPTION_ID','香港特别行政区',NULL,1,'2012-06-19 00:00:00',1,'2012-06-19 00:00:00'),
 (717,'US','FND_REGION_CODE','DESCRIPTION_ID','Macao',NULL,1,'2012-06-19 00:00:00',1,'2012-06-19 00:00:00'),
 (717,'ZHS','FND_REGION_CODE','DESCRIPTION_ID','澳门特别行政区',NULL,1,'2012-06-19 00:00:00',1,'2012-06-19 00:00:00'),
 (718,'US','FND_COUNTRY_CODE','DESCRIPTION_ID','AFGHANISTAN',NULL,1,'2012-06-19 00:00:00',1,'2012-06-19 00:00:00'),
 (718,'ZHS','FND_COUNTRY_CODE','DESCRIPTION_ID','阿富汗伊斯兰共和国',NULL,1,'2012-06-19 00:00:00',1,'2012-06-19 00:00:00'),
 (719,'US','FND_COUNTRY_CODE','DESCRIPTION_ID','ANGOLA',NULL,1,'2012-06-19 00:00:00',1,'2012-06-19 00:00:00'),
 (719,'ZHS','FND_COUNTRY_CODE','DESCRIPTION_ID','安哥拉共和国',NULL,1,'2012-06-19 00:00:00',1,'2012-06-19 00:00:00'),
 (720,'US','FND_COUNTRY_CODE','DESCRIPTION_ID','ALBANIA',NULL,1,'2012-06-19 00:00:00',1,'2012-06-19 00:00:00'),
 (720,'ZHS','FND_COUNTRY_CODE','DESCRIPTION_ID','阿尔巴尼亚共和国',NULL,1,'2012-06-19 00:00:00',1,'2012-06-19 00:00:00'),
 (721,'US','FND_COUNTRY_CODE','DESCRIPTION_ID','UNITEDARABEMIRATES',NULL,1,'2012-06-19 00:00:00',1,'2012-06-19 00:00:00'),
 (721,'ZHS','FND_COUNTRY_CODE','DESCRIPTION_ID','阿拉伯联合酋长国',NULL,1,'2012-06-19 00:00:00',1,'2012-06-19 00:00:00'),
 (722,'US','FND_COUNTRY_CODE','DESCRIPTION_ID','ARGENTINA',NULL,1,'2012-06-19 00:00:00',1,'2012-06-19 00:00:00'),
 (722,'ZHS','FND_COUNTRY_CODE','DESCRIPTION_ID','阿根廷共和国',NULL,1,'2012-06-19 00:00:00',1,'2012-06-19 00:00:00'),
 (723,'US','FND_COUNTRY_CODE','DESCRIPTION_ID','ARMENIA',NULL,1,'2012-06-19 00:00:00',1,'2012-06-19 00:00:00'),
 (723,'ZHS','FND_COUNTRY_CODE','DESCRIPTION_ID','亚美尼亚共和国',NULL,1,'2012-06-19 00:00:00',1,'2012-06-19 00:00:00'),
 (724,'US','FND_COUNTRY_CODE','DESCRIPTION_ID','ANITGUAANDBARBUDA',NULL,1,'2012-06-19 00:00:00',1,'2012-06-19 00:00:00'),
 (724,'ZHS','FND_COUNTRY_CODE','DESCRIPTION_ID','安提瓜和巴布达',NULL,1,'2012-06-19 00:00:00',1,'2012-06-19 00:00:00'),
 (725,'US','FND_COUNTRY_CODE','DESCRIPTION_ID','AUSTRALIA',NULL,1,'2012-06-19 00:00:00',1,'2012-06-19 00:00:00'),
 (725,'ZHS','FND_COUNTRY_CODE','DESCRIPTION_ID','澳大利亚',NULL,1,'2012-06-19 00:00:00',1,'2012-06-19 00:00:00'),
 (726,'US','FND_COUNTRY_CODE','DESCRIPTION_ID','AUSTRIA',NULL,1,'2012-06-19 00:00:00',1,'2012-06-19 00:00:00'),
 (726,'ZHS','FND_COUNTRY_CODE','DESCRIPTION_ID','奥地利共和国',NULL,1,'2012-06-19 00:00:00',1,'2012-06-19 00:00:00'),
 (727,'US','FND_COUNTRY_CODE','DESCRIPTION_ID','AZERBAIJAN',NULL,1,'2012-06-19 00:00:00',1,'2012-06-19 00:00:00'),
 (727,'ZHS','FND_COUNTRY_CODE','DESCRIPTION_ID','阿塞拜疆共和国',NULL,1,'2012-06-19 00:00:00',1,'2012-06-19 00:00:00'),
 (728,'US','FND_COUNTRY_CODE','DESCRIPTION_ID','BURUNDI',NULL,1,'2012-06-19 00:00:00',1,'2012-06-19 00:00:00'),
 (728,'ZHS','FND_COUNTRY_CODE','DESCRIPTION_ID','布隆迪共和国',NULL,1,'2012-06-19 00:00:00',1,'2012-06-19 00:00:00'),
 (729,'US','FND_COUNTRY_CODE','DESCRIPTION_ID','BELGIUM',NULL,1,'2012-06-19 00:00:00',1,'2012-06-19 00:00:00'),
 (729,'ZHS','FND_COUNTRY_CODE','DESCRIPTION_ID','比利时王国',NULL,1,'2012-06-19 00:00:00',1,'2012-06-19 00:00:00'),
 (730,'US','FND_COUNTRY_CODE','DESCRIPTION_ID','BENIN',NULL,1,'2012-06-19 00:00:00',1,'2012-06-19 00:00:00'),
 (730,'ZHS','FND_COUNTRY_CODE','DESCRIPTION_ID','贝宁共和国',NULL,1,'2012-06-19 00:00:00',1,'2012-06-19 00:00:00'),
 (731,'US','FND_COUNTRY_CODE','DESCRIPTION_ID','BURKINAFASO',NULL,1,'2012-06-19 00:00:00',1,'2012-06-19 00:00:00'),
 (731,'ZHS','FND_COUNTRY_CODE','DESCRIPTION_ID','布基纳法索',NULL,1,'2012-06-19 00:00:00',1,'2012-06-19 00:00:00'),
 (732,'US','FND_COUNTRY_CODE','DESCRIPTION_ID','BANGLADESH',NULL,1,'2012-06-19 00:00:00',1,'2012-06-19 00:00:00'),
 (732,'ZHS','FND_COUNTRY_CODE','DESCRIPTION_ID','孟加拉人民共和国',NULL,1,'2012-06-19 00:00:00',1,'2012-06-19 00:00:00'),
 (733,'US','FND_COUNTRY_CODE','DESCRIPTION_ID','BULGARIA',NULL,1,'2012-06-19 00:00:00',1,'2012-06-19 00:00:00'),
 (733,'ZHS','FND_COUNTRY_CODE','DESCRIPTION_ID','保加利亚共和国',NULL,1,'2012-06-19 00:00:00',1,'2012-06-19 00:00:00'),
 (734,'US','FND_COUNTRY_CODE','DESCRIPTION_ID','BAHRAIN',NULL,1,'2012-06-19 00:00:00',1,'2012-06-19 00:00:00'),
 (734,'ZHS','FND_COUNTRY_CODE','DESCRIPTION_ID','巴林国',NULL,1,'2012-06-19 00:00:00',1,'2012-06-19 00:00:00'),
 (735,'US','FND_COUNTRY_CODE','DESCRIPTION_ID','BAHAMAS',NULL,1,'2012-06-19 00:00:00',1,'2012-06-19 00:00:00'),
 (735,'ZHS','FND_COUNTRY_CODE','DESCRIPTION_ID','巴哈马',NULL,1,'2012-06-19 00:00:00',1,'2012-06-19 00:00:00'),
 (736,'US','FND_COUNTRY_CODE','DESCRIPTION_ID','BOSNIAANDHERZEGOVINA',NULL,1,'2012-06-19 00:00:00',1,'2012-06-19 00:00:00'),
 (736,'ZHS','FND_COUNTRY_CODE','DESCRIPTION_ID','波斯尼亚和黑山共和国',NULL,1,'2012-06-19 00:00:00',1,'2012-06-19 00:00:00'),
 (737,'US','FND_COUNTRY_CODE','DESCRIPTION_ID','BELARUS',NULL,1,'2012-06-19 00:00:00',1,'2012-06-19 00:00:00'),
 (737,'ZHS','FND_COUNTRY_CODE','DESCRIPTION_ID','白俄罗斯共和国',NULL,1,'2012-06-19 00:00:00',1,'2012-06-19 00:00:00'),
 (738,'US','FND_COUNTRY_CODE','DESCRIPTION_ID','BELIZE',NULL,1,'2012-06-19 00:00:00',1,'2012-06-19 00:00:00'),
 (738,'ZHS','FND_COUNTRY_CODE','DESCRIPTION_ID','伯利兹',NULL,1,'2012-06-19 00:00:00',1,'2012-06-19 00:00:00'),
 (739,'US','FND_COUNTRY_CODE','DESCRIPTION_ID','BOLIVIA',NULL,1,'2012-06-19 00:00:00',1,'2012-06-19 00:00:00'),
 (739,'ZHS','FND_COUNTRY_CODE','DESCRIPTION_ID','玻利维亚共和国',NULL,1,'2012-06-19 00:00:00',1,'2012-06-19 00:00:00'),
 (740,'US','FND_COUNTRY_CODE','DESCRIPTION_ID','BRAZIL',NULL,1,'2012-06-19 00:00:00',1,'2012-06-19 00:00:00'),
 (740,'ZHS','FND_COUNTRY_CODE','DESCRIPTION_ID','巴西联邦共和国',NULL,1,'2012-06-19 00:00:00',1,'2012-06-19 00:00:00'),
 (741,'US','FND_COUNTRY_CODE','DESCRIPTION_ID','BARBADOS',NULL,1,'2012-06-19 00:00:00',1,'2012-06-19 00:00:00'),
 (741,'ZHS','FND_COUNTRY_CODE','DESCRIPTION_ID','巴巴多斯',NULL,1,'2012-06-19 00:00:00',1,'2012-06-19 00:00:00'),
 (742,'US','FND_COUNTRY_CODE','DESCRIPTION_ID','BRUNEIDARUSSALAM',NULL,1,'2012-06-19 00:00:00',1,'2012-06-19 00:00:00'),
 (742,'ZHS','FND_COUNTRY_CODE','DESCRIPTION_ID','文莱达鲁萨兰国',NULL,1,'2012-06-19 00:00:00',1,'2012-06-19 00:00:00'),
 (743,'US','FND_COUNTRY_CODE','DESCRIPTION_ID','BHUTAN',NULL,1,'2012-06-19 00:00:00',1,'2012-06-19 00:00:00'),
 (743,'ZHS','FND_COUNTRY_CODE','DESCRIPTION_ID','不丹王国',NULL,1,'2012-06-19 00:00:00',1,'2012-06-19 00:00:00'),
 (744,'US','FND_COUNTRY_CODE','DESCRIPTION_ID','BOTSWANA',NULL,1,'2012-06-19 00:00:00',1,'2012-06-19 00:00:00'),
 (744,'ZHS','FND_COUNTRY_CODE','DESCRIPTION_ID','博茨瓦纳共和国',NULL,1,'2012-06-19 00:00:00',1,'2012-06-19 00:00:00'),
 (745,'US','FND_COUNTRY_CODE','DESCRIPTION_ID','CENTRALAFRICANREPUBLIC',NULL,1,'2012-06-19 00:00:00',1,'2012-06-19 00:00:00'),
 (745,'ZHS','FND_COUNTRY_CODE','DESCRIPTION_ID','中非共和国',NULL,1,'2012-06-19 00:00:00',1,'2012-06-19 00:00:00'),
 (746,'US','FND_COUNTRY_CODE','DESCRIPTION_ID','CANADA',NULL,1,'2012-06-19 00:00:00',1,'2012-06-19 00:00:00'),
 (746,'ZHS','FND_COUNTRY_CODE','DESCRIPTION_ID','加拿大',NULL,1,'2012-06-19 00:00:00',1,'2012-06-19 00:00:00'),
 (747,'US','FND_COUNTRY_CODE','DESCRIPTION_ID','SWITZERLAND',NULL,1,'2012-06-19 00:00:00',1,'2012-06-19 00:00:00'),
 (747,'ZHS','FND_COUNTRY_CODE','DESCRIPTION_ID','瑞士联邦',NULL,1,'2012-06-19 00:00:00',1,'2012-06-19 00:00:00'),
 (748,'US','FND_COUNTRY_CODE','DESCRIPTION_ID','CHILE',NULL,1,'2012-06-19 00:00:00',1,'2012-06-19 00:00:00'),
 (748,'ZHS','FND_COUNTRY_CODE','DESCRIPTION_ID','智利共和国',NULL,1,'2012-06-19 00:00:00',1,'2012-06-19 00:00:00'),
 (749,'US','FND_COUNTRY_CODE','DESCRIPTION_ID','CHINA',NULL,1,'2012-06-19 00:00:00',1,'2012-06-19 00:00:00'),
 (749,'ZHS','FND_COUNTRY_CODE','DESCRIPTION_ID','中华人民共和国',NULL,1,'2012-06-19 00:00:00',1,'2012-06-19 00:00:00'),
 (750,'US','FND_COUNTRY_CODE','DESCRIPTION_ID','COTED’IVOIRE',NULL,1,'2012-06-19 00:00:00',1,'2012-06-19 00:00:00'),
 (750,'ZHS','FND_COUNTRY_CODE','DESCRIPTION_ID','科特迪瓦共和国',NULL,1,'2012-06-19 00:00:00',1,'2012-06-19 00:00:00'),
 (751,'US','FND_COUNTRY_CODE','DESCRIPTION_ID','CAMEROON',NULL,1,'2012-06-19 00:00:00',1,'2012-06-19 00:00:00'),
 (751,'ZHS','FND_COUNTRY_CODE','DESCRIPTION_ID','喀麦隆共和国',NULL,1,'2012-06-19 00:00:00',1,'2012-06-19 00:00:00'),
 (752,'US','FND_COUNTRY_CODE','DESCRIPTION_ID','CONGO',NULL,1,'2012-06-19 00:00:00',1,'2012-06-19 00:00:00'),
 (752,'ZHS','FND_COUNTRY_CODE','DESCRIPTION_ID','刚果共和国',NULL,1,'2012-06-19 00:00:00',1,'2012-06-19 00:00:00'),
 (753,'US','FND_COUNTRY_CODE','DESCRIPTION_ID','COLOMBIA',NULL,1,'2012-06-19 00:00:00',1,'2012-06-19 00:00:00'),
 (753,'ZHS','FND_COUNTRY_CODE','DESCRIPTION_ID','哥伦比亚共和国',NULL,1,'2012-06-19 00:00:00',1,'2012-06-19 00:00:00'),
 (754,'US','FND_COUNTRY_CODE','DESCRIPTION_ID','COMOROS',NULL,1,'2012-06-19 00:00:00',1,'2012-06-19 00:00:00'),
 (754,'ZHS','FND_COUNTRY_CODE','DESCRIPTION_ID','科摩罗伊斯兰联邦共和国',NULL,1,'2012-06-19 00:00:00',1,'2012-06-19 00:00:00'),
 (755,'US','FND_COUNTRY_CODE','DESCRIPTION_ID','CAPEVERDE',NULL,1,'2012-06-19 00:00:00',1,'2012-06-19 00:00:00'),
 (755,'ZHS','FND_COUNTRY_CODE','DESCRIPTION_ID','佛得角共和国',NULL,1,'2012-06-19 00:00:00',1,'2012-06-19 00:00:00'),
 (756,'US','FND_COUNTRY_CODE','DESCRIPTION_ID','COSTARICA',NULL,1,'2012-06-19 00:00:00',1,'2012-06-19 00:00:00'),
 (756,'ZHS','FND_COUNTRY_CODE','DESCRIPTION_ID','哥斯达黎加共和国',NULL,1,'2012-06-19 00:00:00',1,'2012-06-19 00:00:00'),
 (757,'US','FND_COUNTRY_CODE','DESCRIPTION_ID','CUBA',NULL,1,'2012-06-19 00:00:00',1,'2012-06-19 00:00:00'),
 (757,'ZHS','FND_COUNTRY_CODE','DESCRIPTION_ID','古巴共和国',NULL,1,'2012-06-19 00:00:00',1,'2012-06-19 00:00:00'),
 (758,'US','FND_COUNTRY_CODE','DESCRIPTION_ID','CYPRUS',NULL,1,'2012-06-19 00:00:00',1,'2012-06-19 00:00:00'),
 (758,'ZHS','FND_COUNTRY_CODE','DESCRIPTION_ID','塞浦路斯共和国',NULL,1,'2012-06-19 00:00:00',1,'2012-06-19 00:00:00'),
 (759,'US','FND_COUNTRY_CODE','DESCRIPTION_ID','CZECHREPUBLIC',NULL,1,'2012-06-19 00:00:00',1,'2012-06-19 00:00:00'),
 (759,'ZHS','FND_COUNTRY_CODE','DESCRIPTION_ID','捷克共和国',NULL,1,'2012-06-19 00:00:00',1,'2012-06-19 00:00:00'),
 (760,'US','FND_COUNTRY_CODE','DESCRIPTION_ID','GERMANY',NULL,1,'2012-06-19 00:00:00',1,'2012-06-19 00:00:00'),
 (760,'ZHS','FND_COUNTRY_CODE','DESCRIPTION_ID','德意志联邦共和国',NULL,1,'2012-06-19 00:00:00',1,'2012-06-19 00:00:00'),
 (761,'US','FND_COUNTRY_CODE','DESCRIPTION_ID','DJIBOUTI',NULL,1,'2012-06-19 00:00:00',1,'2012-06-19 00:00:00'),
 (761,'ZHS','FND_COUNTRY_CODE','DESCRIPTION_ID','吉布提共和国',NULL,1,'2012-06-19 00:00:00',1,'2012-06-19 00:00:00'),
 (762,'US','FND_COUNTRY_CODE','DESCRIPTION_ID','DOMINICA',NULL,1,'2012-06-19 00:00:00',1,'2012-06-19 00:00:00'),
 (762,'ZHS','FND_COUNTRY_CODE','DESCRIPTION_ID','多米尼加联邦',NULL,1,'2012-06-19 00:00:00',1,'2012-06-19 00:00:00'),
 (763,'US','FND_COUNTRY_CODE','DESCRIPTION_ID','DENMARK',NULL,1,'2012-06-19 00:00:00',1,'2012-06-19 00:00:00'),
 (763,'ZHS','FND_COUNTRY_CODE','DESCRIPTION_ID','丹麦王国',NULL,1,'2012-06-19 00:00:00',1,'2012-06-19 00:00:00'),
 (764,'US','FND_COUNTRY_CODE','DESCRIPTION_ID','DOMINICANREPUBLIC',NULL,1,'2012-06-19 00:00:00',1,'2012-06-19 00:00:00'),
 (764,'ZHS','FND_COUNTRY_CODE','DESCRIPTION_ID','多米尼加共和国',NULL,1,'2012-06-19 00:00:00',1,'2012-06-19 00:00:00'),
 (765,'US','FND_COUNTRY_CODE','DESCRIPTION_ID','ALGERIA',NULL,1,'2012-06-19 00:00:00',1,'2012-06-19 00:00:00'),
 (765,'ZHS','FND_COUNTRY_CODE','DESCRIPTION_ID','阿尔及利亚民主人民共和国',NULL,1,'2012-06-19 00:00:00',1,'2012-06-19 00:00:00'),
 (766,'US','FND_COUNTRY_CODE','DESCRIPTION_ID','ECUADOR',NULL,1,'2012-06-19 00:00:00',1,'2012-06-19 00:00:00'),
 (766,'ZHS','FND_COUNTRY_CODE','DESCRIPTION_ID','厄瓜多尔共和国',NULL,1,'2012-06-19 00:00:00',1,'2012-06-19 00:00:00'),
 (767,'US','FND_COUNTRY_CODE','DESCRIPTION_ID','EGYPT',NULL,1,'2012-06-19 00:00:00',1,'2012-06-19 00:00:00'),
 (767,'ZHS','FND_COUNTRY_CODE','DESCRIPTION_ID','阿拉伯埃及共和国',NULL,1,'2012-06-19 00:00:00',1,'2012-06-19 00:00:00'),
 (768,'US','FND_COUNTRY_CODE','DESCRIPTION_ID','SPAIN',NULL,1,'2012-06-19 00:00:00',1,'2012-06-19 00:00:00'),
 (768,'ZHS','FND_COUNTRY_CODE','DESCRIPTION_ID','西班牙王国',NULL,1,'2012-06-19 00:00:00',1,'2012-06-19 00:00:00'),
 (769,'US','FND_COUNTRY_CODE','DESCRIPTION_ID','ESTONIA',NULL,1,'2012-06-19 00:00:00',1,'2012-06-19 00:00:00'),
 (769,'ZHS','FND_COUNTRY_CODE','DESCRIPTION_ID','爱沙尼亚共和国',NULL,1,'2012-06-19 00:00:00',1,'2012-06-19 00:00:00'),
 (770,'US','FND_COUNTRY_CODE','DESCRIPTION_ID','ETHIOPIA',NULL,1,'2012-06-19 00:00:00',1,'2012-06-19 00:00:00'),
 (770,'ZHS','FND_COUNTRY_CODE','DESCRIPTION_ID','埃塞俄比亚',NULL,1,'2012-06-19 00:00:00',1,'2012-06-19 00:00:00'),
 (771,'US','FND_COUNTRY_CODE','DESCRIPTION_ID','FINLAND',NULL,1,'2012-06-19 00:00:00',1,'2012-06-19 00:00:00'),
 (771,'ZHS','FND_COUNTRY_CODE','DESCRIPTION_ID','芬兰共和国',NULL,1,'2012-06-19 00:00:00',1,'2012-06-19 00:00:00'),
 (772,'US','FND_COUNTRY_CODE','DESCRIPTION_ID','FRANCE',NULL,1,'2012-06-19 00:00:00',1,'2012-06-19 00:00:00'),
 (772,'ZHS','FND_COUNTRY_CODE','DESCRIPTION_ID','法兰西共和国',NULL,1,'2012-06-19 00:00:00',1,'2012-06-19 00:00:00'),
 (773,'US','FND_COUNTRY_CODE','DESCRIPTION_ID','MICRONESIA',NULL,1,'2012-06-19 00:00:00',1,'2012-06-19 00:00:00'),
 (773,'ZHS','FND_COUNTRY_CODE','DESCRIPTION_ID','密克罗尼西亚联邦',NULL,1,'2012-06-19 00:00:00',1,'2012-06-19 00:00:00'),
 (774,'US','FND_COUNTRY_CODE','DESCRIPTION_ID','GABON',NULL,1,'2012-06-19 00:00:00',1,'2012-06-19 00:00:00'),
 (774,'ZHS','FND_COUNTRY_CODE','DESCRIPTION_ID','加蓬共和国',NULL,1,'2012-06-19 00:00:00',1,'2012-06-19 00:00:00'),
 (775,'US','FND_COUNTRY_CODE','DESCRIPTION_ID','UNITEDKINGDOMOFGREATBRITAINANDNORTHERNIRELAND',NULL,1,'2012-06-19 00:00:00',1,'2012-06-19 00:00:00'),
 (775,'ZHS','FND_COUNTRY_CODE','DESCRIPTION_ID','大不列颠及北爱尔兰联合王国',NULL,1,'2012-06-19 00:00:00',1,'2012-06-19 00:00:00'),
 (776,'US','FND_COUNTRY_CODE','DESCRIPTION_ID','GEORGIA',NULL,1,'2012-06-19 00:00:00',1,'2012-06-19 00:00:00'),
 (776,'ZHS','FND_COUNTRY_CODE','DESCRIPTION_ID','格鲁吉亚共和国',NULL,1,'2012-06-19 00:00:00',1,'2012-06-19 00:00:00'),
 (777,'US','FND_COUNTRY_CODE','DESCRIPTION_ID','GHANA',NULL,1,'2012-06-19 00:00:00',1,'2012-06-19 00:00:00'),
 (777,'ZHS','FND_COUNTRY_CODE','DESCRIPTION_ID','加纳共和国',NULL,1,'2012-06-19 00:00:00',1,'2012-06-19 00:00:00'),
 (778,'US','FND_COUNTRY_CODE','DESCRIPTION_ID','GUINEA',NULL,1,'2012-06-19 00:00:00',1,'2012-06-19 00:00:00'),
 (778,'ZHS','FND_COUNTRY_CODE','DESCRIPTION_ID','几内亚共和国',NULL,1,'2012-06-19 00:00:00',1,'2012-06-19 00:00:00'),
 (779,'US','FND_COUNTRY_CODE','DESCRIPTION_ID','GAMBIA',NULL,1,'2012-06-19 00:00:00',1,'2012-06-19 00:00:00'),
 (779,'ZHS','FND_COUNTRY_CODE','DESCRIPTION_ID','冈比亚共和国',NULL,1,'2012-06-19 00:00:00',1,'2012-06-19 00:00:00'),
 (780,'US','FND_COUNTRY_CODE','DESCRIPTION_ID','GUINEA-BISSAU',NULL,1,'2012-06-19 00:00:00',1,'2012-06-19 00:00:00'),
 (780,'ZHS','FND_COUNTRY_CODE','DESCRIPTION_ID','几内亚比绍共和国',NULL,1,'2012-06-19 00:00:00',1,'2012-06-19 00:00:00'),
 (781,'US','FND_COUNTRY_CODE','DESCRIPTION_ID','EQUATORIALGUINEA',NULL,1,'2012-06-19 00:00:00',1,'2012-06-19 00:00:00'),
 (781,'ZHS','FND_COUNTRY_CODE','DESCRIPTION_ID','赤道几内亚共和国',NULL,1,'2012-06-19 00:00:00',1,'2012-06-19 00:00:00'),
 (782,'US','FND_COUNTRY_CODE','DESCRIPTION_ID','GREECE',NULL,1,'2012-06-19 00:00:00',1,'2012-06-19 00:00:00'),
 (782,'ZHS','FND_COUNTRY_CODE','DESCRIPTION_ID','希腊共和国',NULL,1,'2012-06-19 00:00:00',1,'2012-06-19 00:00:00'),
 (783,'US','FND_COUNTRY_CODE','DESCRIPTION_ID','GRENADA',NULL,1,'2012-06-19 00:00:00',1,'2012-06-19 00:00:00'),
 (783,'ZHS','FND_COUNTRY_CODE','DESCRIPTION_ID','格林纳达',NULL,1,'2012-06-19 00:00:00',1,'2012-06-19 00:00:00'),
 (784,'US','FND_COUNTRY_CODE','DESCRIPTION_ID','GUATEMALA',NULL,1,'2012-06-19 00:00:00',1,'2012-06-19 00:00:00'),
 (784,'ZHS','FND_COUNTRY_CODE','DESCRIPTION_ID','危地马拉共和国',NULL,1,'2012-06-19 00:00:00',1,'2012-06-19 00:00:00'),
 (785,'US','FND_COUNTRY_CODE','DESCRIPTION_ID','GUYANA',NULL,1,'2012-06-19 00:00:00',1,'2012-06-19 00:00:00'),
 (785,'ZHS','FND_COUNTRY_CODE','DESCRIPTION_ID','圭亚纳共和国',NULL,1,'2012-06-19 00:00:00',1,'2012-06-19 00:00:00'),
 (786,'US','FND_COUNTRY_CODE','DESCRIPTION_ID','HONG KONG',NULL,1,'2012-06-19 00:00:00',1,'2012-06-19 00:00:00'),
 (786,'ZHS','FND_COUNTRY_CODE','DESCRIPTION_ID','中国香港',NULL,1,'2012-06-19 00:00:00',1,'2012-06-19 00:00:00'),
 (787,'US','FND_COUNTRY_CODE','DESCRIPTION_ID','HONDURAS',NULL,1,'2012-06-19 00:00:00',1,'2012-06-19 00:00:00'),
 (787,'ZHS','FND_COUNTRY_CODE','DESCRIPTION_ID','洪都拉斯共和国',NULL,1,'2012-06-19 00:00:00',1,'2012-06-19 00:00:00'),
 (788,'US','FND_COUNTRY_CODE','DESCRIPTION_ID','CROATIA',NULL,1,'2012-06-19 00:00:00',1,'2012-06-19 00:00:00'),
 (788,'ZHS','FND_COUNTRY_CODE','DESCRIPTION_ID','克罗地亚共和国',NULL,1,'2012-06-19 00:00:00',1,'2012-06-19 00:00:00'),
 (789,'US','FND_COUNTRY_CODE','DESCRIPTION_ID','HAITI',NULL,1,'2012-06-19 00:00:00',1,'2012-06-19 00:00:00'),
 (789,'ZHS','FND_COUNTRY_CODE','DESCRIPTION_ID','海地共和国',NULL,1,'2012-06-19 00:00:00',1,'2012-06-19 00:00:00'),
 (790,'US','FND_COUNTRY_CODE','DESCRIPTION_ID','HUNGARY',NULL,1,'2012-06-19 00:00:00',1,'2012-06-19 00:00:00'),
 (790,'ZHS','FND_COUNTRY_CODE','DESCRIPTION_ID','匈牙利共和国',NULL,1,'2012-06-19 00:00:00',1,'2012-06-19 00:00:00'),
 (791,'US','FND_COUNTRY_CODE','DESCRIPTION_ID','INDONESIA',NULL,1,'2012-06-19 00:00:00',1,'2012-06-19 00:00:00'),
 (791,'ZHS','FND_COUNTRY_CODE','DESCRIPTION_ID','印度尼西亚共和国',NULL,1,'2012-06-19 00:00:00',1,'2012-06-19 00:00:00'),
 (792,'US','FND_COUNTRY_CODE','DESCRIPTION_ID','INDIA',NULL,1,'2012-06-19 00:00:00',1,'2012-06-19 00:00:00'),
 (792,'ZHS','FND_COUNTRY_CODE','DESCRIPTION_ID','印度共和国',NULL,1,'2012-06-19 00:00:00',1,'2012-06-19 00:00:00'),
 (793,'US','FND_COUNTRY_CODE','DESCRIPTION_ID','IRELAND',NULL,1,'2012-06-19 00:00:00',1,'2012-06-19 00:00:00'),
 (793,'ZHS','FND_COUNTRY_CODE','DESCRIPTION_ID','爱尔兰',NULL,1,'2012-06-19 00:00:00',1,'2012-06-19 00:00:00'),
 (794,'US','FND_COUNTRY_CODE','DESCRIPTION_ID','IRAN(ISLAMICREPUBLICOF)',NULL,1,'2012-06-19 00:00:00',1,'2012-06-19 00:00:00'),
 (794,'ZHS','FND_COUNTRY_CODE','DESCRIPTION_ID','伊朗伊斯兰共和国',NULL,1,'2012-06-19 00:00:00',1,'2012-06-19 00:00:00'),
 (795,'US','FND_COUNTRY_CODE','DESCRIPTION_ID','IRAQ',NULL,1,'2012-06-19 00:00:00',1,'2012-06-19 00:00:00'),
 (795,'ZHS','FND_COUNTRY_CODE','DESCRIPTION_ID','伊拉克共和国',NULL,1,'2012-06-19 00:00:00',1,'2012-06-19 00:00:00'),
 (796,'US','FND_COUNTRY_CODE','DESCRIPTION_ID','ICELAND',NULL,1,'2012-06-19 00:00:00',1,'2012-06-19 00:00:00'),
 (796,'ZHS','FND_COUNTRY_CODE','DESCRIPTION_ID','冰岛共和国',NULL,1,'2012-06-19 00:00:00',1,'2012-06-19 00:00:00'),
 (797,'US','FND_COUNTRY_CODE','DESCRIPTION_ID','ISRAEL',NULL,1,'2012-06-19 00:00:00',1,'2012-06-19 00:00:00'),
 (797,'ZHS','FND_COUNTRY_CODE','DESCRIPTION_ID','以色列国',NULL,1,'2012-06-19 00:00:00',1,'2012-06-19 00:00:00'),
 (798,'US','FND_COUNTRY_CODE','DESCRIPTION_ID','ITALY',NULL,1,'2012-06-19 00:00:00',1,'2012-06-19 00:00:00'),
 (798,'ZHS','FND_COUNTRY_CODE','DESCRIPTION_ID','意大利共和国',NULL,1,'2012-06-19 00:00:00',1,'2012-06-19 00:00:00'),
 (799,'US','FND_COUNTRY_CODE','DESCRIPTION_ID','JAMAICA',NULL,1,'2012-06-19 00:00:00',1,'2012-06-19 00:00:00'),
 (799,'ZHS','FND_COUNTRY_CODE','DESCRIPTION_ID','牙买加',NULL,1,'2012-06-19 00:00:00',1,'2012-06-19 00:00:00'),
 (800,'US','FND_COUNTRY_CODE','DESCRIPTION_ID','JORDAN',NULL,1,'2012-06-19 00:00:00',1,'2012-06-19 00:00:00'),
 (800,'ZHS','FND_COUNTRY_CODE','DESCRIPTION_ID','约旦哈希姆王国',NULL,1,'2012-06-19 00:00:00',1,'2012-06-19 00:00:00'),
 (801,'US','FND_COUNTRY_CODE','DESCRIPTION_ID','JAPAN',NULL,1,'2012-06-19 00:00:00',1,'2012-06-19 00:00:00'),
 (801,'ZHS','FND_COUNTRY_CODE','DESCRIPTION_ID','日本国',NULL,1,'2012-06-19 00:00:00',1,'2012-06-19 00:00:00'),
 (802,'US','FND_COUNTRY_CODE','DESCRIPTION_ID','KAZAKHSTAN',NULL,1,'2012-06-19 00:00:00',1,'2012-06-19 00:00:00'),
 (802,'ZHS','FND_COUNTRY_CODE','DESCRIPTION_ID','哈萨克斯坦共和国',NULL,1,'2012-06-19 00:00:00',1,'2012-06-19 00:00:00'),
 (803,'US','FND_COUNTRY_CODE','DESCRIPTION_ID','KENYA',NULL,1,'2012-06-19 00:00:00',1,'2012-06-19 00:00:00'),
 (803,'ZHS','FND_COUNTRY_CODE','DESCRIPTION_ID','肯尼亚共和国',NULL,1,'2012-06-19 00:00:00',1,'2012-06-19 00:00:00'),
 (804,'US','FND_COUNTRY_CODE','DESCRIPTION_ID','KIRIBATI',NULL,1,'2012-06-19 00:00:00',1,'2012-06-19 00:00:00'),
 (804,'ZHS','FND_COUNTRY_CODE','DESCRIPTION_ID','基里巴斯',NULL,1,'2012-06-19 00:00:00',1,'2012-06-19 00:00:00'),
 (805,'US','FND_COUNTRY_CODE','DESCRIPTION_ID','SAINTKITTSANDNEVIS',NULL,1,'2012-06-19 00:00:00',1,'2012-06-19 00:00:00'),
 (805,'ZHS','FND_COUNTRY_CODE','DESCRIPTION_ID','圣基茨－尼维斯',NULL,1,'2012-06-19 00:00:00',1,'2012-06-19 00:00:00'),
 (806,'US','FND_COUNTRY_CODE','DESCRIPTION_ID','REPUBLICOFKOREA',NULL,1,'2012-06-19 00:00:00',1,'2012-06-19 00:00:00'),
 (806,'ZHS','FND_COUNTRY_CODE','DESCRIPTION_ID','大韩民国',NULL,1,'2012-06-19 00:00:00',1,'2012-06-19 00:00:00'),
 (807,'US','FND_COUNTRY_CODE','DESCRIPTION_ID','KUWAIT',NULL,1,'2012-06-19 00:00:00',1,'2012-06-19 00:00:00'),
 (807,'ZHS','FND_COUNTRY_CODE','DESCRIPTION_ID','科威特国',NULL,1,'2012-06-19 00:00:00',1,'2012-06-19 00:00:00'),
 (808,'US','FND_COUNTRY_CODE','DESCRIPTION_ID','LAOPEOPLE’SDEMOCRATICREPUBLIC',NULL,1,'2012-06-19 00:00:00',1,'2012-06-19 00:00:00'),
 (808,'ZHS','FND_COUNTRY_CODE','DESCRIPTION_ID','老挝人民民主共和国',NULL,1,'2012-06-19 00:00:00',1,'2012-06-19 00:00:00'),
 (809,'US','FND_COUNTRY_CODE','DESCRIPTION_ID','LEBANON',NULL,1,'2012-06-19 00:00:00',1,'2012-06-19 00:00:00'),
 (809,'ZHS','FND_COUNTRY_CODE','DESCRIPTION_ID','黎巴嫩共和国',NULL,1,'2012-06-19 00:00:00',1,'2012-06-19 00:00:00'),
 (810,'US','FND_COUNTRY_CODE','DESCRIPTION_ID','LIBERIA',NULL,1,'2012-06-19 00:00:00',1,'2012-06-19 00:00:00'),
 (810,'ZHS','FND_COUNTRY_CODE','DESCRIPTION_ID','利比里亚共和国',NULL,1,'2012-06-19 00:00:00',1,'2012-06-19 00:00:00'),
 (811,'US','FND_COUNTRY_CODE','DESCRIPTION_ID','LIBYANARABJAMAHIRIYA',NULL,1,'2012-06-19 00:00:00',1,'2012-06-19 00:00:00'),
 (811,'ZHS','FND_COUNTRY_CODE','DESCRIPTION_ID','阿拉伯利比亚人民社会主义民众国',NULL,1,'2012-06-19 00:00:00',1,'2012-06-19 00:00:00'),
 (812,'US','FND_COUNTRY_CODE','DESCRIPTION_ID','SAINTLUCIA',NULL,1,'2012-06-19 00:00:00',1,'2012-06-19 00:00:00'),
 (812,'ZHS','FND_COUNTRY_CODE','DESCRIPTION_ID','圣卢西亚',NULL,1,'2012-06-19 00:00:00',1,'2012-06-19 00:00:00'),
 (813,'US','FND_COUNTRY_CODE','DESCRIPTION_ID','LIECHTENSTEIN',NULL,1,'2012-06-19 00:00:00',1,'2012-06-19 00:00:00'),
 (813,'ZHS','FND_COUNTRY_CODE','DESCRIPTION_ID','列支敦士登公国',NULL,1,'2012-06-19 00:00:00',1,'2012-06-19 00:00:00'),
 (814,'US','FND_COUNTRY_CODE','DESCRIPTION_ID','LITHUANIA',NULL,1,'2012-06-19 00:00:00',1,'2012-06-19 00:00:00'),
 (814,'ZHS','FND_COUNTRY_CODE','DESCRIPTION_ID','立陶宛共和国',NULL,1,'2012-06-19 00:00:00',1,'2012-06-19 00:00:00'),
 (815,'US','FND_COUNTRY_CODE','DESCRIPTION_ID','LUXEMBOURG',NULL,1,'2012-06-19 00:00:00',1,'2012-06-19 00:00:00'),
 (815,'ZHS','FND_COUNTRY_CODE','DESCRIPTION_ID','卢森堡大公国',NULL,1,'2012-06-19 00:00:00',1,'2012-06-19 00:00:00'),
 (816,'US','FND_COUNTRY_CODE','DESCRIPTION_ID','LATVIA',NULL,1,'2012-06-19 00:00:00',1,'2012-06-19 00:00:00'),
 (816,'ZHS','FND_COUNTRY_CODE','DESCRIPTION_ID','拉脱维亚共和国',NULL,1,'2012-06-19 00:00:00',1,'2012-06-19 00:00:00'),
 (817,'US','FND_COUNTRY_CODE','DESCRIPTION_ID','MOROCCO',NULL,1,'2012-06-19 00:00:00',1,'2012-06-19 00:00:00'),
 (817,'ZHS','FND_COUNTRY_CODE','DESCRIPTION_ID','摩洛哥王国',NULL,1,'2012-06-19 00:00:00',1,'2012-06-19 00:00:00'),
 (818,'US','FND_COUNTRY_CODE','DESCRIPTION_ID','MONACO',NULL,1,'2012-06-19 00:00:00',1,'2012-06-19 00:00:00');
INSERT INTO `fnd_descriptions` (`DESCRIPTION_ID`,`LANGUAGE`,`REF_TABLE`,`REF_FIELD`,`DESCRIPTION_TEXT`,`FUNCTION_NAME`,`CREATED_BY`,`CREATION_DATE`,`LAST_UPDATED_BY`,`LAST_UPDATE_DATE`) VALUES 
 (818,'ZHS','FND_COUNTRY_CODE','DESCRIPTION_ID','摩纳哥公国',NULL,1,'2012-06-19 00:00:00',1,'2012-06-19 00:00:00'),
 (819,'US','FND_COUNTRY_CODE','DESCRIPTION_ID','MONGOLIA',NULL,1,'2012-06-19 00:00:00',1,'2012-06-19 00:00:00'),
 (819,'ZHS','FND_COUNTRY_CODE','DESCRIPTION_ID','蒙古',NULL,1,'2012-06-19 00:00:00',1,'2012-06-19 00:00:00'),
 (820,'US','FND_COUNTRY_CODE','DESCRIPTION_ID','MACAO',NULL,1,'2012-06-19 00:00:00',1,'2012-06-19 00:00:00'),
 (820,'ZHS','FND_COUNTRY_CODE','DESCRIPTION_ID','中国澳门',NULL,1,'2012-06-19 00:00:00',1,'2012-06-19 00:00:00'),
 (821,'US','FND_COUNTRY_CODE','DESCRIPTION_ID','MOZAMBIQUE',NULL,1,'2012-06-19 00:00:00',1,'2012-06-19 00:00:00'),
 (821,'ZHS','FND_COUNTRY_CODE','DESCRIPTION_ID','莫桑比克共和国',NULL,1,'2012-06-19 00:00:00',1,'2012-06-19 00:00:00'),
 (822,'US','FND_COUNTRY_CODE','DESCRIPTION_ID','MAURITANIA',NULL,1,'2012-06-19 00:00:00',1,'2012-06-19 00:00:00'),
 (822,'ZHS','FND_COUNTRY_CODE','DESCRIPTION_ID','毛里塔尼亚伊斯兰共和国',NULL,1,'2012-06-19 00:00:00',1,'2012-06-19 00:00:00'),
 (823,'US','FND_COUNTRY_CODE','DESCRIPTION_ID','MAURITIUS',NULL,1,'2012-06-19 00:00:00',1,'2012-06-19 00:00:00'),
 (823,'ZHS','FND_COUNTRY_CODE','DESCRIPTION_ID','毛里求斯共和国',NULL,1,'2012-06-19 00:00:00',1,'2012-06-19 00:00:00'),
 (824,'US','FND_COUNTRY_CODE','DESCRIPTION_ID','MALAWI',NULL,1,'2012-06-19 00:00:00',1,'2012-06-19 00:00:00'),
 (824,'ZHS','FND_COUNTRY_CODE','DESCRIPTION_ID','马拉维共和国',NULL,1,'2012-06-19 00:00:00',1,'2012-06-19 00:00:00'),
 (825,'US','FND_COUNTRY_CODE','DESCRIPTION_ID','MALAYSIA',NULL,1,'2012-06-19 00:00:00',1,'2012-06-19 00:00:00'),
 (825,'ZHS','FND_COUNTRY_CODE','DESCRIPTION_ID','马来西亚',NULL,1,'2012-06-19 00:00:00',1,'2012-06-19 00:00:00'),
 (826,'US','FND_COUNTRY_CODE','DESCRIPTION_ID','NAMIBIA',NULL,1,'2012-06-19 00:00:00',1,'2012-06-19 00:00:00'),
 (826,'ZHS','FND_COUNTRY_CODE','DESCRIPTION_ID','纳米比亚共和国',NULL,1,'2012-06-19 00:00:00',1,'2012-06-19 00:00:00'),
 (827,'US','FND_COUNTRY_CODE','DESCRIPTION_ID','NIGER',NULL,1,'2012-06-19 00:00:00',1,'2012-06-19 00:00:00'),
 (827,'ZHS','FND_COUNTRY_CODE','DESCRIPTION_ID','尼日尔共和国',NULL,1,'2012-06-19 00:00:00',1,'2012-06-19 00:00:00'),
 (828,'US','FND_COUNTRY_CODE','DESCRIPTION_ID','NIGERIA',NULL,1,'2012-06-19 00:00:00',1,'2012-06-19 00:00:00'),
 (828,'ZHS','FND_COUNTRY_CODE','DESCRIPTION_ID','尼日利亚联邦共和国',NULL,1,'2012-06-19 00:00:00',1,'2012-06-19 00:00:00'),
 (829,'US','FND_COUNTRY_CODE','DESCRIPTION_ID','NICARAGUA',NULL,1,'2012-06-19 00:00:00',1,'2012-06-19 00:00:00'),
 (829,'ZHS','FND_COUNTRY_CODE','DESCRIPTION_ID','尼加拉瓜共和国',NULL,1,'2012-06-19 00:00:00',1,'2012-06-19 00:00:00'),
 (830,'US','FND_COUNTRY_CODE','DESCRIPTION_ID','NETHERLANDS',NULL,1,'2012-06-19 00:00:00',1,'2012-06-19 00:00:00'),
 (830,'ZHS','FND_COUNTRY_CODE','DESCRIPTION_ID','荷兰王国',NULL,1,'2012-06-19 00:00:00',1,'2012-06-19 00:00:00'),
 (831,'US','FND_COUNTRY_CODE','DESCRIPTION_ID','NORWAY',NULL,1,'2012-06-19 00:00:00',1,'2012-06-19 00:00:00'),
 (831,'ZHS','FND_COUNTRY_CODE','DESCRIPTION_ID','挪威王国',NULL,1,'2012-06-19 00:00:00',1,'2012-06-19 00:00:00'),
 (832,'US','FND_COUNTRY_CODE','DESCRIPTION_ID','NEPAL',NULL,1,'2012-06-19 00:00:00',1,'2012-06-19 00:00:00'),
 (832,'ZHS','FND_COUNTRY_CODE','DESCRIPTION_ID','尼泊尔王国',NULL,1,'2012-06-19 00:00:00',1,'2012-06-19 00:00:00'),
 (833,'US','FND_COUNTRY_CODE','DESCRIPTION_ID','NAURU',NULL,1,'2012-06-19 00:00:00',1,'2012-06-19 00:00:00'),
 (833,'ZHS','FND_COUNTRY_CODE','DESCRIPTION_ID','瑙鲁共和国',NULL,1,'2012-06-19 00:00:00',1,'2012-06-19 00:00:00'),
 (834,'US','FND_COUNTRY_CODE','DESCRIPTION_ID','NEWZEALAND',NULL,1,'2012-06-19 00:00:00',1,'2012-06-19 00:00:00'),
 (834,'ZHS','FND_COUNTRY_CODE','DESCRIPTION_ID','新西兰',NULL,1,'2012-06-19 00:00:00',1,'2012-06-19 00:00:00'),
 (835,'US','FND_COUNTRY_CODE','DESCRIPTION_ID','OMAN',NULL,1,'2012-06-19 00:00:00',1,'2012-06-19 00:00:00'),
 (835,'ZHS','FND_COUNTRY_CODE','DESCRIPTION_ID','阿曼苏丹国',NULL,1,'2012-06-19 00:00:00',1,'2012-06-19 00:00:00'),
 (836,'US','FND_COUNTRY_CODE','DESCRIPTION_ID','OPCW-TechnicalSecretariat',NULL,1,'2012-06-19 00:00:00',1,'2012-06-19 00:00:00'),
 (836,'ZHS','FND_COUNTRY_CODE','DESCRIPTION_ID','禁止化学武器组织－技术秘书处',NULL,1,'2012-06-19 00:00:00',1,'2012-06-19 00:00:00'),
 (837,'US','FND_COUNTRY_CODE','DESCRIPTION_ID','PAKISTAN',NULL,1,'2012-06-19 00:00:00',1,'2012-06-19 00:00:00'),
 (837,'ZHS','FND_COUNTRY_CODE','DESCRIPTION_ID','巴基斯坦伊斯兰共和国',NULL,1,'2012-06-19 00:00:00',1,'2012-06-19 00:00:00'),
 (838,'US','FND_COUNTRY_CODE','DESCRIPTION_ID','PANAMA',NULL,1,'2012-06-19 00:00:00',1,'2012-06-19 00:00:00'),
 (838,'ZHS','FND_COUNTRY_CODE','DESCRIPTION_ID','巴拿马共和国',NULL,1,'2012-06-19 00:00:00',1,'2012-06-19 00:00:00'),
 (839,'US','FND_COUNTRY_CODE','DESCRIPTION_ID','PERU',NULL,1,'2012-06-19 00:00:00',1,'2012-06-19 00:00:00'),
 (839,'ZHS','FND_COUNTRY_CODE','DESCRIPTION_ID','秘鲁共和国',NULL,1,'2012-06-19 00:00:00',1,'2012-06-19 00:00:00'),
 (840,'US','FND_COUNTRY_CODE','DESCRIPTION_ID','PHILIPPINES',NULL,1,'2012-06-19 00:00:00',1,'2012-06-19 00:00:00'),
 (840,'ZHS','FND_COUNTRY_CODE','DESCRIPTION_ID','菲律宾共和国',NULL,1,'2012-06-19 00:00:00',1,'2012-06-19 00:00:00'),
 (841,'US','FND_COUNTRY_CODE','DESCRIPTION_ID','PAPUANEWGUINEA',NULL,1,'2012-06-19 00:00:00',1,'2012-06-19 00:00:00'),
 (841,'ZHS','FND_COUNTRY_CODE','DESCRIPTION_ID','巴布亚新几内亚',NULL,1,'2012-06-19 00:00:00',1,'2012-06-19 00:00:00'),
 (842,'US','FND_COUNTRY_CODE','DESCRIPTION_ID','POLAND',NULL,1,'2012-06-19 00:00:00',1,'2012-06-19 00:00:00'),
 (842,'ZHS','FND_COUNTRY_CODE','DESCRIPTION_ID','波兰共和国',NULL,1,'2012-06-19 00:00:00',1,'2012-06-19 00:00:00'),
 (843,'US','FND_COUNTRY_CODE','DESCRIPTION_ID','DEMOCRATICPEOPLE’SREPUBLICOFKOREA',NULL,1,'2012-06-19 00:00:00',1,'2012-06-19 00:00:00'),
 (843,'ZHS','FND_COUNTRY_CODE','DESCRIPTION_ID','朝鲜民主主义人民共和国',NULL,1,'2012-06-19 00:00:00',1,'2012-06-19 00:00:00'),
 (844,'US','FND_COUNTRY_CODE','DESCRIPTION_ID','PORTUGAL',NULL,1,'2012-06-19 00:00:00',1,'2012-06-19 00:00:00'),
 (844,'ZHS','FND_COUNTRY_CODE','DESCRIPTION_ID','葡萄牙共和国',NULL,1,'2012-06-19 00:00:00',1,'2012-06-19 00:00:00'),
 (845,'US','FND_COUNTRY_CODE','DESCRIPTION_ID','PARAGUAY',NULL,1,'2012-06-19 00:00:00',1,'2012-06-19 00:00:00'),
 (845,'ZHS','FND_COUNTRY_CODE','DESCRIPTION_ID','巴拉圭共和国',NULL,1,'2012-06-19 00:00:00',1,'2012-06-19 00:00:00'),
 (846,'US','FND_COUNTRY_CODE','DESCRIPTION_ID','QATAR',NULL,1,'2012-06-19 00:00:00',1,'2012-06-19 00:00:00'),
 (846,'ZHS','FND_COUNTRY_CODE','DESCRIPTION_ID','卡塔尔国',NULL,1,'2012-06-19 00:00:00',1,'2012-06-19 00:00:00'),
 (847,'US','FND_COUNTRY_CODE','DESCRIPTION_ID','ROMANIA',NULL,1,'2012-06-19 00:00:00',1,'2012-06-19 00:00:00'),
 (847,'ZHS','FND_COUNTRY_CODE','DESCRIPTION_ID','罗马尼亚',NULL,1,'2012-06-19 00:00:00',1,'2012-06-19 00:00:00'),
 (848,'US','FND_COUNTRY_CODE','DESCRIPTION_ID','RUSSIANFEDERATION',NULL,1,'2012-06-19 00:00:00',1,'2012-06-19 00:00:00'),
 (848,'ZHS','FND_COUNTRY_CODE','DESCRIPTION_ID','俄罗斯联邦',NULL,1,'2012-06-19 00:00:00',1,'2012-06-19 00:00:00'),
 (849,'US','FND_COUNTRY_CODE','DESCRIPTION_ID','RWANDA',NULL,1,'2012-06-19 00:00:00',1,'2012-06-19 00:00:00'),
 (849,'ZHS','FND_COUNTRY_CODE','DESCRIPTION_ID','卢旺达共和国',NULL,1,'2012-06-19 00:00:00',1,'2012-06-19 00:00:00'),
 (850,'US','FND_COUNTRY_CODE','DESCRIPTION_ID','SAUDIARABIA',NULL,1,'2012-06-19 00:00:00',1,'2012-06-19 00:00:00'),
 (850,'ZHS','FND_COUNTRY_CODE','DESCRIPTION_ID','沙特阿拉伯王国',NULL,1,'2012-06-19 00:00:00',1,'2012-06-19 00:00:00'),
 (851,'US','FND_COUNTRY_CODE','DESCRIPTION_ID','SUDAN',NULL,1,'2012-06-19 00:00:00',1,'2012-06-19 00:00:00'),
 (851,'ZHS','FND_COUNTRY_CODE','DESCRIPTION_ID','苏丹共和国',NULL,1,'2012-06-19 00:00:00',1,'2012-06-19 00:00:00'),
 (852,'US','FND_COUNTRY_CODE','DESCRIPTION_ID','SENEGAL',NULL,1,'2012-06-19 00:00:00',1,'2012-06-19 00:00:00'),
 (852,'ZHS','FND_COUNTRY_CODE','DESCRIPTION_ID','塞内加尔共和国',NULL,1,'2012-06-19 00:00:00',1,'2012-06-19 00:00:00'),
 (853,'US','FND_COUNTRY_CODE','DESCRIPTION_ID','SINGAPORE',NULL,1,'2012-06-19 00:00:00',1,'2012-06-19 00:00:00'),
 (853,'ZHS','FND_COUNTRY_CODE','DESCRIPTION_ID','新加坡共和国',NULL,1,'2012-06-19 00:00:00',1,'2012-06-19 00:00:00'),
 (854,'US','FND_COUNTRY_CODE','DESCRIPTION_ID','SOLOMONISLANDS',NULL,1,'2012-06-19 00:00:00',1,'2012-06-19 00:00:00'),
 (854,'ZHS','FND_COUNTRY_CODE','DESCRIPTION_ID','所罗门群岛',NULL,1,'2012-06-19 00:00:00',1,'2012-06-19 00:00:00'),
 (855,'US','FND_COUNTRY_CODE','DESCRIPTION_ID','SOMALIA',NULL,1,'2012-06-19 00:00:00',1,'2012-06-19 00:00:00'),
 (855,'ZHS','FND_COUNTRY_CODE','DESCRIPTION_ID','索马里民主共和国',NULL,1,'2012-06-19 00:00:00',1,'2012-06-19 00:00:00'),
 (856,'US','FND_COUNTRY_CODE','DESCRIPTION_ID','SAOTOMEANDPRINCIPE',NULL,1,'2012-06-19 00:00:00',1,'2012-06-19 00:00:00'),
 (856,'ZHS','FND_COUNTRY_CODE','DESCRIPTION_ID','圣多美和普林西比民主共和国',NULL,1,'2012-06-19 00:00:00',1,'2012-06-19 00:00:00'),
 (857,'US','FND_COUNTRY_CODE','DESCRIPTION_ID','SURINAME',NULL,1,'2012-06-19 00:00:00',1,'2012-06-19 00:00:00'),
 (857,'ZHS','FND_COUNTRY_CODE','DESCRIPTION_ID','苏里南共和国',NULL,1,'2012-06-19 00:00:00',1,'2012-06-19 00:00:00'),
 (858,'US','FND_COUNTRY_CODE','DESCRIPTION_ID','SLOVAKIA',NULL,1,'2012-06-19 00:00:00',1,'2012-06-19 00:00:00'),
 (858,'ZHS','FND_COUNTRY_CODE','DESCRIPTION_ID','斯洛伐克共和国',NULL,1,'2012-06-19 00:00:00',1,'2012-06-19 00:00:00'),
 (859,'US','FND_COUNTRY_CODE','DESCRIPTION_ID','SLOVENIA',NULL,1,'2012-06-19 00:00:00',1,'2012-06-19 00:00:00'),
 (859,'ZHS','FND_COUNTRY_CODE','DESCRIPTION_ID','斯洛文尼亚共和国',NULL,1,'2012-06-19 00:00:00',1,'2012-06-19 00:00:00'),
 (860,'US','FND_COUNTRY_CODE','DESCRIPTION_ID','SWEDEN',NULL,1,'2012-06-19 00:00:00',1,'2012-06-19 00:00:00'),
 (860,'ZHS','FND_COUNTRY_CODE','DESCRIPTION_ID','瑞典王国',NULL,1,'2012-06-19 00:00:00',1,'2012-06-19 00:00:00'),
 (861,'US','FND_COUNTRY_CODE','DESCRIPTION_ID','SWAZILAND',NULL,1,'2012-06-19 00:00:00',1,'2012-06-19 00:00:00'),
 (861,'ZHS','FND_COUNTRY_CODE','DESCRIPTION_ID','斯威士兰王国',NULL,1,'2012-06-19 00:00:00',1,'2012-06-19 00:00:00'),
 (862,'US','FND_COUNTRY_CODE','DESCRIPTION_ID','SEYCHELLES',NULL,1,'2012-06-19 00:00:00',1,'2012-06-19 00:00:00'),
 (862,'ZHS','FND_COUNTRY_CODE','DESCRIPTION_ID','塞舌尔共和国',NULL,1,'2012-06-19 00:00:00',1,'2012-06-19 00:00:00'),
 (863,'US','FND_COUNTRY_CODE','DESCRIPTION_ID','SYRIANARABREPUBLIC',NULL,1,'2012-06-19 00:00:00',1,'2012-06-19 00:00:00'),
 (863,'ZHS','FND_COUNTRY_CODE','DESCRIPTION_ID','阿拉伯叙利亚共和国',NULL,1,'2012-06-19 00:00:00',1,'2012-06-19 00:00:00'),
 (864,'US','FND_COUNTRY_CODE','DESCRIPTION_ID','CHAD',NULL,1,'2012-06-19 00:00:00',1,'2012-06-19 00:00:00'),
 (864,'ZHS','FND_COUNTRY_CODE','DESCRIPTION_ID','乍得共和国',NULL,1,'2012-06-19 00:00:00',1,'2012-06-19 00:00:00'),
 (865,'US','FND_COUNTRY_CODE','DESCRIPTION_ID','TOGO',NULL,1,'2012-06-19 00:00:00',1,'2012-06-19 00:00:00'),
 (865,'ZHS','FND_COUNTRY_CODE','DESCRIPTION_ID','多哥共和国',NULL,1,'2012-06-19 00:00:00',1,'2012-06-19 00:00:00'),
 (866,'US','FND_COUNTRY_CODE','DESCRIPTION_ID','THAILAND',NULL,1,'2012-06-19 00:00:00',1,'2012-06-19 00:00:00'),
 (866,'ZHS','FND_COUNTRY_CODE','DESCRIPTION_ID','泰王国',NULL,1,'2012-06-19 00:00:00',1,'2012-06-19 00:00:00'),
 (867,'US','FND_COUNTRY_CODE','DESCRIPTION_ID','TAJIKISTAN',NULL,1,'2012-06-19 00:00:00',1,'2012-06-19 00:00:00'),
 (867,'ZHS','FND_COUNTRY_CODE','DESCRIPTION_ID','塔吉克斯坦共和国',NULL,1,'2012-06-19 00:00:00',1,'2012-06-19 00:00:00'),
 (868,'US','FND_COUNTRY_CODE','DESCRIPTION_ID','TURKMENISTAN',NULL,1,'2012-06-19 00:00:00',1,'2012-06-19 00:00:00'),
 (868,'ZHS','FND_COUNTRY_CODE','DESCRIPTION_ID','土库曼斯坦',NULL,1,'2012-06-19 00:00:00',1,'2012-06-19 00:00:00'),
 (869,'US','FND_COUNTRY_CODE','DESCRIPTION_ID','TONGA',NULL,1,'2012-06-19 00:00:00',1,'2012-06-19 00:00:00'),
 (869,'ZHS','FND_COUNTRY_CODE','DESCRIPTION_ID','汤加王国',NULL,1,'2012-06-19 00:00:00',1,'2012-06-19 00:00:00'),
 (870,'US','FND_COUNTRY_CODE','DESCRIPTION_ID','TRINDADANDTOBAGO',NULL,1,'2012-06-19 00:00:00',1,'2012-06-19 00:00:00'),
 (870,'ZHS','FND_COUNTRY_CODE','DESCRIPTION_ID','特立尼达和多巴哥',NULL,1,'2012-06-19 00:00:00',1,'2012-06-19 00:00:00'),
 (871,'US','FND_COUNTRY_CODE','DESCRIPTION_ID','TUNISIA',NULL,1,'2012-06-19 00:00:00',1,'2012-06-19 00:00:00'),
 (871,'ZHS','FND_COUNTRY_CODE','DESCRIPTION_ID','突尼斯共和国',NULL,1,'2012-06-19 00:00:00',1,'2012-06-19 00:00:00'),
 (872,'US','FND_COUNTRY_CODE','DESCRIPTION_ID','TURKEY',NULL,1,'2012-06-19 00:00:00',1,'2012-06-19 00:00:00'),
 (872,'ZHS','FND_COUNTRY_CODE','DESCRIPTION_ID','土耳其共和国',NULL,1,'2012-06-19 00:00:00',1,'2012-06-19 00:00:00'),
 (873,'US','FND_COUNTRY_CODE','DESCRIPTION_ID','TUVALU',NULL,1,'2012-06-19 00:00:00',1,'2012-06-19 00:00:00'),
 (873,'ZHS','FND_COUNTRY_CODE','DESCRIPTION_ID','图瓦卢',NULL,1,'2012-06-19 00:00:00',1,'2012-06-19 00:00:00'),
 (874,'US','FND_COUNTRY_CODE','DESCRIPTION_ID','TANZANIA',NULL,1,'2012-06-19 00:00:00',1,'2012-06-19 00:00:00'),
 (874,'ZHS','FND_COUNTRY_CODE','DESCRIPTION_ID','坦桑尼亚联合共和国',NULL,1,'2012-06-19 00:00:00',1,'2012-06-19 00:00:00'),
 (875,'US','FND_COUNTRY_CODE','DESCRIPTION_ID','TAIWAN',NULL,1,'2012-06-19 00:00:00',1,'2012-06-19 00:00:00'),
 (875,'ZHS','FND_COUNTRY_CODE','DESCRIPTION_ID','中国台湾',NULL,1,'2012-06-19 00:00:00',1,'2012-06-19 00:00:00'),
 (876,'US','FND_COUNTRY_CODE','DESCRIPTION_ID','UGANDA',NULL,1,'2012-06-19 00:00:00',1,'2012-06-19 00:00:00'),
 (876,'ZHS','FND_COUNTRY_CODE','DESCRIPTION_ID','乌干达共和国',NULL,1,'2012-06-19 00:00:00',1,'2012-06-19 00:00:00'),
 (877,'US','FND_COUNTRY_CODE','DESCRIPTION_ID','UKRAINE',NULL,1,'2012-06-19 00:00:00',1,'2012-06-19 00:00:00'),
 (877,'ZHS','FND_COUNTRY_CODE','DESCRIPTION_ID','乌克兰',NULL,1,'2012-06-19 00:00:00',1,'2012-06-19 00:00:00'),
 (878,'US','FND_COUNTRY_CODE','DESCRIPTION_ID','URUGUAY',NULL,1,'2012-06-19 00:00:00',1,'2012-06-19 00:00:00'),
 (878,'ZHS','FND_COUNTRY_CODE','DESCRIPTION_ID','乌拉圭东岸共和国',NULL,1,'2012-06-19 00:00:00',1,'2012-06-19 00:00:00'),
 (879,'US','FND_COUNTRY_CODE','DESCRIPTION_ID','UNITEDSTATESOFAMERICA',NULL,1,'2012-06-19 00:00:00',1,'2012-06-19 00:00:00'),
 (879,'ZHS','FND_COUNTRY_CODE','DESCRIPTION_ID','美利坚合众国',NULL,1,'2012-06-19 00:00:00',1,'2012-06-19 00:00:00'),
 (880,'US','FND_COUNTRY_CODE','DESCRIPTION_ID','UZBEKISTAN',NULL,1,'2012-06-19 00:00:00',1,'2012-06-19 00:00:00'),
 (880,'ZHS','FND_COUNTRY_CODE','DESCRIPTION_ID','乌兹别克斯坦共和国',NULL,1,'2012-06-19 00:00:00',1,'2012-06-19 00:00:00'),
 (881,'US','FND_COUNTRY_CODE','DESCRIPTION_ID','HOLYSEE',NULL,1,'2012-06-19 00:00:00',1,'2012-06-19 00:00:00'),
 (881,'ZHS','FND_COUNTRY_CODE','DESCRIPTION_ID','梵蒂冈',NULL,1,'2012-06-19 00:00:00',1,'2012-06-19 00:00:00'),
 (882,'US','FND_COUNTRY_CODE','DESCRIPTION_ID','SAINTVINCENTANDTHEGRENADINES',NULL,1,'2012-06-19 00:00:00',1,'2012-06-19 00:00:00'),
 (882,'ZHS','FND_COUNTRY_CODE','DESCRIPTION_ID','圣文森特和格林纳丁斯',NULL,1,'2012-06-19 00:00:00',1,'2012-06-19 00:00:00'),
 (883,'US','FND_COUNTRY_CODE','DESCRIPTION_ID','VENEZUELA',NULL,1,'2012-06-19 00:00:00',1,'2012-06-19 00:00:00'),
 (883,'ZHS','FND_COUNTRY_CODE','DESCRIPTION_ID','委内瑞拉共和国',NULL,1,'2012-06-19 00:00:00',1,'2012-06-19 00:00:00'),
 (884,'US','FND_COUNTRY_CODE','DESCRIPTION_ID','VIETNAM',NULL,1,'2012-06-19 00:00:00',1,'2012-06-19 00:00:00'),
 (884,'ZHS','FND_COUNTRY_CODE','DESCRIPTION_ID','越南社会主义共和国',NULL,1,'2012-06-19 00:00:00',1,'2012-06-19 00:00:00'),
 (885,'US','FND_COUNTRY_CODE','DESCRIPTION_ID','VANUATU',NULL,1,'2012-06-19 00:00:00',1,'2012-06-19 00:00:00'),
 (885,'ZHS','FND_COUNTRY_CODE','DESCRIPTION_ID','瓦努阿图共和国',NULL,1,'2012-06-19 00:00:00',1,'2012-06-19 00:00:00'),
 (886,'US','FND_COUNTRY_CODE','DESCRIPTION_ID','SAMOA',NULL,1,'2012-06-19 00:00:00',1,'2012-06-19 00:00:00'),
 (886,'ZHS','FND_COUNTRY_CODE','DESCRIPTION_ID','西萨摩亚独立国',NULL,1,'2012-06-19 00:00:00',1,'2012-06-19 00:00:00'),
 (887,'US','FND_COUNTRY_CODE','DESCRIPTION_ID','YEMEN',NULL,1,'2012-06-19 00:00:00',1,'2012-06-19 00:00:00'),
 (887,'ZHS','FND_COUNTRY_CODE','DESCRIPTION_ID','也门共和国',NULL,1,'2012-06-19 00:00:00',1,'2012-06-19 00:00:00'),
 (888,'US','FND_COUNTRY_CODE','DESCRIPTION_ID','YUGOSLAVIA',NULL,1,'2012-06-19 00:00:00',1,'2012-06-19 00:00:00'),
 (888,'ZHS','FND_COUNTRY_CODE','DESCRIPTION_ID','南斯拉夫联邦共和国',NULL,1,'2012-06-19 00:00:00',1,'2012-06-19 00:00:00'),
 (889,'US','FND_COUNTRY_CODE','DESCRIPTION_ID','SOUTHAFRICA',NULL,1,'2012-06-19 00:00:00',1,'2012-06-19 00:00:00'),
 (889,'ZHS','FND_COUNTRY_CODE','DESCRIPTION_ID','南非共和国',NULL,1,'2012-06-19 00:00:00',1,'2012-06-19 00:00:00'),
 (890,'US','FND_COUNTRY_CODE','DESCRIPTION_ID','ZAIRE',NULL,1,'2012-06-19 00:00:00',1,'2012-06-19 00:00:00'),
 (890,'ZHS','FND_COUNTRY_CODE','DESCRIPTION_ID','扎伊尔共和国',NULL,1,'2012-06-19 00:00:00',1,'2012-06-19 00:00:00'),
 (891,'US','FND_COUNTRY_CODE','DESCRIPTION_ID','ZAMBIA',NULL,1,'2012-06-19 00:00:00',1,'2012-06-19 00:00:00'),
 (891,'ZHS','FND_COUNTRY_CODE','DESCRIPTION_ID','赞比亚共和国',NULL,1,'2012-06-19 00:00:00',1,'2012-06-19 00:00:00'),
 (892,'US','FND_COUNTRY_CODE','DESCRIPTION_ID','ZIMBABWE',NULL,1,'2012-06-19 00:00:00',1,'2012-06-19 00:00:00'),
 (892,'ZHS','FND_COUNTRY_CODE','DESCRIPTION_ID','津巴布韦共和国',NULL,1,'2012-06-19 00:00:00',1,'2012-06-19 00:00:00'),
 (893,'US','FND_COUNTRY_CODE','DESCRIPTION_ID','FIJI',NULL,1,'2012-06-19 00:00:00',1,'2012-06-19 00:00:00'),
 (893,'ZHS','FND_COUNTRY_CODE','DESCRIPTION_ID','斐济共和国',NULL,1,'2012-06-19 00:00:00',1,'2012-06-19 00:00:00'),
 (894,'US','FND_COUNTRY_CODE','DESCRIPTION_ID','KYRGYZSTAN',NULL,1,'2012-06-19 00:00:00',1,'2012-06-19 00:00:00'),
 (894,'ZHS','FND_COUNTRY_CODE','DESCRIPTION_ID','吉尔吉斯斯坦共和国',NULL,1,'2012-06-19 00:00:00',1,'2012-06-19 00:00:00'),
 (895,'US','FND_COUNTRY_CODE','DESCRIPTION_ID','CAMBODIA',NULL,1,'2012-06-19 00:00:00',1,'2012-06-19 00:00:00'),
 (895,'ZHS','FND_COUNTRY_CODE','DESCRIPTION_ID','柬埔寨',NULL,1,'2012-06-19 00:00:00',1,'2012-06-19 00:00:00'),
 (896,'US','FND_COUNTRY_CODE','DESCRIPTION_ID','SRILANKA',NULL,1,'2012-06-19 00:00:00',1,'2012-06-19 00:00:00'),
 (896,'ZHS','FND_COUNTRY_CODE','DESCRIPTION_ID','斯里兰卡社会主义民主共和国',NULL,1,'2012-06-19 00:00:00',1,'2012-06-19 00:00:00'),
 (897,'US','FND_COUNTRY_CODE','DESCRIPTION_ID','LESOTHO',NULL,1,'2012-06-19 00:00:00',1,'2012-06-19 00:00:00'),
 (897,'ZHS','FND_COUNTRY_CODE','DESCRIPTION_ID','莱索托王国',NULL,1,'2012-06-19 00:00:00',1,'2012-06-19 00:00:00'),
 (898,'US','FND_COUNTRY_CODE','DESCRIPTION_ID','MOLDOVA',NULL,1,'2012-06-19 00:00:00',1,'2012-06-19 00:00:00'),
 (898,'ZHS','FND_COUNTRY_CODE','DESCRIPTION_ID','摩尔多瓦共和国',NULL,1,'2012-06-19 00:00:00',1,'2012-06-19 00:00:00'),
 (899,'US','FND_COUNTRY_CODE','DESCRIPTION_ID','MADAGASCAR',NULL,1,'2012-06-19 00:00:00',1,'2012-06-19 00:00:00'),
 (899,'ZHS','FND_COUNTRY_CODE','DESCRIPTION_ID','马达加斯加共和国',NULL,1,'2012-06-19 00:00:00',1,'2012-06-19 00:00:00'),
 (900,'US','FND_COUNTRY_CODE','DESCRIPTION_ID','MALDIVES',NULL,1,'2012-06-19 00:00:00',1,'2012-06-19 00:00:00'),
 (900,'ZHS','FND_COUNTRY_CODE','DESCRIPTION_ID','马尔代夫共和国',NULL,1,'2012-06-19 00:00:00',1,'2012-06-19 00:00:00'),
 (901,'US','FND_COUNTRY_CODE','DESCRIPTION_ID','MEXICO',NULL,1,'2012-06-19 00:00:00',1,'2012-06-19 00:00:00'),
 (901,'ZHS','FND_COUNTRY_CODE','DESCRIPTION_ID','墨西哥合众国',NULL,1,'2012-06-19 00:00:00',1,'2012-06-19 00:00:00'),
 (902,'US','FND_COUNTRY_CODE','DESCRIPTION_ID','MARSHALLISLANDS',NULL,1,'2012-06-19 00:00:00',1,'2012-06-19 00:00:00'),
 (902,'ZHS','FND_COUNTRY_CODE','DESCRIPTION_ID','马绍尔群岛共和国',NULL,1,'2012-06-19 00:00:00',1,'2012-06-19 00:00:00'),
 (903,'US','FND_COUNTRY_CODE','DESCRIPTION_ID','MALI',NULL,1,'2012-06-19 00:00:00',1,'2012-06-19 00:00:00'),
 (903,'ZHS','FND_COUNTRY_CODE','DESCRIPTION_ID','马里共和国',NULL,1,'2012-06-19 00:00:00',1,'2012-06-19 00:00:00'),
 (904,'US','FND_COUNTRY_CODE','DESCRIPTION_ID','MALTA',NULL,1,'2012-06-19 00:00:00',1,'2012-06-19 00:00:00'),
 (904,'ZHS','FND_COUNTRY_CODE','DESCRIPTION_ID','马耳他共和国',NULL,1,'2012-06-19 00:00:00',1,'2012-06-19 00:00:00'),
 (905,'US','FND_COUNTRY_CODE','DESCRIPTION_ID','MYANMAR',NULL,1,'2012-06-19 00:00:00',1,'2012-06-19 00:00:00'),
 (905,'ZHS','FND_COUNTRY_CODE','DESCRIPTION_ID','缅甸联邦',NULL,1,'2012-06-19 00:00:00',1,'2012-06-19 00:00:00'),
 (906,'US','FND_COUNTRY_CODE','DESCRIPTION_ID','SIERRALEONE',NULL,1,'2012-06-19 00:00:00',1,'2012-06-19 00:00:00'),
 (906,'ZHS','FND_COUNTRY_CODE','DESCRIPTION_ID','塞拉利昂共和国',NULL,1,'2012-06-19 00:00:00',1,'2012-06-19 00:00:00'),
 (907,'US','FND_COUNTRY_CODE','DESCRIPTION_ID','ELSALVADOR',NULL,1,'2012-06-19 00:00:00',1,'2012-06-19 00:00:00'),
 (907,'ZHS','FND_COUNTRY_CODE','DESCRIPTION_ID','萨尔瓦多共和国',NULL,1,'2012-06-19 00:00:00',1,'2012-06-19 00:00:00'),
 (908,'US','FND_COUNTRY_CODE','DESCRIPTION_ID','SANMARINO',NULL,1,'2012-06-19 00:00:00',1,'2012-06-19 00:00:00'),
 (908,'ZHS','FND_COUNTRY_CODE','DESCRIPTION_ID','圣马利诺共和国',NULL,1,'2012-06-19 00:00:00',1,'2012-06-19 00:00:00'),
 (909,'US','GLD_CURRENCY','CURRENCY_NAME_ID','Dirham',NULL,1,'2012-06-19 00:00:00',1,'2012-06-19 00:00:00'),
 (909,'ZHS','GLD_CURRENCY','CURRENCY_NAME_ID','阿联酋迪拉姆',NULL,1,'2012-06-19 00:00:00',21,'2012-07-04 00:00:00'),
 (910,'US','GLD_CURRENCY','CURRENCY_NAME_ID','Lek',NULL,1,'2012-06-19 00:00:00',1,'2012-06-19 00:00:00'),
 (910,'ZHS','GLD_CURRENCY','CURRENCY_NAME_ID','列克',NULL,1,'2012-06-19 00:00:00',1,'2012-06-19 00:00:00'),
 (911,'US','GLD_CURRENCY','CURRENCY_NAME_ID','Kwanza',NULL,1,'2012-06-19 00:00:00',1,'2012-06-19 00:00:00'),
 (911,'ZHS','GLD_CURRENCY','CURRENCY_NAME_ID','宽扎',NULL,1,'2012-06-19 00:00:00',1,'2012-06-19 00:00:00'),
 (912,'US','GLD_CURRENCY','CURRENCY_NAME_ID','Austrian',NULL,1,'2012-06-19 00:00:00',1,'2012-06-19 00:00:00'),
 (912,'ZHS','GLD_CURRENCY','CURRENCY_NAME_ID','奥地利先令',NULL,1,'2012-06-19 00:00:00',1,'2012-06-19 00:00:00'),
 (913,'US','GLD_CURRENCY','CURRENCY_NAME_ID','Italian Lira',NULL,1,'2012-06-19 00:00:00',1,'2012-06-19 00:00:00'),
 (913,'ZHS','GLD_CURRENCY','CURRENCY_NAME_ID','意大利里拉',NULL,1,'2012-06-19 00:00:00',1,'2012-06-19 00:00:00'),
 (914,'US','GLD_CURRENCY','CURRENCY_NAME_ID','Australian Dollar',NULL,1,'2012-06-19 00:00:00',1,'2012-06-19 00:00:00'),
 (914,'ZHS','GLD_CURRENCY','CURRENCY_NAME_ID','澳大利亚元',NULL,1,'2012-06-19 00:00:00',1,'2012-06-19 00:00:00'),
 (915,'US','GLD_CURRENCY','CURRENCY_NAME_ID','Franc Belge',NULL,1,'2012-06-19 00:00:00',1,'2012-06-19 00:00:00'),
 (915,'ZHS','GLD_CURRENCY','CURRENCY_NAME_ID','比利时法郎',NULL,1,'2012-06-19 00:00:00',1,'2012-06-19 00:00:00'),
 (916,'US','GLD_CURRENCY','CURRENCY_NAME_ID','New Cruzeiro G',NULL,1,'2012-06-19 00:00:00',1,'2012-06-19 00:00:00'),
 (916,'ZHS','GLD_CURRENCY','CURRENCY_NAME_ID','新克鲁赛罗',NULL,1,'2012-06-19 00:00:00',1,'2012-06-19 00:00:00'),
 (917,'US','GLD_CURRENCY','CURRENCY_NAME_ID','Bahaman Dollar',NULL,1,'2012-06-19 00:00:00',1,'2012-06-19 00:00:00'),
 (917,'ZHS','GLD_CURRENCY','CURRENCY_NAME_ID','巴哈马元',NULL,1,'2012-06-19 00:00:00',1,'2012-06-19 00:00:00'),
 (918,'US','GLD_CURRENCY','CURRENCY_NAME_ID','Boliviano',NULL,1,'2012-06-19 00:00:00',1,'2012-06-19 00:00:00'),
 (918,'ZHS','GLD_CURRENCY','CURRENCY_NAME_ID','玻利维亚比索',NULL,1,'2012-06-19 00:00:00',1,'2012-06-19 00:00:00'),
 (919,'US','GLD_CURRENCY','CURRENCY_NAME_ID','Canadian Dollar',NULL,1,'2012-06-19 00:00:00',1,'2012-06-19 00:00:00'),
 (919,'ZHS','GLD_CURRENCY','CURRENCY_NAME_ID','加拿大元',NULL,1,'2012-06-19 00:00:00',1,'2012-06-19 00:00:00'),
 (920,'US','GLD_CURRENCY','CURRENCY_NAME_ID','Swiss Franc',NULL,1,'2012-06-19 00:00:00',1,'2012-06-19 00:00:00'),
 (920,'ZHS','GLD_CURRENCY','CURRENCY_NAME_ID','瑞士法郎',NULL,1,'2012-06-19 00:00:00',1,'2012-06-19 00:00:00'),
 (921,'US','GLD_CURRENCY','CURRENCY_NAME_ID','Peso',NULL,1,'2012-06-19 00:00:00',1,'2012-06-19 00:00:00'),
 (921,'ZHS','GLD_CURRENCY','CURRENCY_NAME_ID','比索',NULL,1,'2012-06-19 00:00:00',1,'2012-06-19 00:00:00'),
 (922,'US','GLD_CURRENCY','CURRENCY_NAME_ID','Renminbi',NULL,1,'2012-06-19 00:00:00',1,'2012-06-19 00:00:00'),
 (922,'ZHS','GLD_CURRENCY','CURRENCY_NAME_ID','人民币',NULL,1,'2012-06-19 00:00:00',21,'2012-06-20 00:00:00'),
 (923,'US','GLD_CURRENCY','CURRENCY_NAME_ID','Peso',NULL,1,'2012-06-19 00:00:00',1,'2012-06-19 00:00:00'),
 (923,'ZHS','GLD_CURRENCY','CURRENCY_NAME_ID','比索',NULL,1,'2012-06-19 00:00:00',1,'2012-06-19 00:00:00'),
 (924,'US','GLD_CURRENCY','CURRENCY_NAME_ID','Peso',NULL,1,'2012-06-19 00:00:00',1,'2012-06-19 00:00:00'),
 (924,'ZHS','GLD_CURRENCY','CURRENCY_NAME_ID','比索',NULL,1,'2012-06-19 00:00:00',1,'2012-06-19 00:00:00'),
 (925,'US','GLD_CURRENCY','CURRENCY_NAME_ID','Deutsche Mark',NULL,1,'2012-06-19 00:00:00',1,'2012-06-19 00:00:00'),
 (925,'ZHS','GLD_CURRENCY','CURRENCY_NAME_ID','德意志马克',NULL,1,'2012-06-19 00:00:00',1,'2012-06-19 00:00:00'),
 (926,'US','GLD_CURRENCY','CURRENCY_NAME_ID','Zloty',NULL,1,'2012-06-19 00:00:00',1,'2012-06-19 00:00:00'),
 (926,'ZHS','GLD_CURRENCY','CURRENCY_NAME_ID','兹罗提',NULL,1,'2012-06-19 00:00:00',1,'2012-06-19 00:00:00'),
 (927,'US','GLD_CURRENCY','CURRENCY_NAME_ID','Algerian Dinar',NULL,1,'2012-06-19 00:00:00',1,'2012-06-19 00:00:00'),
 (927,'ZHS','GLD_CURRENCY','CURRENCY_NAME_ID','阿尔及利亚第纳尔',NULL,1,'2012-06-19 00:00:00',1,'2012-06-19 00:00:00'),
 (928,'US','GLD_CURRENCY','CURRENCY_NAME_ID','Peseta',NULL,1,'2012-06-19 00:00:00',1,'2012-06-19 00:00:00'),
 (928,'ZHS','GLD_CURRENCY','CURRENCY_NAME_ID','比塞塔',NULL,1,'2012-06-19 00:00:00',1,'2012-06-19 00:00:00'),
 (929,'US','GLD_CURRENCY','CURRENCY_NAME_ID','Euro',NULL,1,'2012-06-19 00:00:00',1,'2012-06-19 00:00:00'),
 (929,'ZHS','GLD_CURRENCY','CURRENCY_NAME_ID','欧元',NULL,1,'2012-06-19 00:00:00',1,'2012-06-19 00:00:00'),
 (930,'US','GLD_CURRENCY','CURRENCY_NAME_ID','Finnish Markka',NULL,1,'2012-06-19 00:00:00',1,'2012-06-19 00:00:00'),
 (930,'ZHS','GLD_CURRENCY','CURRENCY_NAME_ID','芬兰马克',NULL,1,'2012-06-19 00:00:00',1,'2012-06-19 00:00:00'),
 (931,'US','GLD_CURRENCY','CURRENCY_NAME_ID','Fiji Dollar',NULL,1,'2012-06-19 00:00:00',1,'2012-06-19 00:00:00'),
 (931,'ZHS','GLD_CURRENCY','CURRENCY_NAME_ID','斐济元',NULL,1,'2012-06-19 00:00:00',1,'2012-06-19 00:00:00'),
 (932,'US','GLD_CURRENCY','CURRENCY_NAME_ID','Franc',NULL,1,'2012-06-19 00:00:00',1,'2012-06-19 00:00:00'),
 (932,'ZHS','GLD_CURRENCY','CURRENCY_NAME_ID','法郎',NULL,1,'2012-06-19 00:00:00',1,'2012-06-19 00:00:00'),
 (933,'US','GLD_CURRENCY','CURRENCY_NAME_ID','Pound Sterling',NULL,1,'2012-06-19 00:00:00',1,'2012-06-19 00:00:00'),
 (933,'ZHS','GLD_CURRENCY','CURRENCY_NAME_ID','英镑',NULL,1,'2012-06-19 00:00:00',1,'2012-06-19 00:00:00'),
 (934,'US','GLD_CURRENCY','CURRENCY_NAME_ID','Cedi',NULL,1,'2012-06-19 00:00:00',1,'2012-06-19 00:00:00'),
 (934,'ZHS','GLD_CURRENCY','CURRENCY_NAME_ID','塞迪',NULL,1,'2012-06-19 00:00:00',1,'2012-06-19 00:00:00'),
 (935,'US','GLD_CURRENCY','CURRENCY_NAME_ID','Drachma',NULL,1,'2012-06-19 00:00:00',1,'2012-06-19 00:00:00'),
 (935,'ZHS','GLD_CURRENCY','CURRENCY_NAME_ID','德拉克马',NULL,1,'2012-06-19 00:00:00',1,'2012-06-19 00:00:00'),
 (936,'US','GLD_CURRENCY','CURRENCY_NAME_ID','Lempira',NULL,1,'2012-06-19 00:00:00',1,'2012-06-19 00:00:00'),
 (936,'ZHS','GLD_CURRENCY','CURRENCY_NAME_ID','伦皮拉',NULL,1,'2012-06-19 00:00:00',1,'2012-06-19 00:00:00'),
 (937,'US','GLD_CURRENCY','CURRENCY_NAME_ID','Dinar',NULL,1,'2012-06-19 00:00:00',1,'2012-06-19 00:00:00'),
 (937,'ZHS','GLD_CURRENCY','CURRENCY_NAME_ID','第纳尔',NULL,1,'2012-06-19 00:00:00',1,'2012-06-19 00:00:00'),
 (938,'US','GLD_CURRENCY','CURRENCY_NAME_ID','Forint',NULL,1,'2012-06-19 00:00:00',1,'2012-06-19 00:00:00'),
 (938,'ZHS','GLD_CURRENCY','CURRENCY_NAME_ID','福林',NULL,1,'2012-06-19 00:00:00',1,'2012-06-19 00:00:00'),
 (939,'US','GLD_CURRENCY','CURRENCY_NAME_ID','Indonesian Rupiah',NULL,1,'2012-06-19 00:00:00',1,'2012-06-19 00:00:00'),
 (939,'ZHS','GLD_CURRENCY','CURRENCY_NAME_ID','印度尼西亚盾',NULL,1,'2012-06-19 00:00:00',1,'2012-06-19 00:00:00'),
 (940,'US','GLD_CURRENCY','CURRENCY_NAME_ID','Indian Rupee',NULL,1,'2012-06-19 00:00:00',1,'2012-06-19 00:00:00'),
 (940,'ZHS','GLD_CURRENCY','CURRENCY_NAME_ID','印度卢比',NULL,1,'2012-06-19 00:00:00',1,'2012-06-19 00:00:00'),
 (941,'US','GLD_CURRENCY','CURRENCY_NAME_ID','Iraqi Dinar',NULL,1,'2012-06-19 00:00:00',1,'2012-06-19 00:00:00'),
 (941,'ZHS','GLD_CURRENCY','CURRENCY_NAME_ID','伊拉克第纳尔',NULL,1,'2012-06-19 00:00:00',1,'2012-06-19 00:00:00'),
 (942,'US','GLD_CURRENCY','CURRENCY_NAME_ID','Irish Pound',NULL,1,'2012-06-19 00:00:00',1,'2012-06-19 00:00:00'),
 (942,'ZHS','GLD_CURRENCY','CURRENCY_NAME_ID','爱尔兰镑',NULL,1,'2012-06-19 00:00:00',1,'2012-06-19 00:00:00'),
 (943,'US','GLD_CURRENCY','CURRENCY_NAME_ID','Rial',NULL,1,'2012-06-19 00:00:00',1,'2012-06-19 00:00:00'),
 (943,'ZHS','GLD_CURRENCY','CURRENCY_NAME_ID','里亚尔',NULL,1,'2012-06-19 00:00:00',1,'2012-06-19 00:00:00'),
 (944,'US','GLD_CURRENCY','CURRENCY_NAME_ID','Icelandic Krona',NULL,1,'2012-06-19 00:00:00',1,'2012-06-19 00:00:00'),
 (944,'ZHS','GLD_CURRENCY','CURRENCY_NAME_ID','冰岛克朗',NULL,1,'2012-06-19 00:00:00',1,'2012-06-19 00:00:00'),
 (945,'US','GLD_CURRENCY','CURRENCY_NAME_ID','Jordan Dinar',NULL,1,'2012-06-19 00:00:00',1,'2012-06-19 00:00:00'),
 (945,'ZHS','GLD_CURRENCY','CURRENCY_NAME_ID','约旦第纳尔',NULL,1,'2012-06-19 00:00:00',1,'2012-06-19 00:00:00'),
 (946,'US','GLD_CURRENCY','CURRENCY_NAME_ID','Yen',NULL,1,'2012-06-19 00:00:00',1,'2012-06-19 00:00:00'),
 (946,'ZHS','GLD_CURRENCY','CURRENCY_NAME_ID','日元',NULL,1,'2012-06-19 00:00:00',21,'2012-06-20 00:00:00'),
 (947,'US','GLD_CURRENCY','CURRENCY_NAME_ID','Won',NULL,1,'2012-06-19 00:00:00',1,'2012-06-19 00:00:00'),
 (947,'ZHS','GLD_CURRENCY','CURRENCY_NAME_ID','元',NULL,1,'2012-06-19 00:00:00',1,'2012-06-19 00:00:00'),
 (948,'US','GLD_CURRENCY','CURRENCY_NAME_ID','Kuwaiti Dinar',NULL,1,'2012-06-19 00:00:00',1,'2012-06-19 00:00:00'),
 (948,'ZHS','GLD_CURRENCY','CURRENCY_NAME_ID','科威特第纳尔',NULL,1,'2012-06-19 00:00:00',1,'2012-06-19 00:00:00'),
 (949,'US','GLD_CURRENCY','CURRENCY_NAME_ID','Luxembourg Franc',NULL,1,'2012-06-19 00:00:00',1,'2012-06-19 00:00:00'),
 (949,'ZHS','GLD_CURRENCY','CURRENCY_NAME_ID','卢森堡法郎',NULL,1,'2012-06-19 00:00:00',1,'2012-06-19 00:00:00'),
 (950,'US','GLD_CURRENCY','CURRENCY_NAME_ID','Morocco Dirham',NULL,1,'2012-06-19 00:00:00',1,'2012-06-19 00:00:00'),
 (950,'ZHS','GLD_CURRENCY','CURRENCY_NAME_ID','摩洛哥迪拉姆',NULL,1,'2012-06-19 00:00:00',1,'2012-06-19 00:00:00'),
 (951,'US','GLD_CURRENCY','CURRENCY_NAME_ID','Mongolia Tugrik',NULL,1,'2012-06-19 00:00:00',1,'2012-06-19 00:00:00'),
 (951,'ZHS','GLD_CURRENCY','CURRENCY_NAME_ID','蒙古',NULL,1,'2012-06-19 00:00:00',1,'2012-06-19 00:00:00'),
 (952,'US','GLD_CURRENCY','CURRENCY_NAME_ID','Macau Pataca',NULL,1,'2012-06-19 00:00:00',1,'2012-06-19 00:00:00'),
 (952,'ZHS','GLD_CURRENCY','CURRENCY_NAME_ID','澳门元',NULL,1,'2012-06-19 00:00:00',1,'2012-06-19 00:00:00'),
 (953,'US','GLD_CURRENCY','CURRENCY_NAME_ID','Malta Lira',NULL,1,'2012-06-19 00:00:00',1,'2012-06-19 00:00:00'),
 (953,'ZHS','GLD_CURRENCY','CURRENCY_NAME_ID','马耳他',NULL,1,'2012-06-19 00:00:00',1,'2012-06-19 00:00:00'),
 (954,'US','GLD_CURRENCY','CURRENCY_NAME_ID','Mexico Peso',NULL,1,'2012-06-19 00:00:00',1,'2012-06-19 00:00:00'),
 (954,'ZHS','GLD_CURRENCY','CURRENCY_NAME_ID','墨西哥比索',NULL,1,'2012-06-19 00:00:00',1,'2012-06-19 00:00:00'),
 (955,'US','GLD_CURRENCY','CURRENCY_NAME_ID','Malaysia Ringgit',NULL,1,'2012-06-19 00:00:00',1,'2012-06-19 00:00:00'),
 (955,'ZHS','GLD_CURRENCY','CURRENCY_NAME_ID','马来西亚',NULL,1,'2012-06-19 00:00:00',1,'2012-06-19 00:00:00'),
 (956,'US','GLD_CURRENCY','CURRENCY_NAME_ID','Dutch Guilder',NULL,1,'2012-06-19 00:00:00',1,'2012-06-19 00:00:00'),
 (956,'ZHS','GLD_CURRENCY','CURRENCY_NAME_ID','荷兰盾',NULL,1,'2012-06-19 00:00:00',1,'2012-06-19 00:00:00'),
 (957,'US','GLD_CURRENCY','CURRENCY_NAME_ID','Norway Krone',NULL,1,'2012-06-19 00:00:00',1,'2012-06-19 00:00:00'),
 (957,'ZHS','GLD_CURRENCY','CURRENCY_NAME_ID','挪威克郎',NULL,1,'2012-06-19 00:00:00',1,'2012-06-19 00:00:00'),
 (958,'US','GLD_CURRENCY','CURRENCY_NAME_ID','New Zealand Dollar',NULL,1,'2012-06-19 00:00:00',1,'2012-06-19 00:00:00'),
 (958,'ZHS','GLD_CURRENCY','CURRENCY_NAME_ID','新西兰元',NULL,1,'2012-06-19 00:00:00',1,'2012-06-19 00:00:00'),
 (959,'US','GLD_CURRENCY','CURRENCY_NAME_ID','Peruvian Sol',NULL,1,'2012-06-19 00:00:00',1,'2012-06-19 00:00:00'),
 (959,'ZHS','GLD_CURRENCY','CURRENCY_NAME_ID','新索尔',NULL,1,'2012-06-19 00:00:00',1,'2012-06-19 00:00:00'),
 (960,'US','GLD_CURRENCY','CURRENCY_NAME_ID','Philippines Peso',NULL,1,'2012-06-19 00:00:00',1,'2012-06-19 00:00:00'),
 (960,'ZHS','GLD_CURRENCY','CURRENCY_NAME_ID','菲律宾比索',NULL,1,'2012-06-19 00:00:00',1,'2012-06-19 00:00:00'),
 (961,'US','GLD_CURRENCY','CURRENCY_NAME_ID','Pakistan Rupee',NULL,1,'2012-06-19 00:00:00',1,'2012-06-19 00:00:00'),
 (961,'ZHS','GLD_CURRENCY','CURRENCY_NAME_ID','巴基斯坦卢比',NULL,1,'2012-06-19 00:00:00',1,'2012-06-19 00:00:00'),
 (962,'US','GLD_CURRENCY','CURRENCY_NAME_ID','Panama Balboa',NULL,1,'2012-06-19 00:00:00',1,'2012-06-19 00:00:00'),
 (962,'ZHS','GLD_CURRENCY','CURRENCY_NAME_ID','巴波亚',NULL,1,'2012-06-19 00:00:00',1,'2012-06-19 00:00:00'),
 (963,'US','GLD_CURRENCY','CURRENCY_NAME_ID','Leu',NULL,1,'2012-06-19 00:00:00',1,'2012-06-19 00:00:00'),
 (963,'ZHS','GLD_CURRENCY','CURRENCY_NAME_ID','列伊',NULL,1,'2012-06-19 00:00:00',1,'2012-06-19 00:00:00'),
 (964,'US','GLD_CURRENCY','CURRENCY_NAME_ID','Rouble',NULL,1,'2012-06-19 00:00:00',1,'2012-06-19 00:00:00'),
 (964,'ZHS','GLD_CURRENCY','CURRENCY_NAME_ID','卢布',NULL,1,'2012-06-19 00:00:00',1,'2012-06-19 00:00:00'),
 (965,'US','GLD_CURRENCY','CURRENCY_NAME_ID','Rwanda Franc',NULL,1,'2012-06-19 00:00:00',1,'2012-06-19 00:00:00'),
 (965,'ZHS','GLD_CURRENCY','CURRENCY_NAME_ID','卢旺达法郎',NULL,1,'2012-06-19 00:00:00',1,'2012-06-19 00:00:00'),
 (966,'US','GLD_CURRENCY','CURRENCY_NAME_ID','Saudi Riyal',NULL,1,'2012-06-19 00:00:00',1,'2012-06-19 00:00:00'),
 (966,'ZHS','GLD_CURRENCY','CURRENCY_NAME_ID','沙特里亚尔',NULL,1,'2012-06-19 00:00:00',1,'2012-06-19 00:00:00'),
 (967,'US','GLD_CURRENCY','CURRENCY_NAME_ID','Sudanese Pound',NULL,1,'2012-06-19 00:00:00',1,'2012-06-19 00:00:00'),
 (967,'ZHS','GLD_CURRENCY','CURRENCY_NAME_ID','苏丹镑',NULL,1,'2012-06-19 00:00:00',1,'2012-06-19 00:00:00'),
 (968,'US','GLD_CURRENCY','CURRENCY_NAME_ID','Swedish Krona',NULL,1,'2012-06-19 00:00:00',1,'2012-06-19 00:00:00'),
 (968,'ZHS','GLD_CURRENCY','CURRENCY_NAME_ID','瑞典克郎',NULL,1,'2012-06-19 00:00:00',1,'2012-06-19 00:00:00'),
 (969,'US','GLD_CURRENCY','CURRENCY_NAME_ID','Singapore Dollar',NULL,1,'2012-06-19 00:00:00',1,'2012-06-19 00:00:00'),
 (969,'ZHS','GLD_CURRENCY','CURRENCY_NAME_ID','新加坡元',NULL,1,'2012-06-19 00:00:00',1,'2012-06-19 00:00:00'),
 (970,'US','GLD_CURRENCY','CURRENCY_NAME_ID','Dinar',NULL,1,'2012-06-19 00:00:00',1,'2012-06-19 00:00:00'),
 (970,'ZHS','GLD_CURRENCY','CURRENCY_NAME_ID','第纳尔',NULL,1,'2012-06-19 00:00:00',1,'2012-06-19 00:00:00'),
 (971,'US','GLD_CURRENCY','CURRENCY_NAME_ID','Baht',NULL,1,'2012-06-19 00:00:00',1,'2012-06-19 00:00:00'),
 (971,'ZHS','GLD_CURRENCY','CURRENCY_NAME_ID','铢',NULL,1,'2012-06-19 00:00:00',1,'2012-06-19 00:00:00'),
 (972,'US','GLD_CURRENCY','CURRENCY_NAME_ID','Rouble',NULL,1,'2012-06-19 00:00:00',1,'2012-06-19 00:00:00'),
 (972,'ZHS','GLD_CURRENCY','CURRENCY_NAME_ID','卢布',NULL,1,'2012-06-19 00:00:00',1,'2012-06-19 00:00:00'),
 (973,'US','GLD_CURRENCY','CURRENCY_NAME_ID','Dinar',NULL,1,'2012-06-19 00:00:00',1,'2012-06-19 00:00:00'),
 (973,'ZHS','GLD_CURRENCY','CURRENCY_NAME_ID','第纳尔',NULL,1,'2012-06-19 00:00:00',1,'2012-06-19 00:00:00'),
 (974,'US','GLD_CURRENCY','CURRENCY_NAME_ID','Pa’a nga or Tongan Dollar',NULL,1,'2012-06-19 00:00:00',1,'2012-06-19 00:00:00'),
 (974,'ZHS','GLD_CURRENCY','CURRENCY_NAME_ID','潘加或汤加元',NULL,1,'2012-06-19 00:00:00',1,'2012-06-19 00:00:00'),
 (975,'US','GLD_CURRENCY','CURRENCY_NAME_ID','Turkey Lira',NULL,1,'2012-06-19 00:00:00',1,'2012-06-19 00:00:00'),
 (975,'ZHS','GLD_CURRENCY','CURRENCY_NAME_ID','土耳其',NULL,1,'2012-06-19 00:00:00',1,'2012-06-19 00:00:00'),
 (976,'US','GLD_CURRENCY','CURRENCY_NAME_ID','Taiwan Dollar',NULL,1,'2012-06-19 00:00:00',1,'2012-06-19 00:00:00'),
 (976,'ZHS','GLD_CURRENCY','CURRENCY_NAME_ID','台币',NULL,1,'2012-06-19 00:00:00',1,'2012-06-19 00:00:00'),
 (977,'US','GLD_CURRENCY','CURRENCY_NAME_ID','Ukraine Hryvnia',NULL,1,'2012-06-19 00:00:00',1,'2012-06-19 00:00:00'),
 (977,'ZHS','GLD_CURRENCY','CURRENCY_NAME_ID','乌克兰',NULL,1,'2012-06-19 00:00:00',1,'2012-06-19 00:00:00'),
 (978,'US','GLD_CURRENCY','CURRENCY_NAME_ID','Uzbekistan Som',NULL,1,'2012-06-19 00:00:00',1,'2012-06-19 00:00:00'),
 (978,'ZHS','GLD_CURRENCY','CURRENCY_NAME_ID','乌兹别克斯坦',NULL,1,'2012-06-19 00:00:00',1,'2012-06-19 00:00:00'),
 (979,'US','GLD_CURRENCY','CURRENCY_NAME_ID','Uganda Shilling',NULL,1,'2012-06-19 00:00:00',1,'2012-06-19 00:00:00'),
 (979,'ZHS','GLD_CURRENCY','CURRENCY_NAME_ID','乌干达',NULL,1,'2012-06-19 00:00:00',1,'2012-06-19 00:00:00'),
 (980,'US','GLD_CURRENCY','CURRENCY_NAME_ID','US Dollar',NULL,1,'2012-06-19 00:00:00',1,'2012-06-19 00:00:00'),
 (980,'ZHS','GLD_CURRENCY','CURRENCY_NAME_ID','美圆',NULL,1,'2012-06-19 00:00:00',21,'2012-06-20 00:00:00'),
 (981,'US','GLD_CURRENCY','CURRENCY_NAME_ID','Hong Kong Dollar',NULL,1,'2012-06-19 00:00:00',1,'2012-06-19 00:00:00'),
 (981,'ZHS','GLD_CURRENCY','CURRENCY_NAME_ID','港币',NULL,1,'2012-06-19 00:00:00',1,'2012-06-19 00:00:00'),
 (982,'US','GLD_CURRENCY','CURRENCY_NAME_ID','Viet Nam Dong',NULL,1,'2012-06-19 00:00:00',1,'2012-06-19 00:00:00'),
 (982,'ZHS','GLD_CURRENCY','CURRENCY_NAME_ID','越南',NULL,1,'2012-06-19 00:00:00',1,'2012-06-19 00:00:00'),
 (983,'US','GLD_CURRENCY','CURRENCY_NAME_ID','Franc de la Coopé r ati-on financiè re en Afrique Centrale (CFAF)',NULL,1,'2012-06-19 00:00:00',1,'2012-06-19 00:00:00'),
 (983,'ZHS','GLD_CURRENCY','CURRENCY_NAME_ID','中非金融合作法郎',NULL,1,'2012-06-19 00:00:00',1,'2012-06-19 00:00:00'),
 (984,'US','GLD_CURRENCY','CURRENCY_NAME_ID','Yemen Rial',NULL,1,'2012-06-19 00:00:00',1,'2012-06-19 00:00:00'),
 (984,'ZHS','GLD_CURRENCY','CURRENCY_NAME_ID','也门',NULL,1,'2012-06-19 00:00:00',1,'2012-06-19 00:00:00'),
 (985,'US','GLD_CURRENCY','CURRENCY_NAME_ID','Rand',NULL,1,'2012-06-19 00:00:00',1,'2012-06-19 00:00:00'),
 (985,'ZHS','GLD_CURRENCY','CURRENCY_NAME_ID','兰特',NULL,1,'2012-06-19 00:00:00',1,'2012-06-19 00:00:00'),
 (987,'US','SYS_MODULE','MODULE_NAME_ID','asdas',NULL,21,'2012-06-19 00:00:00',21,'2012-06-19 00:00:00'),
 (987,'ZHS','SYS_MODULE','MODULE_NAME_ID','asdas',NULL,21,'2012-06-19 00:00:00',21,'2012-06-19 00:00:00'),
 (988,'US','FND_COMPANIES','COMPANY_SHORT_NAME_ID','汉得',NULL,21,'2012-06-19 00:00:00',21,'2012-06-19 00:00:00'),
 (988,'ZHS','FND_COMPANIES','COMPANY_SHORT_NAME_ID','汉得',NULL,21,'2012-06-19 00:00:00',21,'2012-06-20 00:00:00'),
 (989,'US','FND_COMPANIES','COMPANY_FULL_NAME_ID','上海汉得信息技术股份有限公司',NULL,21,'2012-06-19 00:00:00',21,'2012-06-19 00:00:00'),
 (989,'ZHS','FND_COMPANIES','COMPANY_FULL_NAME_ID','上海汉得信息技术股份有限公司',NULL,21,'2012-06-19 00:00:00',21,'2012-06-20 00:00:00'),
 (1005,'US','SYS_ROLE','ROLE_NAME_ID','测试',NULL,21,'2012-06-20 00:00:00',21,'2012-06-20 00:00:00'),
 (1005,'ZHS','SYS_ROLE','ROLE_NAME_ID','测试',NULL,21,'2012-06-20 00:00:00',21,'2012-06-20 00:00:00'),
 (1006,'US','SYS_ROLE','DESCRIPTION_ID','测试',NULL,21,'2012-06-20 00:00:00',21,'2012-06-20 00:00:00'),
 (1006,'ZHS','SYS_ROLE','DESCRIPTION_ID','测试',NULL,21,'2012-06-20 00:00:00',21,'2012-06-20 00:00:00'),
 (1007,'US','SYS_CODES','CODE_NAME_ID','Document Category',NULL,1,'2012-06-20 00:00:00',1,'2012-06-20 00:00:00'),
 (1007,'ZHS','SYS_CODES','CODE_NAME_ID','单据类别',NULL,1,'2012-06-20 00:00:00',1,'2012-06-20 00:00:00'),
 (1008,'US','SYS_CODES','CODE_PROMPT_ID','Document Category',NULL,1,'2012-06-20 00:00:00',1,'2012-06-20 00:00:00'),
 (1008,'ZHS','SYS_CODES','CODE_PROMPT_ID','单据类别代码',NULL,1,'2012-06-20 00:00:00',1,'2012-06-20 00:00:00'),
 (1009,'US','SYS_CODES','CODE_NAME_PROMPT_ID','Description',NULL,1,'2012-06-20 00:00:00',1,'2012-06-20 00:00:00'),
 (1009,'ZHS','SYS_CODES','CODE_NAME_PROMPT_ID','单据类别描述',NULL,1,'2012-06-20 00:00:00',1,'2012-06-20 00:00:00'),
 (1010,'US','SYS_CODE_VALUES','CODE_VALUE_NAME_ID','Expense Requisition',NULL,1,'2012-06-20 00:00:00',1,'2012-06-20 00:00:00'),
 (1010,'ZHS','SYS_CODE_VALUES','CODE_VALUE_NAME_ID','费用申请单',NULL,1,'2012-06-20 00:00:00',1,'2012-06-20 00:00:00'),
 (1011,'US','SYS_CODE_VALUES','CODE_VALUE_NAME_ID','Expense Report',NULL,1,'2012-06-20 00:00:00',1,'2012-06-20 00:00:00'),
 (1011,'ZHS','SYS_CODE_VALUES','CODE_VALUE_NAME_ID','费用报销单',NULL,1,'2012-06-20 00:00:00',1,'2012-06-20 00:00:00'),
 (1012,'US','SYS_CODE_VALUES','CODE_VALUE_NAME_ID','Cash Transaction',NULL,1,'2012-06-20 00:00:00',1,'2012-06-20 00:00:00'),
 (1012,'ZHS','SYS_CODE_VALUES','CODE_VALUE_NAME_ID','现金交易事务',NULL,1,'2012-06-20 00:00:00',1,'2012-06-20 00:00:00'),
 (1013,'US','SYS_CODE_VALUES','CODE_VALUE_NAME_ID','Payment Requisition',NULL,1,'2012-06-20 00:00:00',1,'2012-06-20 00:00:00'),
 (1013,'ZHS','SYS_CODE_VALUES','CODE_VALUE_NAME_ID','借款申请事务',NULL,1,'2012-06-20 00:00:00',1,'2012-06-20 00:00:00'),
 (1014,'US','SYS_CODE_VALUES','CODE_VALUE_NAME_ID','Commitment',NULL,1,'2012-06-20 00:00:00',1,'2012-06-20 00:00:00'),
 (1014,'ZHS','SYS_CODE_VALUES','CODE_VALUE_NAME_ID','付款承诺事务',NULL,1,'2012-06-20 00:00:00',1,'2012-06-20 00:00:00'),
 (1015,'US','SYS_CODE_VALUES','CODE_VALUE_NAME_ID','Budget Journal',NULL,1,'2012-06-20 00:00:00',1,'2012-06-20 00:00:00'),
 (1015,'ZHS','SYS_CODE_VALUES','CODE_VALUE_NAME_ID','预算日记账',NULL,1,'2012-06-20 00:00:00',1,'2012-06-20 00:00:00'),
 (1016,'US','SYS_CODE_VALUES','CODE_VALUE_NAME_ID','Contract',NULL,1,'2012-06-20 00:00:00',1,'2012-06-20 00:00:00'),
 (1016,'ZHS','SYS_CODE_VALUES','CODE_VALUE_NAME_ID','合同',NULL,1,'2012-06-20 00:00:00',1,'2012-06-20 00:00:00'),
 (1017,'US','SYS_CODE_VALUES','CODE_VALUE_NAME_ID','Acp Requisition',NULL,1,'2012-06-20 00:00:00',1,'2012-06-20 00:00:00'),
 (1017,'ZHS','SYS_CODE_VALUES','CODE_VALUE_NAME_ID','付款申请单',NULL,1,'2012-06-20 00:00:00',1,'2012-06-20 00:00:00'),
 (1018,'US','SYS_CODE_VALUES','CODE_VALUE_NAME_ID','Bank Treasurer Requisition',NULL,1,'2012-06-20 00:00:00',1,'2012-06-20 00:00:00'),
 (1018,'ZHS','SYS_CODE_VALUES','CODE_VALUE_NAME_ID','资金调拨申请单',NULL,1,'2012-06-20 00:00:00',1,'2012-06-20 00:00:00'),
 (1019,'US','SYS_CODE_VALUES','CODE_VALUE_NAME_ID','Project',NULL,1,'2012-06-20 00:00:00',1,'2012-06-20 00:00:00'),
 (1019,'ZHS','SYS_CODE_VALUES','CODE_VALUE_NAME_ID','项目',NULL,1,'2012-06-20 00:00:00',1,'2012-06-20 00:00:00'),
 (1020,'US','SYS_CODE_VALUES','CODE_VALUE_NAME_ID','Purchase Requisition',NULL,1,'2012-06-20 00:00:00',1,'2012-06-20 00:00:00'),
 (1020,'ZHS','SYS_CODE_VALUES','CODE_VALUE_NAME_ID','采购申请单',NULL,1,'2012-06-20 00:00:00',1,'2012-06-20 00:00:00'),
 (1021,'US','SYS_CODE_VALUES','CODE_VALUE_NAME_ID','Purchase Order',NULL,1,'2012-06-20 00:00:00',1,'2012-06-20 00:00:00'),
 (1021,'ZHS','SYS_CODE_VALUES','CODE_VALUE_NAME_ID','采购订单',NULL,1,'2012-06-20 00:00:00',1,'2012-06-20 00:00:00'),
 (1022,'US','SYS_CODE_VALUES','CODE_VALUE_NAME_ID','ACP Invoice',NULL,1,'2012-06-20 00:00:00',1,'2012-06-20 00:00:00'),
 (1022,'ZHS','SYS_CODE_VALUES','CODE_VALUE_NAME_ID','应付发票',NULL,1,'2012-06-20 00:00:00',1,'2012-06-20 00:00:00'),
 (1023,'US','SYS_CODE_VALUES','CODE_VALUE_NAME_ID','Attach Document',NULL,1,'2012-06-20 00:00:00',1,'2012-06-20 00:00:00'),
 (1023,'ZHS','SYS_CODE_VALUES','CODE_VALUE_NAME_ID','附件文档',NULL,1,'2012-06-20 00:00:00',1,'2012-06-20 00:00:00'),
 (1024,'US','SYS_CODES','CODE_NAME_ID','Identification code',NULL,1,'2012-06-20 00:00:00',1,'2012-06-20 00:00:00'),
 (1024,'ZHS','SYS_CODES','CODE_NAME_ID','代码标识',NULL,1,'2012-06-20 00:00:00',1,'2012-06-20 00:00:00'),
 (1025,'US','SYS_CODES','CODE_PROMPT_ID','Code type',NULL,1,'2012-06-20 00:00:00',1,'2012-06-20 00:00:00'),
 (1025,'ZHS','SYS_CODES','CODE_PROMPT_ID','代码类型',NULL,1,'2012-06-20 00:00:00',1,'2012-06-20 00:00:00'),
 (1026,'US','SYS_CODES','CODE_NAME_PROMPT_ID','Code Description',NULL,1,'2012-06-20 00:00:00',1,'2012-06-20 00:00:00'),
 (1026,'ZHS','SYS_CODES','CODE_NAME_PROMPT_ID','代码描述',NULL,1,'2012-06-20 00:00:00',1,'2012-06-20 00:00:00'),
 (1027,'US','SYS_CODE_VALUES','CODE_VALUE_NAME_ID','System code',NULL,1,'2012-06-20 00:00:00',1,'2012-06-20 00:00:00'),
 (1027,'ZHS','SYS_CODE_VALUES','CODE_VALUE_NAME_ID','系统代码',NULL,1,'2012-06-20 00:00:00',1,'2012-06-20 00:00:00'),
 (1028,'US','SYS_CODE_VALUES','CODE_VALUE_NAME_ID','User code',NULL,1,'2012-06-20 00:00:00',1,'2012-06-20 00:00:00'),
 (1028,'ZHS','SYS_CODE_VALUES','CODE_VALUE_NAME_ID','用户代码',NULL,1,'2012-06-20 00:00:00',1,'2012-06-20 00:00:00'),
 (1042,'US','SYS_CODES','CODE_NAME_ID','Paramete level',NULL,1,'2012-06-21 00:00:00',1,'2012-06-21 00:00:00'),
 (1042,'ZHS','SYS_CODES','CODE_NAME_ID','参数级别',NULL,1,'2012-06-21 00:00:00',1,'2012-06-21 00:00:00'),
 (1043,'US','SYS_CODES','CODE_PROMPT_ID','Level Code',NULL,1,'2012-06-21 00:00:00',1,'2012-06-21 00:00:00'),
 (1043,'ZHS','SYS_CODES','CODE_PROMPT_ID','级别代码',NULL,1,'2012-06-21 00:00:00',1,'2012-06-21 00:00:00'),
 (1044,'US','SYS_CODES','CODE_NAME_PROMPT_ID','Level Name',NULL,1,'2012-06-21 00:00:00',1,'2012-06-21 00:00:00'),
 (1044,'ZHS','SYS_CODES','CODE_NAME_PROMPT_ID','级别名称',NULL,1,'2012-06-21 00:00:00',1,'2012-06-21 00:00:00'),
 (1045,'US','SYS_CODE_VALUES','CODE_VALUE_NAME_ID','System',NULL,1,'2012-06-21 00:00:00',1,'2012-06-21 00:00:00'),
 (1045,'ZHS','SYS_CODE_VALUES','CODE_VALUE_NAME_ID','系统',NULL,1,'2012-06-21 00:00:00',1,'2012-06-21 00:00:00'),
 (1046,'US','SYS_CODE_VALUES','CODE_VALUE_NAME_ID','Role',NULL,1,'2012-06-21 00:00:00',1,'2012-06-21 00:00:00'),
 (1046,'ZHS','SYS_CODE_VALUES','CODE_VALUE_NAME_ID','角色',NULL,1,'2012-06-21 00:00:00',1,'2012-06-21 00:00:00'),
 (1047,'US','SYS_CODE_VALUES','CODE_VALUE_NAME_ID','User',NULL,1,'2012-06-21 00:00:00',1,'2012-06-21 00:00:00'),
 (1047,'ZHS','SYS_CODE_VALUES','CODE_VALUE_NAME_ID','用户',NULL,1,'2012-06-21 00:00:00',1,'2012-06-21 00:00:00'),
 (1048,'US','SYS_CODE_VALUES','CODE_VALUE_NAME_ID','Company',NULL,1,'2012-06-21 00:00:00',1,'2012-06-21 00:00:00'),
 (1048,'ZHS','SYS_CODE_VALUES','CODE_VALUE_NAME_ID','公司',NULL,1,'2012-06-21 00:00:00',1,'2012-06-21 00:00:00'),
 (1049,'US','SYS_MODULE','MODULE_NAME_ID','测试模块',NULL,21,'2012-06-21 00:00:00',21,'2012-06-21 00:00:00'),
 (1049,'ZHS','SYS_MODULE','MODULE_NAME_ID','测试模块1',NULL,21,'2012-06-21 00:00:00',21,'2012-07-03 00:00:00'),
 (1050,'US','SYS_PARAMETERS','PARAMETER_NAME_ID','测试参数',NULL,21,'2012-06-21 00:00:00',21,'2012-06-21 00:00:00'),
 (1050,'ZHS','SYS_PARAMETERS','PARAMETER_NAME_ID','测试参数',NULL,21,'2012-06-21 00:00:00',21,'2012-06-21 00:00:00'),
 (1173,'US','SYS_PARAMETERS','PARAMETER_NAME_ID','yyy',NULL,21,'2012-06-26 00:00:00',21,'2012-06-26 00:00:00'),
 (1173,'ZHS','SYS_PARAMETERS','PARAMETER_NAME_ID','yy',NULL,21,'2012-06-26 00:00:00',21,'2012-07-04 00:00:00'),
 (1181,'US','SYS_PARAMETERS','PARAMETER_NAME_ID','sss',NULL,21,'2012-06-27 00:00:00',21,'2012-06-27 00:00:00'),
 (1181,'ZHS','SYS_PARAMETERS','PARAMETER_NAME_ID','sss',NULL,21,'2012-06-27 00:00:00',21,'2012-06-28 00:00:00'),
 (1225,'US','SYS_FUNCTION','FUNCTION_NAME_ID','oracle关键字',NULL,21,'2012-06-28 00:00:00',21,'2012-06-28 00:00:00'),
 (1225,'ZHS','SYS_FUNCTION','FUNCTION_NAME_ID','oracle关键字管理',NULL,21,'2012-06-28 00:00:00',21,'2012-06-29 00:00:00'),
 (1241,'US','SYS_FUNCTION','FUNCTION_NAME_ID','oracle关键字BM查询',NULL,21,'2012-06-29 00:00:00',21,'2012-06-29 00:00:00'),
 (1241,'ZHS','SYS_FUNCTION','FUNCTION_NAME_ID','oracle关键字BM查询',NULL,21,'2012-06-29 00:00:00',21,'2012-06-29 00:00:00'),
 (1245,'US','SYS_PARAMETERS','PARAMETER_NAME_ID','gg',NULL,21,'2012-06-29 00:00:00',21,'2012-06-29 00:00:00'),
 (1245,'ZHS','SYS_PARAMETERS','PARAMETER_NAME_ID','hjfk',NULL,21,'2012-06-29 00:00:00',21,'2012-07-04 00:00:00'),
 (1261,'US','SYS_PARAMETERS','PARAMETER_NAME_ID','test',NULL,21,'2012-07-03 00:00:00',21,'2012-07-03 00:00:00'),
 (1261,'ZHS','SYS_PARAMETERS','PARAMETER_NAME_ID','test',NULL,21,'2012-07-03 00:00:00',21,'2012-07-03 00:00:00'),
 (1263,'US','SYS_ROLE','ROLE_NAME_ID','经理',NULL,21,'2012-07-03 00:00:00',21,'2012-07-03 00:00:00'),
 (1263,'ZHS','SYS_ROLE','ROLE_NAME_ID','经理',NULL,21,'2012-07-03 00:00:00',21,'2012-07-03 00:00:00'),
 (1264,'US','SYS_ROLE','DESCRIPTION_ID','经理',NULL,21,'2012-07-03 00:00:00',21,'2012-07-03 00:00:00'),
 (1264,'ZHS','SYS_ROLE','DESCRIPTION_ID','经理',NULL,21,'2012-07-03 00:00:00',21,'2012-07-03 00:00:00'),
 (1265,'US','SYS_MODULE','MODULE_NAME_ID','测试模块2',NULL,21,'2012-07-03 00:00:00',21,'2012-07-03 00:00:00'),
 (1265,'ZHS','SYS_MODULE','MODULE_NAME_ID','测试模块2',NULL,21,'2012-07-03 00:00:00',21,'2012-07-04 00:00:00'),
 (1266,'US','SYS_PARAMETERS','PARAMETER_NAME_ID','最小价格',NULL,21,'2012-07-03 00:00:00',21,'2012-07-03 00:00:00'),
 (1266,'ZHS','SYS_PARAMETERS','PARAMETER_NAME_ID','最小价格',NULL,21,'2012-07-03 00:00:00',21,'2012-07-04 00:00:00'),
 (1285,'US','FND_COMPANIES','COMPANY_SHORT_NAME_ID','测试',NULL,21,'2012-07-04 00:00:00',21,'2012-07-04 00:00:00'),
 (1285,'ZHS','FND_COMPANIES','COMPANY_SHORT_NAME_ID','测试',NULL,21,'2012-07-04 00:00:00',21,'2012-07-04 00:00:00'),
 (1286,'US','FND_COMPANIES','COMPANY_FULL_NAME_ID','还是测试',NULL,21,'2012-07-04 00:00:00',21,'2012-07-04 00:00:00'),
 (1286,'ZHS','FND_COMPANIES','COMPANY_FULL_NAME_ID','还是测试',NULL,21,'2012-07-04 00:00:00',21,'2012-07-04 00:00:00'),
 (1295,'US','SYS_FUNCTION','FUNCTION_NAME_ID','公司级计量单位',NULL,21,'2012-09-26 15:41:08',21,'2012-09-26 15:41:08'),
 (1295,'ZHS','SYS_FUNCTION','FUNCTION_NAME_ID','公司级计量单位',NULL,21,'2012-09-26 15:41:08',21,'2012-09-26 15:41:08'),
 (1297,'US','SYS_FUNCTION','FUNCTION_NAME_ID','物品类型定义',NULL,21,'2012-09-27 14:23:00',21,'2012-09-27 14:23:00'),
 (1297,'ZHS','SYS_FUNCTION','FUNCTION_NAME_ID','物品类型定义',NULL,21,'2012-09-27 14:23:00',21,'2012-09-27 14:23:00'),
 (1299,'US','SYS_FUNCTION','FUNCTION_NAME_ID','仓库定义',NULL,21,'2012-09-27 16:25:22',21,'2012-09-27 16:25:22'),
 (1299,'ZHS','SYS_FUNCTION','FUNCTION_NAME_ID','仓库定义',NULL,21,'2012-09-27 16:25:22',21,'2012-09-27 16:25:22'),
 (1301,'US','SYS_CODES','CODE_NAME_ID','仓库类型',NULL,21,'2012-09-27 16:38:05',21,'2012-09-27 16:38:05'),
 (1301,'ZHS','SYS_CODES','CODE_NAME_ID','仓库类型',NULL,21,'2012-09-27 16:38:05',21,'2012-09-27 16:38:05'),
 (1302,'US','SYS_CODE_VALUES','CODE_VALUE_NAME_ID','正常',NULL,21,'2012-09-27 16:38:05',21,'2012-09-27 16:38:05'),
 (1302,'ZHS','SYS_CODE_VALUES','CODE_VALUE_NAME_ID','正常',NULL,21,'2012-09-27 16:38:05',21,'2012-09-27 16:38:05'),
 (1303,'US','SYS_CODE_VALUES','CODE_VALUE_NAME_ID','委外加工',NULL,21,'2012-09-27 16:38:05',21,'2012-09-27 16:38:05'),
 (1303,'ZHS','SYS_CODE_VALUES','CODE_VALUE_NAME_ID','委外加工',NULL,21,'2012-09-27 16:38:05',21,'2012-09-27 16:38:05'),
 (1304,'US','SYS_CODE_VALUES','CODE_VALUE_NAME_ID','发出商品',NULL,21,'2012-09-27 16:38:05',21,'2012-09-27 16:38:05'),
 (1304,'ZHS','SYS_CODE_VALUES','CODE_VALUE_NAME_ID','发出商品',NULL,21,'2012-09-27 16:38:05',21,'2012-09-27 16:38:05'),
 (1305,'US','SYS_CODE_VALUES','CODE_VALUE_NAME_ID','寄售',NULL,21,'2012-09-27 16:38:05',21,'2012-09-27 16:38:05'),
 (1305,'ZHS','SYS_CODE_VALUES','CODE_VALUE_NAME_ID','寄售',NULL,21,'2012-09-27 16:38:05',21,'2012-09-27 16:38:05'),
 (1306,'US','SYS_CODE_VALUES','CODE_VALUE_NAME_ID','报废',NULL,21,'2012-09-27 16:38:05',21,'2012-09-27 16:38:05'),
 (1306,'ZHS','SYS_CODE_VALUES','CODE_VALUE_NAME_ID','报废',NULL,21,'2012-09-27 16:38:05',21,'2012-09-27 16:38:05'),
 (1307,'US','SYS_FUNCTION','FUNCTION_NAME_ID','物品主数据定义',NULL,21,'2012-09-28 09:51:38',21,'2012-09-28 09:51:38'),
 (1307,'ZHS','SYS_FUNCTION','FUNCTION_NAME_ID','物品主数据定义',NULL,21,'2012-09-28 09:51:38',21,'2012-09-28 09:51:38'),
 (1309,'US','SYS_FUNCTION','FUNCTION_NAME_ID','员工定义',NULL,21,'2012-09-28 10:05:02',21,'2012-09-28 10:05:02'),
 (1309,'ZHS','SYS_FUNCTION','FUNCTION_NAME_ID','员工定义',NULL,21,'2012-09-28 10:05:02',21,'2012-09-28 10:05:02'),
 (1311,'US','SYS_PARAMETERS','PARAMETER_NAME_ID','精度',NULL,21,'2012-09-28 10:53:22',21,'2012-09-28 10:53:22'),
 (1311,'ZHS','SYS_PARAMETERS','PARAMETER_NAME_ID','精度',NULL,21,'2012-09-28 10:53:22',21,'2012-09-28 10:53:22'),
 (1313,'US','SYS_MODULE','MODULE_NAME_ID','销售订单',NULL,21,'2012-09-28 10:56:04',21,'2012-09-28 10:56:04'),
 (1313,'ZHS','SYS_MODULE','MODULE_NAME_ID','销售订单',NULL,21,'2012-09-28 10:56:04',21,'2012-09-28 10:56:04'),
 (1314,'US','SYS_CODES','CODE_NAME_ID','销售订单状态',NULL,21,'2012-09-28 11:23:30',21,'2012-09-28 11:23:30'),
 (1314,'ZHS','SYS_CODES','CODE_NAME_ID','销售订单状态',NULL,21,'2012-09-28 11:23:30',21,'2012-09-28 11:23:30'),
 (1315,'US','SYS_CODE_VALUES','CODE_VALUE_NAME_ID','正常',NULL,21,'2012-09-28 11:23:30',21,'2012-09-28 11:23:30'),
 (1315,'ZHS','SYS_CODE_VALUES','CODE_VALUE_NAME_ID','正常',NULL,21,'2012-09-28 11:23:30',21,'2012-09-28 11:23:30'),
 (1316,'US','SYS_CODE_VALUES','CODE_VALUE_NAME_ID','错误',NULL,21,'2012-09-28 11:23:30',21,'2012-09-28 11:23:30'),
 (1316,'ZHS','SYS_CODE_VALUES','CODE_VALUE_NAME_ID','错误',NULL,21,'2012-09-28 11:23:30',21,'2012-09-28 11:23:30'),
 (1317,'US','SYS_CODE_VALUES','CODE_VALUE_NAME_ID','已提交',NULL,21,'2012-09-28 11:23:30',21,'2012-09-28 11:23:30'),
 (1317,'ZHS','SYS_CODE_VALUES','CODE_VALUE_NAME_ID','已提交',NULL,21,'2012-09-28 11:23:30',21,'2012-09-28 11:23:30'),
 (1318,'US','SYS_CODE_VALUES','CODE_VALUE_NAME_ID','审批通过',NULL,21,'2012-09-28 11:23:30',21,'2012-09-28 11:23:30'),
 (1318,'ZHS','SYS_CODE_VALUES','CODE_VALUE_NAME_ID','审批通过',NULL,21,'2012-09-28 11:23:30',21,'2012-09-28 11:23:30'),
 (1319,'US','SYS_CODE_VALUES','CODE_VALUE_NAME_ID','审批拒绝',NULL,21,'2012-09-28 11:23:30',21,'2012-09-28 11:23:30'),
 (1319,'ZHS','SYS_CODE_VALUES','CODE_VALUE_NAME_ID','审批拒绝',NULL,21,'2012-09-28 11:23:30',21,'2012-09-28 11:23:30'),
 (1320,'US','SYS_FUNCTION','FUNCTION_NAME_ID','销售',NULL,21,'2012-09-28 14:35:09',21,'2012-09-28 14:35:09'),
 (1320,'ZHS','SYS_FUNCTION','FUNCTION_NAME_ID','销售',NULL,21,'2012-09-28 14:35:09',21,'2012-09-28 14:35:09'),
 (1322,'US','SYS_FUNCTION','FUNCTION_NAME_ID','销售订单',NULL,21,'2012-09-28 14:35:41',21,'2012-09-28 14:35:41'),
 (1322,'ZHS','SYS_FUNCTION','FUNCTION_NAME_ID','销售订单',NULL,21,'2012-09-28 14:35:41',21,'2012-09-28 14:35:41'),
 (1324,'US','SYS_CODE_VALUES','CODE_VALUE_NAME_ID','待审批',NULL,21,'2012-10-08 09:45:23',21,'2012-10-08 09:45:23'),
 (1324,'ZHS','SYS_CODE_VALUES','CODE_VALUE_NAME_ID','待审批',NULL,21,'2012-10-08 09:45:23',21,'2012-10-08 09:45:23'),
 (1325,'US','SYS_PARAMETERS','PARAMETER_NAME_ID','业务精度',NULL,21,'2012-10-09 13:12:57',21,'2012-10-09 13:12:57'),
 (1325,'ZHS','SYS_PARAMETERS','PARAMETER_NAME_ID','业务精度',NULL,21,'2012-10-09 13:12:57',21,'2012-10-09 13:12:57'),
 (1326,'US','SYS_PARAMETERS','PARAMETER_NAME_ID','默认税率',NULL,21,'2012-10-12 14:13:50',21,'2012-10-12 14:13:50'),
 (1326,'ZHS','SYS_PARAMETERS','PARAMETER_NAME_ID','默认税率',NULL,21,'2012-10-12 14:13:50',21,'2012-10-12 14:13:50');
/*!40000 ALTER TABLE `fnd_descriptions` ENABLE KEYS */;


--
-- Definition of table `fnd_descriptions_s`
--

DROP TABLE IF EXISTS `fnd_descriptions_s`;
CREATE TABLE `fnd_descriptions_s` (
  `id` int(11) NOT NULL AUTO_INCREMENT,
  PRIMARY KEY (`id`)
) ENGINE=InnoDB AUTO_INCREMENT=17 DEFAULT CHARSET=gbk COMMENT='用来模拟ORACLE数据库的序列';

--
-- Dumping data for table `fnd_descriptions_s`
--

/*!40000 ALTER TABLE `fnd_descriptions_s` DISABLE KEYS */;
/*!40000 ALTER TABLE `fnd_descriptions_s` ENABLE KEYS */;


--
-- Definition of table `fnd_employees`
--

DROP TABLE IF EXISTS `fnd_employees`;
CREATE TABLE `fnd_employees` (
  `employee_id` int(11) NOT NULL AUTO_INCREMENT,
  `company_id` int(11) NOT NULL,
  `employee_code` varchar(100) NOT NULL,
  `employee_name` varchar(100) NOT NULL,
  `department_id` int(11) DEFAULT NULL,
  `enabled_flag` varchar(1) DEFAULT NULL,
  `creation_date` date NOT NULL,
  `created_by` int(11) NOT NULL,
  `last_update_date` date NOT NULL,
  `last_updated_by` int(11) NOT NULL,
  PRIMARY KEY (`employee_id`),
  UNIQUE KEY `FND_EMPLOYEES_U1` (`company_id`,`employee_code`),
  KEY `FND_EMPLOYEES_N1` (`company_id`)
) ENGINE=InnoDB AUTO_INCREMENT=7 DEFAULT CHARSET=gbk;

--
-- Dumping data for table `fnd_employees`
--

/*!40000 ALTER TABLE `fnd_employees` DISABLE KEYS */;
INSERT INTO `fnd_employees` (`employee_id`,`company_id`,`employee_code`,`employee_name`,`department_id`,`enabled_flag`,`creation_date`,`created_by`,`last_update_date`,`last_updated_by`) VALUES 
 (1,22,'EMP01','莫言',49,'Y','2012-09-21',1,'2012-10-12',21),
 (5,22,'EMP02','李四',44,'N','2012-09-26',1,'2012-09-28',21),
 (6,22,'EMP05','王五',46,'Y','2012-09-27',1,'2012-09-28',21);
/*!40000 ALTER TABLE `fnd_employees` ENABLE KEYS */;


--
-- Definition of table `fnd_language_code`
--

DROP TABLE IF EXISTS `fnd_language_code`;
CREATE TABLE `fnd_language_code` (
  `LANGUAGE_CODE` varchar(4) NOT NULL,
  `INSTALLED_FLAG` varchar(1) DEFAULT NULL,
  `LOCALE_CODE` varchar(10) DEFAULT NULL,
  `DESCRIPTION_ID` int(11) DEFAULT NULL,
  `CREATED_BY` int(11) NOT NULL,
  `CREATION_DATE` datetime NOT NULL,
  `LAST_UPDATED_BY` int(11) NOT NULL,
  `LAST_UPDATE_DATE` datetime NOT NULL,
  PRIMARY KEY (`LANGUAGE_CODE`),
  UNIQUE KEY `FND_LANGUAGE_CODE_U1` (`DESCRIPTION_ID`)
) ENGINE=InnoDB DEFAULT CHARSET=gbk;

--
-- Dumping data for table `fnd_language_code`
--

/*!40000 ALTER TABLE `fnd_language_code` DISABLE KEYS */;
INSERT INTO `fnd_language_code` (`LANGUAGE_CODE`,`INSTALLED_FLAG`,`LOCALE_CODE`,`DESCRIPTION_ID`,`CREATED_BY`,`CREATION_DATE`,`LAST_UPDATED_BY`,`LAST_UPDATE_DATE`) VALUES 
 ('JA','N','JA_JP',23,1,'2012-06-12 13:48:25',1,'2012-06-12 13:48:25'),
 ('RU','N',NULL,24,1,'2012-06-12 13:48:25',1,'2012-06-12 13:48:25'),
 ('US','Y','EN_US',22,1,'2012-06-12 13:48:25',1,'2012-06-12 13:48:25'),
 ('ZHS','Y','ZH_CN',21,1,'2012-06-12 13:48:25',1,'2012-06-12 13:48:25');
/*!40000 ALTER TABLE `fnd_language_code` ENABLE KEYS */;


--
-- Definition of table `fnd_region_code`
--

DROP TABLE IF EXISTS `fnd_region_code`;
CREATE TABLE `fnd_region_code` (
  `COUNTRY_CODE` varchar(4) NOT NULL,
  `REGION_CODE` varchar(30) NOT NULL,
  `DESCRIPTION_ID` int(11) DEFAULT NULL,
  `CREATED_BY` int(11) NOT NULL,
  `CREATION_DATE` datetime NOT NULL,
  `LAST_UPDATED_BY` int(11) NOT NULL,
  `LAST_UPDATE_DATE` datetime NOT NULL,
  PRIMARY KEY (`COUNTRY_CODE`,`REGION_CODE`),
  UNIQUE KEY `FND_REGION_CODE_U1` (`DESCRIPTION_ID`)
) ENGINE=InnoDB DEFAULT CHARSET=gbk;

--
-- Dumping data for table `fnd_region_code`
--

/*!40000 ALTER TABLE `fnd_region_code` DISABLE KEYS */;
INSERT INTO `fnd_region_code` (`COUNTRY_CODE`,`REGION_CODE`,`DESCRIPTION_ID`,`CREATED_BY`,`CREATION_DATE`,`LAST_UPDATED_BY`,`LAST_UPDATE_DATE`) VALUES 
 ('CHN','110000',348,1,'2012-06-19 14:12:19',1,'2012-06-19 14:12:19'),
 ('CHN','120000',349,1,'2012-06-19 14:12:19',1,'2012-06-19 14:12:19'),
 ('CHN','130000',350,1,'2012-06-19 14:12:19',1,'2012-06-19 14:12:19'),
 ('CHN','130100',351,1,'2012-06-19 14:12:19',1,'2012-06-19 14:12:19'),
 ('CHN','130200',352,1,'2012-06-19 14:12:19',1,'2012-06-19 14:12:19'),
 ('CHN','130300',353,1,'2012-06-19 14:12:19',1,'2012-06-19 14:12:19'),
 ('CHN','130400',354,1,'2012-06-19 14:12:19',1,'2012-06-19 14:12:19'),
 ('CHN','130500',355,1,'2012-06-19 14:12:19',1,'2012-06-19 14:12:19'),
 ('CHN','130600',356,1,'2012-06-19 14:12:19',1,'2012-06-19 14:12:19'),
 ('CHN','130700',357,1,'2012-06-19 14:12:19',1,'2012-06-19 14:12:19'),
 ('CHN','130800',358,1,'2012-06-19 14:12:19',1,'2012-06-19 14:12:19'),
 ('CHN','130900',359,1,'2012-06-19 14:12:19',1,'2012-06-19 14:12:19'),
 ('CHN','131000',360,1,'2012-06-19 14:12:19',1,'2012-06-19 14:12:19'),
 ('CHN','131100',361,1,'2012-06-19 14:12:19',1,'2012-06-19 14:12:19'),
 ('CHN','140000',362,1,'2012-06-19 14:12:19',1,'2012-06-19 14:12:19'),
 ('CHN','140100',363,1,'2012-06-19 14:12:19',1,'2012-06-19 14:12:19'),
 ('CHN','140200',364,1,'2012-06-19 14:12:19',1,'2012-06-19 14:12:19'),
 ('CHN','140300',365,1,'2012-06-19 14:12:19',1,'2012-06-19 14:12:19'),
 ('CHN','140400',366,1,'2012-06-19 14:12:19',1,'2012-06-19 14:12:19'),
 ('CHN','140500',367,1,'2012-06-19 14:12:19',1,'2012-06-19 14:12:19'),
 ('CHN','140600',368,1,'2012-06-19 14:12:19',1,'2012-06-19 14:12:19'),
 ('CHN','140700',369,1,'2012-06-19 14:12:19',1,'2012-06-19 14:12:19'),
 ('CHN','140800',370,1,'2012-06-19 14:12:19',1,'2012-06-19 14:12:19'),
 ('CHN','140900',371,1,'2012-06-19 14:12:19',1,'2012-06-19 14:12:19'),
 ('CHN','141000',372,1,'2012-06-19 14:12:19',1,'2012-06-19 14:12:19'),
 ('CHN','142300',373,1,'2012-06-19 14:12:19',1,'2012-06-19 14:12:19'),
 ('CHN','150000',374,1,'2012-06-19 14:12:19',1,'2012-06-19 14:12:19'),
 ('CHN','150100',375,1,'2012-06-19 14:12:19',1,'2012-06-19 14:12:19'),
 ('CHN','150200',376,1,'2012-06-19 14:12:19',1,'2012-06-19 14:12:19'),
 ('CHN','150300',377,1,'2012-06-19 14:12:19',1,'2012-06-19 14:12:19'),
 ('CHN','150500',378,1,'2012-06-19 14:12:19',1,'2012-06-19 14:12:19'),
 ('CHN','150600',379,1,'2012-06-19 14:12:19',1,'2012-06-19 14:12:19'),
 ('CHN','150700',380,1,'2012-06-19 14:12:19',1,'2012-06-19 14:12:19'),
 ('CHN','152200',381,1,'2012-06-19 14:12:19',1,'2012-06-19 14:12:19'),
 ('CHN','152500',382,1,'2012-06-19 14:12:19',1,'2012-06-19 14:12:19'),
 ('CHN','152600',383,1,'2012-06-19 14:12:19',1,'2012-06-19 14:12:19'),
 ('CHN','152800',384,1,'2012-06-19 14:12:19',1,'2012-06-19 14:12:19'),
 ('CHN','152900',385,1,'2012-06-19 14:12:19',1,'2012-06-19 14:12:19'),
 ('CHN','210000',386,1,'2012-06-19 14:12:19',1,'2012-06-19 14:12:19'),
 ('CHN','210100',387,1,'2012-06-19 14:12:19',1,'2012-06-19 14:12:19'),
 ('CHN','210200',388,1,'2012-06-19 14:12:19',1,'2012-06-19 14:12:19'),
 ('CHN','210300',389,1,'2012-06-19 14:12:19',1,'2012-06-19 14:12:19'),
 ('CHN','210400',390,1,'2012-06-19 14:12:19',1,'2012-06-19 14:12:19'),
 ('CHN','210500',391,1,'2012-06-19 14:12:19',1,'2012-06-19 14:12:19'),
 ('CHN','210600',392,1,'2012-06-19 14:12:19',1,'2012-06-19 14:12:19'),
 ('CHN','210700',393,1,'2012-06-19 14:12:19',1,'2012-06-19 14:12:19'),
 ('CHN','210800',394,1,'2012-06-19 14:12:19',1,'2012-06-19 14:12:19'),
 ('CHN','210900',395,1,'2012-06-19 14:12:19',1,'2012-06-19 14:12:19'),
 ('CHN','211000',396,1,'2012-06-19 14:12:19',1,'2012-06-19 14:12:19'),
 ('CHN','211100',397,1,'2012-06-19 14:12:19',1,'2012-06-19 14:12:19'),
 ('CHN','211200',398,1,'2012-06-19 14:12:19',1,'2012-06-19 14:12:19'),
 ('CHN','211300',399,1,'2012-06-19 14:12:19',1,'2012-06-19 14:12:19'),
 ('CHN','211400',400,1,'2012-06-19 14:12:19',1,'2012-06-19 14:12:19'),
 ('CHN','220000',401,1,'2012-06-19 14:12:19',1,'2012-06-19 14:12:19'),
 ('CHN','220100',402,1,'2012-06-19 14:12:19',1,'2012-06-19 14:12:19'),
 ('CHN','220200',403,1,'2012-06-19 14:12:19',1,'2012-06-19 14:12:19'),
 ('CHN','220300',404,1,'2012-06-19 14:12:19',1,'2012-06-19 14:12:19'),
 ('CHN','220400',405,1,'2012-06-19 14:12:19',1,'2012-06-19 14:12:19'),
 ('CHN','220500',406,1,'2012-06-19 14:12:19',1,'2012-06-19 14:12:19'),
 ('CHN','220600',407,1,'2012-06-19 14:12:19',1,'2012-06-19 14:12:19'),
 ('CHN','220700',408,1,'2012-06-19 14:12:19',1,'2012-06-19 14:12:19'),
 ('CHN','220800',409,1,'2012-06-19 14:12:19',1,'2012-06-19 14:12:19'),
 ('CHN','222400',410,1,'2012-06-19 14:12:19',1,'2012-06-19 14:12:19'),
 ('CHN','230000',411,1,'2012-06-19 14:12:19',1,'2012-06-19 14:12:19'),
 ('CHN','230100',412,1,'2012-06-19 14:12:19',1,'2012-06-19 14:12:19'),
 ('CHN','230200',413,1,'2012-06-19 14:12:19',1,'2012-06-19 14:12:19'),
 ('CHN','230300',414,1,'2012-06-19 14:12:19',1,'2012-06-19 14:12:19'),
 ('CHN','230400',415,1,'2012-06-19 14:12:19',1,'2012-06-19 14:12:19'),
 ('CHN','230500',416,1,'2012-06-19 14:12:19',1,'2012-06-19 14:12:19'),
 ('CHN','230600',417,1,'2012-06-19 14:12:19',1,'2012-06-19 14:12:19'),
 ('CHN','230700',418,1,'2012-06-19 14:12:19',1,'2012-06-19 14:12:19'),
 ('CHN','230800',419,1,'2012-06-19 14:12:19',1,'2012-06-19 14:12:19'),
 ('CHN','230900',420,1,'2012-06-19 14:12:19',1,'2012-06-19 14:12:19'),
 ('CHN','231000',421,1,'2012-06-19 14:12:19',1,'2012-06-19 14:12:19'),
 ('CHN','231100',422,1,'2012-06-19 14:12:19',1,'2012-06-19 14:12:19'),
 ('CHN','231200',423,1,'2012-06-19 14:12:19',1,'2012-06-19 14:12:19'),
 ('CHN','232700',424,1,'2012-06-19 14:12:19',1,'2012-06-19 14:12:19'),
 ('CHN','310000',425,1,'2012-06-19 14:12:19',1,'2012-06-19 14:12:19'),
 ('CHN','320000',426,1,'2012-06-19 14:12:19',1,'2012-06-19 14:12:19'),
 ('CHN','320100',427,1,'2012-06-19 14:12:19',1,'2012-06-19 14:12:19'),
 ('CHN','320200',428,1,'2012-06-19 14:12:19',1,'2012-06-19 14:12:19'),
 ('CHN','320300',429,1,'2012-06-19 14:12:19',1,'2012-06-19 14:12:19'),
 ('CHN','320400',430,1,'2012-06-19 14:12:19',1,'2012-06-19 14:12:19'),
 ('CHN','320500',431,1,'2012-06-19 14:12:19',1,'2012-06-19 14:12:19'),
 ('CHN','320600',432,1,'2012-06-19 14:12:19',1,'2012-06-19 14:12:19'),
 ('CHN','320700',433,1,'2012-06-19 14:12:19',1,'2012-06-19 14:12:19'),
 ('CHN','320800',434,1,'2012-06-19 14:12:19',1,'2012-06-19 14:12:19'),
 ('CHN','320900',435,1,'2012-06-19 14:12:19',1,'2012-06-19 14:12:19'),
 ('CHN','321000',436,1,'2012-06-19 14:12:19',1,'2012-06-19 14:12:19'),
 ('CHN','321100',437,1,'2012-06-19 14:12:19',1,'2012-06-19 14:12:19'),
 ('CHN','321200',438,1,'2012-06-19 14:12:19',1,'2012-06-19 14:12:19'),
 ('CHN','321300',439,1,'2012-06-19 14:12:19',1,'2012-06-19 14:12:19'),
 ('CHN','330000',440,1,'2012-06-19 14:12:19',1,'2012-06-19 14:12:19'),
 ('CHN','330100',441,1,'2012-06-19 14:12:19',1,'2012-06-19 14:12:19'),
 ('CHN','330200',442,1,'2012-06-19 14:12:19',1,'2012-06-19 14:12:19'),
 ('CHN','330300',443,1,'2012-06-19 14:12:19',1,'2012-06-19 14:12:19'),
 ('CHN','330400',444,1,'2012-06-19 14:12:19',1,'2012-06-19 14:12:19'),
 ('CHN','330500',445,1,'2012-06-19 14:12:19',1,'2012-06-19 14:12:19'),
 ('CHN','330600',446,1,'2012-06-19 14:12:19',1,'2012-06-19 14:12:19'),
 ('CHN','330700',447,1,'2012-06-19 14:12:19',1,'2012-06-19 14:12:19'),
 ('CHN','330800',448,1,'2012-06-19 14:12:19',1,'2012-06-19 14:12:19'),
 ('CHN','330900',449,1,'2012-06-19 14:12:19',1,'2012-06-19 14:12:19'),
 ('CHN','331000',450,1,'2012-06-19 14:12:19',1,'2012-06-19 14:12:19'),
 ('CHN','331100',451,1,'2012-06-19 14:12:19',1,'2012-06-19 14:12:19'),
 ('CHN','340000',452,1,'2012-06-19 14:12:19',1,'2012-06-19 14:12:19'),
 ('CHN','340100',453,1,'2012-06-19 14:12:19',1,'2012-06-19 14:12:19'),
 ('CHN','340200',454,1,'2012-06-19 14:12:19',1,'2012-06-19 14:12:19'),
 ('CHN','340300',455,1,'2012-06-19 14:12:19',1,'2012-06-19 14:12:19'),
 ('CHN','340400',456,1,'2012-06-19 14:12:19',1,'2012-06-19 14:12:19'),
 ('CHN','340500',457,1,'2012-06-19 14:12:19',1,'2012-06-19 14:12:19'),
 ('CHN','340600',458,1,'2012-06-19 14:12:19',1,'2012-06-19 14:12:19'),
 ('CHN','340700',459,1,'2012-06-19 14:12:19',1,'2012-06-19 14:12:19'),
 ('CHN','340800',460,1,'2012-06-19 14:12:19',1,'2012-06-19 14:12:19'),
 ('CHN','341000',461,1,'2012-06-19 14:12:19',1,'2012-06-19 14:12:19'),
 ('CHN','341100',462,1,'2012-06-19 14:12:19',1,'2012-06-19 14:12:19'),
 ('CHN','341200',463,1,'2012-06-19 14:12:19',1,'2012-06-19 14:12:19'),
 ('CHN','341300',464,1,'2012-06-19 14:12:19',1,'2012-06-19 14:12:19'),
 ('CHN','341400',465,1,'2012-06-19 14:12:19',1,'2012-06-19 14:12:19'),
 ('CHN','341500',466,1,'2012-06-19 14:12:19',1,'2012-06-19 14:12:19'),
 ('CHN','341600',467,1,'2012-06-19 14:12:19',1,'2012-06-19 14:12:19'),
 ('CHN','341700',468,1,'2012-06-19 14:12:19',1,'2012-06-19 14:12:19'),
 ('CHN','341800',469,1,'2012-06-19 14:12:19',1,'2012-06-19 14:12:19'),
 ('CHN','350000',470,1,'2012-06-19 14:12:19',1,'2012-06-19 14:12:19'),
 ('CHN','350100',471,1,'2012-06-19 14:12:19',1,'2012-06-19 14:12:19'),
 ('CHN','350200',472,1,'2012-06-19 14:12:19',1,'2012-06-19 14:12:19'),
 ('CHN','350300',473,1,'2012-06-19 14:12:19',1,'2012-06-19 14:12:19'),
 ('CHN','350400',474,1,'2012-06-19 14:12:19',1,'2012-06-19 14:12:19'),
 ('CHN','350500',475,1,'2012-06-19 14:12:19',1,'2012-06-19 14:12:19'),
 ('CHN','350600',476,1,'2012-06-19 14:12:19',1,'2012-06-19 14:12:19'),
 ('CHN','350700',477,1,'2012-06-19 14:12:19',1,'2012-06-19 14:12:19'),
 ('CHN','350800',478,1,'2012-06-19 14:12:19',1,'2012-06-19 14:12:19'),
 ('CHN','350900',479,1,'2012-06-19 14:12:19',1,'2012-06-19 14:12:19'),
 ('CHN','360000',480,1,'2012-06-19 14:12:19',1,'2012-06-19 14:12:19'),
 ('CHN','360100',481,1,'2012-06-19 14:12:19',1,'2012-06-19 14:12:19'),
 ('CHN','360200',482,1,'2012-06-19 14:12:19',1,'2012-06-19 14:12:19'),
 ('CHN','360300',483,1,'2012-06-19 14:12:19',1,'2012-06-19 14:12:19'),
 ('CHN','360400',484,1,'2012-06-19 14:12:19',1,'2012-06-19 14:12:19'),
 ('CHN','360500',485,1,'2012-06-19 14:12:19',1,'2012-06-19 14:12:19'),
 ('CHN','360600',486,1,'2012-06-19 14:12:19',1,'2012-06-19 14:12:19'),
 ('CHN','360700',487,1,'2012-06-19 14:12:19',1,'2012-06-19 14:12:19'),
 ('CHN','360800',488,1,'2012-06-19 14:12:19',1,'2012-06-19 14:12:19'),
 ('CHN','360900',489,1,'2012-06-19 14:12:19',1,'2012-06-19 14:12:19'),
 ('CHN','361000',490,1,'2012-06-19 14:12:19',1,'2012-06-19 14:12:19'),
 ('CHN','361100',491,1,'2012-06-19 14:12:19',1,'2012-06-19 14:12:19'),
 ('CHN','370000',492,1,'2012-06-19 14:12:19',1,'2012-06-19 14:12:19'),
 ('CHN','370100',493,1,'2012-06-19 14:12:19',1,'2012-06-19 14:12:19'),
 ('CHN','370200',494,1,'2012-06-19 14:12:19',1,'2012-06-19 14:12:19'),
 ('CHN','370300',495,1,'2012-06-19 14:12:19',1,'2012-06-19 14:12:19'),
 ('CHN','370400',496,1,'2012-06-19 14:12:19',1,'2012-06-19 14:12:19'),
 ('CHN','370500',497,1,'2012-06-19 14:12:19',1,'2012-06-19 14:12:19'),
 ('CHN','370600',498,1,'2012-06-19 14:12:19',1,'2012-06-19 14:12:19'),
 ('CHN','370700',499,1,'2012-06-19 14:12:19',1,'2012-06-19 14:12:19'),
 ('CHN','370800',500,1,'2012-06-19 14:12:19',1,'2012-06-19 14:12:19'),
 ('CHN','370900',501,1,'2012-06-19 14:12:19',1,'2012-06-19 14:12:19'),
 ('CHN','371000',502,1,'2012-06-19 14:12:19',1,'2012-06-19 14:12:19'),
 ('CHN','371100',503,1,'2012-06-19 14:12:19',1,'2012-06-19 14:12:19'),
 ('CHN','371200',504,1,'2012-06-19 14:12:19',1,'2012-06-19 14:12:19'),
 ('CHN','371300',505,1,'2012-06-19 14:12:19',1,'2012-06-19 14:12:19'),
 ('CHN','371400',506,1,'2012-06-19 14:12:19',1,'2012-06-19 14:12:19'),
 ('CHN','371500',507,1,'2012-06-19 14:12:19',1,'2012-06-19 14:12:19'),
 ('CHN','371600',508,1,'2012-06-19 14:12:19',1,'2012-06-19 14:12:19'),
 ('CHN','371700',509,1,'2012-06-19 14:12:19',1,'2012-06-19 14:12:19'),
 ('CHN','410000',510,1,'2012-06-19 14:12:19',1,'2012-06-19 14:12:19'),
 ('CHN','410100',511,1,'2012-06-19 14:12:19',1,'2012-06-19 14:12:19'),
 ('CHN','410200',512,1,'2012-06-19 14:12:19',1,'2012-06-19 14:12:19'),
 ('CHN','410300',513,1,'2012-06-19 14:12:19',1,'2012-06-19 14:12:19'),
 ('CHN','410400',514,1,'2012-06-19 14:12:19',1,'2012-06-19 14:12:19'),
 ('CHN','410500',515,1,'2012-06-19 14:12:19',1,'2012-06-19 14:12:19'),
 ('CHN','410600',516,1,'2012-06-19 14:12:19',1,'2012-06-19 14:12:19'),
 ('CHN','410700',517,1,'2012-06-19 14:12:19',1,'2012-06-19 14:12:19'),
 ('CHN','410800',518,1,'2012-06-19 14:12:19',1,'2012-06-19 14:12:19'),
 ('CHN','410900',519,1,'2012-06-19 14:12:19',1,'2012-06-19 14:12:19'),
 ('CHN','411000',520,1,'2012-06-19 14:12:19',1,'2012-06-19 14:12:19'),
 ('CHN','411100',521,1,'2012-06-19 14:12:19',1,'2012-06-19 14:12:19'),
 ('CHN','411200',522,1,'2012-06-19 14:12:19',1,'2012-06-19 14:12:19'),
 ('CHN','411300',523,1,'2012-06-19 14:12:19',1,'2012-06-19 14:12:19'),
 ('CHN','411400',524,1,'2012-06-19 14:12:19',1,'2012-06-19 14:12:19'),
 ('CHN','411500',525,1,'2012-06-19 14:12:19',1,'2012-06-19 14:12:19'),
 ('CHN','411600',526,1,'2012-06-19 14:12:19',1,'2012-06-19 14:12:19'),
 ('CHN','411700',527,1,'2012-06-19 14:12:19',1,'2012-06-19 14:12:19'),
 ('CHN','420000',528,1,'2012-06-19 14:12:19',1,'2012-06-19 14:12:19'),
 ('CHN','420100',529,1,'2012-06-19 14:12:19',1,'2012-06-19 14:12:19'),
 ('CHN','420200',530,1,'2012-06-19 14:12:19',1,'2012-06-19 14:12:19'),
 ('CHN','420300',531,1,'2012-06-19 14:12:19',1,'2012-06-19 14:12:19'),
 ('CHN','420500',532,1,'2012-06-19 14:12:19',1,'2012-06-19 14:12:20'),
 ('CHN','420600',533,1,'2012-06-19 14:12:20',1,'2012-06-19 14:12:20'),
 ('CHN','420700',534,1,'2012-06-19 14:12:20',1,'2012-06-19 14:12:20'),
 ('CHN','420800',535,1,'2012-06-19 14:12:20',1,'2012-06-19 14:12:20'),
 ('CHN','420900',536,1,'2012-06-19 14:12:20',1,'2012-06-19 14:12:20'),
 ('CHN','421000',537,1,'2012-06-19 14:12:20',1,'2012-06-19 14:12:20'),
 ('CHN','421100',538,1,'2012-06-19 14:12:20',1,'2012-06-19 14:12:20'),
 ('CHN','421200',539,1,'2012-06-19 14:12:20',1,'2012-06-19 14:12:20'),
 ('CHN','421300',540,1,'2012-06-19 14:12:20',1,'2012-06-19 14:12:20'),
 ('CHN','422800',541,1,'2012-06-19 14:12:20',1,'2012-06-19 14:12:20'),
 ('CHN','429000',542,1,'2012-06-19 14:12:20',1,'2012-06-19 14:12:20'),
 ('CHN','430000',543,1,'2012-06-19 14:12:20',1,'2012-06-19 14:12:20'),
 ('CHN','430100',544,1,'2012-06-19 14:12:20',1,'2012-06-19 14:12:20'),
 ('CHN','430200',545,1,'2012-06-19 14:12:20',1,'2012-06-19 14:12:20'),
 ('CHN','430300',546,1,'2012-06-19 14:12:20',1,'2012-06-19 14:12:20'),
 ('CHN','430400',547,1,'2012-06-19 14:12:20',1,'2012-06-19 14:12:20'),
 ('CHN','430500',548,1,'2012-06-19 14:12:20',1,'2012-06-19 14:12:20'),
 ('CHN','430600',549,1,'2012-06-19 14:12:20',1,'2012-06-19 14:12:20'),
 ('CHN','430700',550,1,'2012-06-19 14:12:20',1,'2012-06-19 14:12:20'),
 ('CHN','430800',551,1,'2012-06-19 14:12:20',1,'2012-06-19 14:12:20'),
 ('CHN','430900',552,1,'2012-06-19 14:12:20',1,'2012-06-19 14:12:20'),
 ('CHN','431000',553,1,'2012-06-19 14:12:20',1,'2012-06-19 14:12:20'),
 ('CHN','431100',554,1,'2012-06-19 14:12:20',1,'2012-06-19 14:12:20'),
 ('CHN','431200',555,1,'2012-06-19 14:12:20',1,'2012-06-19 14:12:20'),
 ('CHN','431300',556,1,'2012-06-19 14:12:20',1,'2012-06-19 14:12:20'),
 ('CHN','433100',557,1,'2012-06-19 14:12:20',1,'2012-06-19 14:12:20'),
 ('CHN','440000',558,1,'2012-06-19 14:12:20',1,'2012-06-19 14:12:20'),
 ('CHN','440100',559,1,'2012-06-19 14:12:20',1,'2012-06-19 14:12:20'),
 ('CHN','440200',560,1,'2012-06-19 14:12:20',1,'2012-06-19 14:12:20'),
 ('CHN','440300',561,1,'2012-06-19 14:12:20',1,'2012-06-19 14:12:20'),
 ('CHN','440400',562,1,'2012-06-19 14:12:20',1,'2012-06-19 14:12:20'),
 ('CHN','440500',563,1,'2012-06-19 14:12:20',1,'2012-06-19 14:12:20'),
 ('CHN','440600',564,1,'2012-06-19 14:12:20',1,'2012-06-19 14:12:20'),
 ('CHN','440700',565,1,'2012-06-19 14:12:20',1,'2012-06-19 14:12:20'),
 ('CHN','440800',566,1,'2012-06-19 14:12:20',1,'2012-06-19 14:12:20'),
 ('CHN','440900',567,1,'2012-06-19 14:12:20',1,'2012-06-19 14:12:20'),
 ('CHN','441200',568,1,'2012-06-19 14:12:20',1,'2012-06-19 14:12:20'),
 ('CHN','441300',569,1,'2012-06-19 14:12:20',1,'2012-06-19 14:12:20'),
 ('CHN','441400',570,1,'2012-06-19 14:12:20',1,'2012-06-19 14:12:20'),
 ('CHN','441500',571,1,'2012-06-19 14:12:20',1,'2012-06-19 14:12:20'),
 ('CHN','441600',572,1,'2012-06-19 14:12:20',1,'2012-06-19 14:12:20'),
 ('CHN','441700',573,1,'2012-06-19 14:12:20',1,'2012-06-19 14:12:20'),
 ('CHN','441800',574,1,'2012-06-19 14:12:20',1,'2012-06-19 14:12:20'),
 ('CHN','441900',575,1,'2012-06-19 14:12:20',1,'2012-06-19 14:12:20'),
 ('CHN','442000',576,1,'2012-06-19 14:12:20',1,'2012-06-19 14:12:20'),
 ('CHN','445100',577,1,'2012-06-19 14:12:20',1,'2012-06-19 14:12:20'),
 ('CHN','445200',578,1,'2012-06-19 14:12:20',1,'2012-06-19 14:12:20'),
 ('CHN','445300',579,1,'2012-06-19 14:12:20',1,'2012-06-19 14:12:20'),
 ('CHN','450000',580,1,'2012-06-19 14:12:20',1,'2012-06-19 14:12:20'),
 ('CHN','450100',581,1,'2012-06-19 14:12:20',1,'2012-06-19 14:12:20'),
 ('CHN','450200',582,1,'2012-06-19 14:12:20',1,'2012-06-19 14:12:20'),
 ('CHN','450300',583,1,'2012-06-19 14:12:20',1,'2012-06-19 14:12:20'),
 ('CHN','450400',584,1,'2012-06-19 14:12:20',1,'2012-06-19 14:12:20'),
 ('CHN','450500',585,1,'2012-06-19 14:12:20',1,'2012-06-19 14:12:20'),
 ('CHN','450600',586,1,'2012-06-19 14:12:20',1,'2012-06-19 14:12:20'),
 ('CHN','450700',587,1,'2012-06-19 14:12:20',1,'2012-06-19 14:12:20'),
 ('CHN','450800',588,1,'2012-06-19 14:12:20',1,'2012-06-19 14:12:20'),
 ('CHN','450900',589,1,'2012-06-19 14:12:20',1,'2012-06-19 14:12:20'),
 ('CHN','451000',590,1,'2012-06-19 14:12:20',1,'2012-06-19 14:12:20'),
 ('CHN','451100',591,1,'2012-06-19 14:12:20',1,'2012-06-19 14:12:20'),
 ('CHN','451200',592,1,'2012-06-19 14:12:20',1,'2012-06-19 14:12:20'),
 ('CHN','452100',593,1,'2012-06-19 14:12:20',1,'2012-06-19 14:12:20'),
 ('CHN','452200',594,1,'2012-06-19 14:12:20',1,'2012-06-19 14:12:20'),
 ('CHN','460000',595,1,'2012-06-19 14:12:20',1,'2012-06-19 14:12:20'),
 ('CHN','460100',596,1,'2012-06-19 14:12:20',1,'2012-06-19 14:12:20'),
 ('CHN','460200',597,1,'2012-06-19 14:12:20',1,'2012-06-19 14:12:20'),
 ('CHN','500000',598,1,'2012-06-19 14:12:20',1,'2012-06-19 14:12:20'),
 ('CHN','500100',599,1,'2012-06-19 14:12:20',1,'2012-06-19 14:12:20'),
 ('CHN','500200',600,1,'2012-06-19 14:12:20',1,'2012-06-19 14:12:20'),
 ('CHN','500300',601,1,'2012-06-19 14:12:20',1,'2012-06-19 14:12:20'),
 ('CHN','510000',602,1,'2012-06-19 14:12:20',1,'2012-06-19 14:12:20'),
 ('CHN','510100',603,1,'2012-06-19 14:12:20',1,'2012-06-19 14:12:20'),
 ('CHN','510300',604,1,'2012-06-19 14:12:20',1,'2012-06-19 14:12:20'),
 ('CHN','510400',605,1,'2012-06-19 14:12:20',1,'2012-06-19 14:12:20'),
 ('CHN','510500',606,1,'2012-06-19 14:12:20',1,'2012-06-19 14:12:20'),
 ('CHN','510600',607,1,'2012-06-19 14:12:20',1,'2012-06-19 14:12:20'),
 ('CHN','510700',608,1,'2012-06-19 14:12:20',1,'2012-06-19 14:12:20'),
 ('CHN','510800',609,1,'2012-06-19 14:12:20',1,'2012-06-19 14:12:20'),
 ('CHN','510900',610,1,'2012-06-19 14:12:20',1,'2012-06-19 14:12:20'),
 ('CHN','511000',611,1,'2012-06-19 14:12:20',1,'2012-06-19 14:12:20'),
 ('CHN','511100',612,1,'2012-06-19 14:12:20',1,'2012-06-19 14:12:20'),
 ('CHN','511300',613,1,'2012-06-19 14:12:20',1,'2012-06-19 14:12:20'),
 ('CHN','511400',614,1,'2012-06-19 14:12:20',1,'2012-06-19 14:12:20'),
 ('CHN','511500',615,1,'2012-06-19 14:12:20',1,'2012-06-19 14:12:20'),
 ('CHN','511600',616,1,'2012-06-19 14:12:20',1,'2012-06-19 14:12:20'),
 ('CHN','511700',617,1,'2012-06-19 14:12:20',1,'2012-06-19 14:12:20'),
 ('CHN','511800',618,1,'2012-06-19 14:12:20',1,'2012-06-19 14:12:20'),
 ('CHN','511900',619,1,'2012-06-19 14:12:20',1,'2012-06-19 14:12:20'),
 ('CHN','512000',620,1,'2012-06-19 14:12:20',1,'2012-06-19 14:12:20'),
 ('CHN','513200',621,1,'2012-06-19 14:12:20',1,'2012-06-19 14:12:20'),
 ('CHN','513300',622,1,'2012-06-19 14:12:20',1,'2012-06-19 14:12:20'),
 ('CHN','513400',623,1,'2012-06-19 14:12:20',1,'2012-06-19 14:12:20'),
 ('CHN','520000',624,1,'2012-06-19 14:12:20',1,'2012-06-19 14:12:20'),
 ('CHN','520100',625,1,'2012-06-19 14:12:20',1,'2012-06-19 14:12:20'),
 ('CHN','520200',626,1,'2012-06-19 14:12:20',1,'2012-06-19 14:12:20'),
 ('CHN','520300',627,1,'2012-06-19 14:12:20',1,'2012-06-19 14:12:20'),
 ('CHN','520400',628,1,'2012-06-19 14:12:20',1,'2012-06-19 14:12:20'),
 ('CHN','522201',629,1,'2012-06-19 14:12:20',1,'2012-06-19 14:12:20'),
 ('CHN','522300',630,1,'2012-06-19 14:12:20',1,'2012-06-19 14:12:20'),
 ('CHN','522400',631,1,'2012-06-19 14:12:20',1,'2012-06-19 14:12:20'),
 ('CHN','522600',632,1,'2012-06-19 14:12:20',1,'2012-06-19 14:12:20'),
 ('CHN','522700',633,1,'2012-06-19 14:12:20',1,'2012-06-19 14:12:20'),
 ('CHN','530000',634,1,'2012-06-19 14:12:20',1,'2012-06-19 14:12:20'),
 ('CHN','530100',635,1,'2012-06-19 14:12:20',1,'2012-06-19 14:12:20'),
 ('CHN','530300',636,1,'2012-06-19 14:12:20',1,'2012-06-19 14:12:20'),
 ('CHN','530400',637,1,'2012-06-19 14:12:20',1,'2012-06-19 14:12:20'),
 ('CHN','530500',638,1,'2012-06-19 14:12:20',1,'2012-06-19 14:12:20'),
 ('CHN','530600',639,1,'2012-06-19 14:12:20',1,'2012-06-19 14:12:20'),
 ('CHN','532300',640,1,'2012-06-19 14:12:20',1,'2012-06-19 14:12:20'),
 ('CHN','532500',641,1,'2012-06-19 14:12:20',1,'2012-06-19 14:12:20'),
 ('CHN','532600',642,1,'2012-06-19 14:12:20',1,'2012-06-19 14:12:20'),
 ('CHN','532700',643,1,'2012-06-19 14:12:20',1,'2012-06-19 14:12:20'),
 ('CHN','532800',644,1,'2012-06-19 14:12:20',1,'2012-06-19 14:12:20'),
 ('CHN','532900',645,1,'2012-06-19 14:12:20',1,'2012-06-19 14:12:20'),
 ('CHN','533100',646,1,'2012-06-19 14:12:20',1,'2012-06-19 14:12:20'),
 ('CHN','533200',647,1,'2012-06-19 14:12:20',1,'2012-06-19 14:12:20'),
 ('CHN','533300',648,1,'2012-06-19 14:12:20',1,'2012-06-19 14:12:20'),
 ('CHN','533400',649,1,'2012-06-19 14:12:20',1,'2012-06-19 14:12:20'),
 ('CHN','533500',650,1,'2012-06-19 14:12:20',1,'2012-06-19 14:12:20'),
 ('CHN','540000',651,1,'2012-06-19 14:12:20',1,'2012-06-19 14:12:20'),
 ('CHN','540100',652,1,'2012-06-19 14:12:20',1,'2012-06-19 14:12:20'),
 ('CHN','542100',653,1,'2012-06-19 14:12:20',1,'2012-06-19 14:12:20'),
 ('CHN','542200',654,1,'2012-06-19 14:12:20',1,'2012-06-19 14:12:20'),
 ('CHN','542300',655,1,'2012-06-19 14:12:20',1,'2012-06-19 14:12:20'),
 ('CHN','542400',656,1,'2012-06-19 14:12:20',1,'2012-06-19 14:12:20'),
 ('CHN','542500',657,1,'2012-06-19 14:12:20',1,'2012-06-19 14:12:20'),
 ('CHN','542600',658,1,'2012-06-19 14:12:20',1,'2012-06-19 14:12:20'),
 ('CHN','610000',659,1,'2012-06-19 14:12:20',1,'2012-06-19 14:12:20'),
 ('CHN','610100',660,1,'2012-06-19 14:12:20',1,'2012-06-19 14:12:20'),
 ('CHN','610200',661,1,'2012-06-19 14:12:20',1,'2012-06-19 14:12:20'),
 ('CHN','610300',662,1,'2012-06-19 14:12:20',1,'2012-06-19 14:12:20'),
 ('CHN','610400',663,1,'2012-06-19 14:12:20',1,'2012-06-19 14:12:20'),
 ('CHN','610500',664,1,'2012-06-19 14:12:20',1,'2012-06-19 14:12:20'),
 ('CHN','610600',665,1,'2012-06-19 14:12:20',1,'2012-06-19 14:12:20'),
 ('CHN','610700',666,1,'2012-06-19 14:12:20',1,'2012-06-19 14:12:20'),
 ('CHN','610800',667,1,'2012-06-19 14:12:20',1,'2012-06-19 14:12:20'),
 ('CHN','610900',668,1,'2012-06-19 14:12:20',1,'2012-06-19 14:12:20'),
 ('CHN','611000',669,1,'2012-06-19 14:12:20',1,'2012-06-19 14:12:20'),
 ('CHN','620000',670,1,'2012-06-19 14:12:20',1,'2012-06-19 14:12:20'),
 ('CHN','620100',671,1,'2012-06-19 14:12:20',1,'2012-06-19 14:12:20'),
 ('CHN','620200',672,1,'2012-06-19 14:12:20',1,'2012-06-19 14:12:20'),
 ('CHN','620300',673,1,'2012-06-19 14:12:20',1,'2012-06-19 14:12:20'),
 ('CHN','620400',674,1,'2012-06-19 14:12:20',1,'2012-06-19 14:12:20'),
 ('CHN','620500',675,1,'2012-06-19 14:12:20',1,'2012-06-19 14:12:20'),
 ('CHN','620600',676,1,'2012-06-19 14:12:20',1,'2012-06-19 14:12:20'),
 ('CHN','620700',677,1,'2012-06-19 14:12:20',1,'2012-06-19 14:12:20'),
 ('CHN','620800',678,1,'2012-06-19 14:12:20',1,'2012-06-19 14:12:20'),
 ('CHN','620900',679,1,'2012-06-19 14:12:20',1,'2012-06-19 14:12:20'),
 ('CHN','621000',680,1,'2012-06-19 14:12:20',1,'2012-06-19 14:12:20'),
 ('CHN','622400',681,1,'2012-06-19 14:12:20',1,'2012-06-19 14:12:20'),
 ('CHN','622600',682,1,'2012-06-19 14:12:20',1,'2012-06-19 14:12:20'),
 ('CHN','622900',683,1,'2012-06-19 14:12:20',1,'2012-06-19 14:12:20'),
 ('CHN','623000',684,1,'2012-06-19 14:12:20',1,'2012-06-19 14:12:20'),
 ('CHN','630000',685,1,'2012-06-19 14:12:20',1,'2012-06-19 14:12:20'),
 ('CHN','630100',686,1,'2012-06-19 14:12:20',1,'2012-06-19 14:12:20'),
 ('CHN','632100',687,1,'2012-06-19 14:12:20',1,'2012-06-19 14:12:20'),
 ('CHN','632200',688,1,'2012-06-19 14:12:20',1,'2012-06-19 14:12:20'),
 ('CHN','632300',689,1,'2012-06-19 14:12:20',1,'2012-06-19 14:12:20'),
 ('CHN','632500',690,1,'2012-06-19 14:12:20',1,'2012-06-19 14:12:20'),
 ('CHN','632600',691,1,'2012-06-19 14:12:20',1,'2012-06-19 14:12:20'),
 ('CHN','632700',692,1,'2012-06-19 14:12:20',1,'2012-06-19 14:12:20'),
 ('CHN','632800',693,1,'2012-06-19 14:12:20',1,'2012-06-19 14:12:20'),
 ('CHN','640000',694,1,'2012-06-19 14:12:20',1,'2012-06-19 14:12:20'),
 ('CHN','640100',695,1,'2012-06-19 14:12:20',1,'2012-06-19 14:12:20'),
 ('CHN','640200',696,1,'2012-06-19 14:12:20',1,'2012-06-19 14:12:20'),
 ('CHN','640300',697,1,'2012-06-19 14:12:20',1,'2012-06-19 14:12:20'),
 ('CHN','640400',698,1,'2012-06-19 14:12:20',1,'2012-06-19 14:12:20'),
 ('CHN','650000',699,1,'2012-06-19 14:12:20',1,'2012-06-19 14:12:20'),
 ('CHN','650100',700,1,'2012-06-19 14:12:20',1,'2012-06-19 14:12:20'),
 ('CHN','650200',701,1,'2012-06-19 14:12:20',1,'2012-06-19 14:12:20'),
 ('CHN','652100',702,1,'2012-06-19 14:12:20',1,'2012-06-19 14:12:20'),
 ('CHN','652200',703,1,'2012-06-19 14:12:20',1,'2012-06-19 14:12:20'),
 ('CHN','652300',704,1,'2012-06-19 14:12:20',1,'2012-06-19 14:12:20'),
 ('CHN','652700',705,1,'2012-06-19 14:12:20',1,'2012-06-19 14:12:20'),
 ('CHN','652800',706,1,'2012-06-19 14:12:20',1,'2012-06-19 14:12:20'),
 ('CHN','652900',707,1,'2012-06-19 14:12:20',1,'2012-06-19 14:12:20'),
 ('CHN','653000',708,1,'2012-06-19 14:12:20',1,'2012-06-19 14:12:20'),
 ('CHN','653100',709,1,'2012-06-19 14:12:20',1,'2012-06-19 14:12:20'),
 ('CHN','653200',710,1,'2012-06-19 14:12:20',1,'2012-06-19 14:12:20'),
 ('CHN','654000',711,1,'2012-06-19 14:12:20',1,'2012-06-19 14:12:20'),
 ('CHN','654200',712,1,'2012-06-19 14:12:20',1,'2012-06-19 14:12:20'),
 ('CHN','654300',713,1,'2012-06-19 14:12:20',1,'2012-06-19 14:12:20'),
 ('CHN','659000',714,1,'2012-06-19 14:12:20',1,'2012-06-19 14:12:20'),
 ('CHN','710000',715,1,'2012-06-19 14:12:20',1,'2012-06-19 14:12:20'),
 ('CHN','810000',716,1,'2012-06-19 14:12:20',1,'2012-06-19 14:12:20'),
 ('CHN','820000',717,1,'2012-06-19 14:12:20',1,'2012-06-19 14:12:20');
/*!40000 ALTER TABLE `fnd_region_code` ENABLE KEYS */;


--
-- Definition of table `gld_currency`
--

DROP TABLE IF EXISTS `gld_currency`;
CREATE TABLE `gld_currency` (
  `CURRENCY_CODE` varchar(10) NOT NULL,
  `ENABLED_FLAG` varchar(1) NOT NULL,
  `CURRENCY_NAME_ID` int(11) DEFAULT NULL,
  `COUNTRY_CODE` varchar(30) NOT NULL,
  `PRECISION` int(11) NOT NULL,
  `TRANSACTION_PRECISION` int(11) NOT NULL,
  `CURRENCY_SYMBOL` varchar(10) DEFAULT NULL,
  `CREATION_DATE` datetime NOT NULL,
  `CREATED_BY` int(11) NOT NULL,
  `LAST_UPDATE_DATE` datetime NOT NULL,
  `LAST_UPDATED_BY` int(11) NOT NULL,
  PRIMARY KEY (`CURRENCY_CODE`),
  KEY `GLD_CURRENCY_N1` (`COUNTRY_CODE`)
) ENGINE=InnoDB DEFAULT CHARSET=gbk;

--
-- Dumping data for table `gld_currency`
--

/*!40000 ALTER TABLE `gld_currency` DISABLE KEYS */;
INSERT INTO `gld_currency` (`CURRENCY_CODE`,`ENABLED_FLAG`,`CURRENCY_NAME_ID`,`COUNTRY_CODE`,`PRECISION`,`TRANSACTION_PRECISION`,`CURRENCY_SYMBOL`,`CREATION_DATE`,`CREATED_BY`,`LAST_UPDATE_DATE`,`LAST_UPDATED_BY`) VALUES 
 ('AED','N',909,'ARE',2,3,'Dh','2012-06-19 14:13:08',1,'2012-07-04 16:33:42',21),
 ('ALL','N',910,'ALB',2,3,'L','2012-06-19 14:13:08',1,'2012-06-19 14:13:08',1),
 ('AOK','N',911,'AGO',2,3,'KZ','2012-06-19 14:13:08',1,'2012-06-19 14:13:08',1),
 ('ATS','N',912,'AUT',2,3,'S','2012-06-19 14:13:08',1,'2012-06-19 14:13:08',1),
 ('AUD','N',914,'AUS',2,3,'$A.','2012-06-19 14:13:08',1,'2012-06-19 14:13:08',1),
 ('BEF','N',915,'BEL',2,3,'Bi.','2012-06-19 14:13:08',1,'2012-06-19 14:13:08',1),
 ('BOP','N',918,'BOL',2,3,'Bol.p.','2012-06-19 14:13:08',1,'2012-06-19 14:13:08',1),
 ('BRC','N',916,'BRA',2,3,'Gr.$','2012-06-19 14:13:08',1,'2012-06-19 14:13:08',1),
 ('BSD','N',917,'BHS',2,3,'B.$','2012-06-19 14:13:08',1,'2012-06-19 14:13:08',1),
 ('CAD','N',919,'CAN',2,3,'Can.$','2012-06-19 14:13:08',1,'2012-06-19 14:13:08',1),
 ('CHF','N',920,'CHE',2,3,'SF.','2012-06-19 14:13:08',1,'2012-06-19 14:13:08',1),
 ('CLP','N',921,'CHL',2,3,'P.','2012-06-19 14:13:08',1,'2012-06-19 14:13:08',1),
 ('CNY','Y',922,'CHN',2,3,'￥','2012-06-19 14:13:08',1,'2012-06-20 10:00:24',21),
 ('COP','N',923,'COL',2,3,'COL$','2012-06-19 14:13:08',1,'2012-06-19 14:13:08',1),
 ('CUP','N',924,'CUB',2,3,'Cu$','2012-06-19 14:13:08',1,'2012-06-19 14:13:08',1),
 ('DEM','N',925,'DEU',2,3,'DM','2012-06-19 14:13:08',1,'2012-06-19 14:13:08',1),
 ('DLZ','N',926,'POL',2,3,'zdashed l','2012-06-19 14:13:08',1,'2012-06-19 14:13:08',1),
 ('DZD','N',927,'DZA',2,3,'DA','2012-06-19 14:13:08',1,'2012-06-19 14:13:08',1),
 ('ESP','N',928,'ESP',2,3,'Ptas','2012-06-19 14:13:08',1,'2012-06-19 14:13:08',1),
 ('EUR','N',929,'EUR',2,3,'?','2012-06-19 14:13:08',1,'2012-06-19 14:13:08',1),
 ('FIM','N',930,'FIN',2,3,'mk','2012-06-19 14:13:08',1,'2012-06-19 14:13:08',1),
 ('FJD','N',931,'FJI',2,3,'F.$','2012-06-19 14:13:08',1,'2012-06-19 14:13:08',1),
 ('FRF','N',932,'FRA',2,3,'F.F.','2012-06-19 14:13:08',1,'2012-06-19 14:13:08',1),
 ('GBP','N',933,'GBR',2,3,'￡','2012-06-19 14:13:08',1,'2012-06-19 14:13:08',1),
 ('GHC','N',934,'GHA',2,3,'￠','2012-06-19 14:13:08',1,'2012-06-19 14:13:08',1),
 ('GRD','N',935,'GRC',2,3,'Dr','2012-06-19 14:13:08',1,'2012-06-19 14:13:08',1),
 ('HKD','N',981,'HKG',2,3,'HK$','2012-06-19 14:13:08',1,'2012-06-19 14:13:08',1),
 ('HNL','N',936,'HND',2,3,'L','2012-06-19 14:13:08',1,'2012-06-19 14:13:08',1),
 ('HRK','N',937,'HRV',2,3,'HRK','2012-06-19 14:13:08',1,'2012-06-19 14:13:08',1),
 ('HUF','N',938,'HUN',2,3,'Ft','2012-06-19 14:13:08',1,'2012-06-19 14:13:08',1),
 ('IDR','N',939,'IDN',2,3,'Rps.','2012-06-19 14:13:08',1,'2012-06-19 14:13:08',1),
 ('IEP','N',942,'IRL',2,3,'￡.Ir.','2012-06-19 14:13:08',1,'2012-06-19 14:13:08',1),
 ('INR','N',940,'IND',2,3,'Re.','2012-06-19 14:13:08',1,'2012-06-19 14:13:08',1),
 ('IQD','N',941,'IRQ',2,3,'ID','2012-06-19 14:13:08',1,'2012-06-19 14:13:08',1),
 ('IRR','N',943,'IRN',2,3,'RI.','2012-06-19 14:13:08',1,'2012-06-19 14:13:08',1),
 ('ISK','N',944,'ISL',2,3,'IKr','2012-06-19 14:13:08',1,'2012-06-19 14:13:08',1),
 ('ITL','N',913,'ITA',2,3,'Lit.','2012-06-19 14:13:08',1,'2012-06-19 14:13:08',1),
 ('JOD','N',945,'JOR',2,3,'J.D.','2012-06-19 14:13:08',1,'2012-06-19 14:13:08',1),
 ('JPY','Y',946,'JPN',2,3,'J.￥','2012-06-19 14:13:08',1,'2012-06-20 10:01:34',21),
 ('KRW','N',947,'KOR',2,3,'W','2012-06-19 14:13:08',1,'2012-06-19 14:13:08',1),
 ('KWD','N',948,'KWT',2,3,'K.D.','2012-06-19 14:13:08',1,'2012-06-19 14:13:08',1),
 ('LUF','N',949,'LUX',2,3,'LUXF','2012-06-19 14:13:08',1,'2012-06-19 14:13:08',1),
 ('MAD','N',950,'MAR',2,3,'DH','2012-06-19 14:13:08',1,'2012-06-19 14:13:08',1),
 ('MNT','N',951,'MNG',2,3,'Tug','2012-06-19 14:13:08',1,'2012-06-19 14:13:08',1),
 ('MOP','N',952,'MO',2,3,'p.','2012-06-19 14:13:08',1,'2012-06-19 14:13:08',1),
 ('MTP','N',953,'MLT',2,3,'￡.M.','2012-06-19 14:13:08',1,'2012-06-19 14:13:08',1),
 ('MXP','N',954,'MEX',2,3,'Mex.$','2012-06-19 14:13:08',1,'2012-06-19 14:13:08',1),
 ('MYR','N',955,'MYS',2,3,'M.$','2012-06-19 14:13:08',1,'2012-06-19 14:13:08',1),
 ('NLG','N',956,'NLD',2,3,'Gs.','2012-06-19 14:13:08',1,'2012-06-19 14:13:08',1),
 ('NSK','N',957,'NOR',2,3,'N.Kr.','2012-06-19 14:13:08',1,'2012-06-19 14:13:08',1),
 ('NZD','N',958,'NZL',2,3,'$NZ.','2012-06-19 14:13:08',1,'2012-06-19 14:13:08',1),
 ('PAB','N',962,'PAN',2,3,'B.','2012-06-19 14:13:08',1,'2012-06-19 14:13:08',1),
 ('PES','N',959,'PER',2,3,'S/.','2012-06-19 14:13:08',1,'2012-06-19 14:13:08',1),
 ('PHP','N',960,'PHL',2,3,'Phil.P.','2012-06-19 14:13:08',1,'2012-06-19 14:13:08',1),
 ('PKR','N',961,'PAK',2,3,'P.Re.','2012-06-19 14:13:08',1,'2012-06-19 14:13:08',1),
 ('ROL','N',963,'ROM',2,3,'L.','2012-06-19 14:13:08',1,'2012-06-19 14:13:08',1),
 ('RUB','N',964,'RUS',2,3,'R','2012-06-19 14:13:08',1,'2012-06-19 14:13:08',1),
 ('RWF','N',965,'RWA',2,3,'RF.','2012-06-19 14:13:08',1,'2012-06-19 14:13:08',1),
 ('SAR','N',966,'SAU',2,3,'S.R.','2012-06-19 14:13:08',1,'2012-06-19 14:13:08',1),
 ('SDP','N',967,'SDN',2,3,'￡S. ','2012-06-19 14:13:08',1,'2012-06-19 14:13:08',1),
 ('SEK','N',968,'SWE',2,3,'S.Kr.','2012-06-19 14:13:08',1,'2012-06-19 14:13:08',1),
 ('SGD','N',969,'SGP',2,3,'S.$','2012-06-19 14:13:08',1,'2012-06-19 14:13:08',1),
 ('SIT','N',970,'SVN',2,3,'SlT','2012-06-19 14:13:08',1,'2012-06-19 14:13:08',1),
 ('THB','N',971,'THA',2,3,'Bht','2012-06-19 14:13:08',1,'2012-06-19 14:13:08',1),
 ('TJR','N',972,'TJK',2,3,'Rbs. Rbl','2012-06-19 14:13:08',1,'2012-06-19 14:13:08',1),
 ('TND','N',973,'TUN',2,3,'TD','2012-06-19 14:13:08',1,'2012-06-19 14:13:08',1),
 ('TOP','N',974,'TON',2,3,'PT','2012-06-19 14:13:08',1,'2012-06-19 14:13:08',1),
 ('TRL','N',975,'TUR',2,3,'￡T. ','2012-06-19 14:13:08',1,'2012-06-19 14:13:08',1),
 ('TWD','N',976,'TW',2,3,'NT$','2012-06-19 14:13:08',1,'2012-06-19 14:13:08',1),
 ('UAH','N',977,'UKB',2,3,'UKB','2012-06-19 14:13:08',1,'2012-06-19 14:13:08',1),
 ('UES','N',978,'UZB',2,3,'UZB','2012-06-19 14:13:08',1,'2012-06-19 14:13:08',1),
 ('UGX','N',979,'UGA',2,3,'USH','2012-06-19 14:13:08',1,'2012-06-19 14:13:08',1),
 ('USD','Y',980,'USA',2,3,'$','2012-06-19 14:13:08',1,'2012-06-20 10:01:19',21),
 ('VND','N',982,'VNM',2,3,'D.','2012-06-19 14:13:08',1,'2012-06-19 14:13:08',1),
 ('XAF','N',983,'CMR',2,3,'CFAF','2012-06-19 14:13:08',1,'2012-06-19 14:13:08',1),
 ('YER','N',984,'YEM',2,3,'YRlS','2012-06-19 14:13:08',1,'2012-06-19 14:13:08',1),
 ('ZAR','N',985,'ZAF',2,3,'R','2012-06-19 14:13:08',1,'2012-06-19 14:13:08',1);
/*!40000 ALTER TABLE `gld_currency` ENABLE KEYS */;


--
-- Definition of table `gld_set_of_books`
--

DROP TABLE IF EXISTS `gld_set_of_books`;
CREATE TABLE `gld_set_of_books` (
  `SET_OF_BOOKS_ID` int(11) NOT NULL AUTO_INCREMENT,
  `SET_OF_BOOKS_NAME_ID` int(11) DEFAULT NULL,
  `SET_OF_BOOKS_CODE` varchar(30) NOT NULL,
  `PERIOD_SET_CODE` varchar(30) NOT NULL,
  `FUNCTIONAL_CURRENCY_CODE` varchar(10) NOT NULL,
  `ACCOUNT_SET_ID` int(11) NOT NULL,
  `ENABLED_FLAG` varchar(1) DEFAULT 'Y',
  `CREATION_DATE` datetime NOT NULL,
  `CREATED_BY` int(11) NOT NULL,
  `LAST_UPDATE_DATE` datetime NOT NULL,
  `LAST_UPDATED_BY` int(11) NOT NULL,
  PRIMARY KEY (`SET_OF_BOOKS_ID`),
  UNIQUE KEY `GLD_SET_OF_BOOKS_U1` (`SET_OF_BOOKS_CODE`),
  UNIQUE KEY `GLD_SET_OF_BOOKS_U2` (`SET_OF_BOOKS_NAME_ID`)
) ENGINE=InnoDB DEFAULT CHARSET=gbk;

--
-- Dumping data for table `gld_set_of_books`
--

/*!40000 ALTER TABLE `gld_set_of_books` DISABLE KEYS */;
/*!40000 ALTER TABLE `gld_set_of_books` ENABLE KEYS */;


--
-- Definition of table `inv_item_types`
--

DROP TABLE IF EXISTS `inv_item_types`;
CREATE TABLE `inv_item_types` (
  `item_type_id` int(11) NOT NULL AUTO_INCREMENT,
  `company_id` int(11) NOT NULL,
  `item_type_code` varchar(100) NOT NULL,
  `description` varchar(100) NOT NULL,
  `enabled_flag` varchar(1) DEFAULT NULL,
  `inv_mng_flag` varchar(1) DEFAULT NULL,
  `creation_date` datetime NOT NULL,
  `created_by` int(11) NOT NULL,
  `last_update_date` datetime NOT NULL,
  `last_updated_by` int(11) NOT NULL,
  PRIMARY KEY (`item_type_id`),
  UNIQUE KEY `INV_item_TYPES_U1` (`company_id`,`item_type_code`),
  KEY `INV_item_TYPES_N1` (`company_id`,`item_type_code`,`enabled_flag`)
) ENGINE=InnoDB AUTO_INCREMENT=2 DEFAULT CHARSET=gbk;

--
-- Dumping data for table `inv_item_types`
--

/*!40000 ALTER TABLE `inv_item_types` DISABLE KEYS */;
INSERT INTO `inv_item_types` (`item_type_id`,`company_id`,`item_type_code`,`description`,`enabled_flag`,`inv_mng_flag`,`creation_date`,`created_by`,`last_update_date`,`last_updated_by`) VALUES 
 (1,22,'10','鞋子','Y','Y','2012-09-27 15:39:46',21,'2012-09-27 15:39:46',21);
/*!40000 ALTER TABLE `inv_item_types` ENABLE KEYS */;


--
-- Definition of table `inv_items_basics`
--

DROP TABLE IF EXISTS `inv_items_basics`;
CREATE TABLE `inv_items_basics` (
  `item_id` int(11) NOT NULL AUTO_INCREMENT,
  `item_code` varchar(100) NOT NULL,
  `company_id` int(11) NOT NULL,
  `inventory_flag` varchar(1) DEFAULT NULL,
  `item_specs` varchar(1000) DEFAULT NULL,
  `item_type_id` int(11) NOT NULL,
  `trade_uom` varchar(100) DEFAULT NULL,
  `lot_number_flag` varchar(1) DEFAULT NULL,
  `item_name` varchar(1000) DEFAULT NULL,
  `primary_uom` varchar(100) NOT NULL,
  `bar_code` varchar(100) DEFAULT NULL,
  `default_inv_warehouse_id` int(11) DEFAULT NULL,
  `lot_numbering_validity` int(11) DEFAULT NULL,
  `enabled_flag` varchar(1) DEFAULT NULL,
  `created_by` int(11) NOT NULL,
  `creation_date` datetime NOT NULL,
  `last_updated_by` int(11) NOT NULL,
  `last_update_date` datetime NOT NULL,
  PRIMARY KEY (`item_id`),
  UNIQUE KEY `INV_ITEMS_BASICS_U1` (`item_code`,`company_id`),
  KEY `INV_ITEMS_BASICS_N1` (`item_type_id`)
) ENGINE=InnoDB AUTO_INCREMENT=20 DEFAULT CHARSET=gbk;

--
-- Dumping data for table `inv_items_basics`
--

/*!40000 ALTER TABLE `inv_items_basics` DISABLE KEYS */;
INSERT INTO `inv_items_basics` (`item_id`,`item_code`,`company_id`,`inventory_flag`,`item_specs`,`item_type_id`,`trade_uom`,`lot_number_flag`,`item_name`,`primary_uom`,`bar_code`,`default_inv_warehouse_id`,`lot_numbering_validity`,`enabled_flag`,`created_by`,`creation_date`,`last_updated_by`,`last_update_date`) VALUES 
 (18,'1',22,'Y','NTX200',1,'S','Y','Nike 运动鞋','S','s',1,12,'Y',1,'2012-09-27 10:16:57',1,'2012-09-27 10:16:57'),
 (19,'19',22,'Y','MX110',1,'S','Y','李宁','S',NULL,1,12,'Y',1,'2012-10-10 10:48:32',1,'2012-10-10 10:48:37');
/*!40000 ALTER TABLE `inv_items_basics` ENABLE KEYS */;


--
-- Definition of table `inv_uom_codes`
--

DROP TABLE IF EXISTS `inv_uom_codes`;
CREATE TABLE `inv_uom_codes` (
  `uom_code` varchar(100) NOT NULL,
  `company_id` int(11) NOT NULL,
  `uom_description` varchar(2000) NOT NULL,
  `enabled_flag` varchar(1) NOT NULL,
  `created_by` int(11) NOT NULL,
  `creation_date` datetime NOT NULL,
  `last_updated_by` int(11) NOT NULL,
  `last_update_date` datetime NOT NULL,
  PRIMARY KEY (`uom_code`)
) ENGINE=InnoDB DEFAULT CHARSET=gbk;

--
-- Dumping data for table `inv_uom_codes`
--

/*!40000 ALTER TABLE `inv_uom_codes` DISABLE KEYS */;
INSERT INTO `inv_uom_codes` (`uom_code`,`company_id`,`uom_description`,`enabled_flag`,`created_by`,`creation_date`,`last_updated_by`,`last_update_date`) VALUES 
 ('CM',22,'厘米','Y',21,'2012-09-26 11:06:26',21,'2012-09-26 11:06:26'),
 ('D',22,'天','Y',21,'2012-09-26 11:06:26',21,'2012-09-26 11:06:26'),
 ('DOZ',22,'打','Y',21,'2012-09-26 11:06:26',21,'2012-09-26 11:06:26'),
 ('EA',22,'个','Y',21,'2012-09-26 11:06:26',21,'2012-09-26 11:06:26'),
 ('G',22,'克','Y',21,'2012-09-26 11:06:26',21,'2012-09-26 11:06:26'),
 ('KG',22,'千克','Y',21,'2012-09-26 11:06:26',21,'2012-09-26 11:06:26'),
 ('KM',22,'千米','Y',21,'2012-09-26 11:06:26',21,'2012-09-26 11:06:26'),
 ('L',22,'升','Y',21,'2012-09-26 11:06:26',21,'2012-09-26 11:06:26'),
 ('M',22,'米','Y',21,'2012-09-26 11:06:26',21,'2012-09-26 11:06:26'),
 ('M3',22,'立方米','Y',21,'2012-09-26 11:06:26',21,'2012-09-26 11:06:26'),
 ('ML',22,'毫升','Y',21,'2012-09-26 11:06:26',21,'2012-09-26 11:06:26'),
 ('S',22,'双','Y',21,'2012-10-08 16:02:31',21,'2012-10-08 16:02:37'),
 ('T',22,'吨','Y',21,'2012-09-26 11:06:26',21,'2012-09-26 11:06:26');
/*!40000 ALTER TABLE `inv_uom_codes` ENABLE KEYS */;


--
-- Definition of table `inv_warehouses`
--

DROP TABLE IF EXISTS `inv_warehouses`;
CREATE TABLE `inv_warehouses` (
  `warehouse_id` int(11) NOT NULL AUTO_INCREMENT,
  `company_id` int(11) NOT NULL,
  `warehouse_code` varchar(100) NOT NULL,
  `warehouse_name` varchar(1000) NOT NULL,
  `warehouse_type` varchar(100) NOT NULL,
  `enabled_flag` varchar(1) DEFAULT NULL,
  `province` varchar(100) DEFAULT NULL,
  `city` varchar(100) DEFAULT NULL,
  `prefecture` varchar(100) DEFAULT NULL,
  `detail_address` varchar(1000) DEFAULT NULL,
  `creation_date` datetime NOT NULL,
  `created_by` int(11) NOT NULL,
  `last_update_date` datetime NOT NULL,
  `last_updated_by` int(11) NOT NULL,
  PRIMARY KEY (`warehouse_id`),
  UNIQUE KEY `INV_WAREHOUSES_U1` (`company_id`,`warehouse_code`)
) ENGINE=InnoDB AUTO_INCREMENT=3 DEFAULT CHARSET=gbk;

--
-- Dumping data for table `inv_warehouses`
--

/*!40000 ALTER TABLE `inv_warehouses` DISABLE KEYS */;
INSERT INTO `inv_warehouses` (`warehouse_id`,`company_id`,`warehouse_code`,`warehouse_name`,`warehouse_type`,`enabled_flag`,`province`,`city`,`prefecture`,`detail_address`,`creation_date`,`created_by`,`last_update_date`,`last_updated_by`) VALUES 
 (1,22,'001','仓库001','NORMAL','Y','上海','上海',NULL,'上海市张江','2012-09-27 17:05:34',21,'2012-09-27 17:05:34',21),
 (2,22,'002','上海发货002','ISSUE','Y','上海','上海',NULL,'上海市徐汇','2012-09-28 16:55:54',21,'2012-09-28 16:55:54',21);
/*!40000 ALTER TABLE `inv_warehouses` ENABLE KEYS */;


--
-- Definition of table `ord_sales_order_headers`
--

DROP TABLE IF EXISTS `ord_sales_order_headers`;
CREATE TABLE `ord_sales_order_headers` (
  `sales_order_id` int(11) NOT NULL AUTO_INCREMENT,
  `company_id` int(11) NOT NULL,
  `order_number` varchar(100) NOT NULL,
  `return_order_flag` varchar(1) NOT NULL,
  `goods_issue_flag` varchar(1) NOT NULL,
  `salesmen_employee_id` int(11) DEFAULT NULL,
  `customer_id` int(11) NOT NULL,
  `order_date` datetime NOT NULL,
  `issue_warehouse_id` int(11) DEFAULT NULL,
  `currency_code` varchar(100) DEFAULT NULL,
  `status` varchar(100) DEFAULT NULL,
  `description` varchar(2000) DEFAULT NULL,
  `closed_flag` varchar(1) NOT NULL,
  `closed_by` int(11) DEFAULT NULL,
  `close_date` datetime DEFAULT NULL,
  `created_by` int(11) NOT NULL,
  `creation_date` datetime NOT NULL,
  `last_updated_by` int(11) NOT NULL,
  `last_update_date` datetime NOT NULL,
  PRIMARY KEY (`sales_order_id`),
  UNIQUE KEY `ORD_SALES_ORDER_HEADERS_U1` (`order_number`,`company_id`),
  KEY `ORD_SALES_ORDER_HEADERS_N1` (`company_id`,`order_number`),
  KEY `ORD_SALES_ORDER_HEADERS_N2` (`customer_id`),
  KEY `ORD_SALES_ORDER_HEADERS_N3` (`salesmen_employee_id`)
) ENGINE=InnoDB AUTO_INCREMENT=46 DEFAULT CHARSET=gbk;

--
-- Dumping data for table `ord_sales_order_headers`
--

/*!40000 ALTER TABLE `ord_sales_order_headers` DISABLE KEYS */;
INSERT INTO `ord_sales_order_headers` (`sales_order_id`,`company_id`,`order_number`,`return_order_flag`,`goods_issue_flag`,`salesmen_employee_id`,`customer_id`,`order_date`,`issue_warehouse_id`,`currency_code`,`status`,`description`,`closed_flag`,`closed_by`,`close_date`,`created_by`,`creation_date`,`last_updated_by`,`last_update_date`) VALUES 
 (4,22,'xs20121009001','N','N',1,2,'2012-10-09 00:00:00',2,'CNY','Verified','头备注aaa','Y',21,'2012-10-22 14:37:20',21,'2012-10-09 15:33:04',21,'2012-10-22 14:37:20'),
 (15,22,'XS20121010001','Y','N',1,3,'2012-10-10 00:00:00',2,'CNY','Verified','头备注00002','N',21,'2012-10-12 00:00:00',21,'2012-10-10 16:55:19',21,'2012-10-16 13:52:36'),
 (40,22,'XS2012101012.369','N','N',1,2,'2012-10-12 00:00:00',NULL,'CNY','Verified',NULL,'N',21,'2012-11-15 14:45:33',21,'2012-10-12 12:24:12',21,'2012-11-15 14:45:44'),
 (41,22,'XS2012101033.081','N','N',1,2,'2012-10-12 00:00:00',NULL,'CNY','Verified',NULL,'N',21,'2012-10-15 18:15:45',21,'2012-10-12 12:24:33',21,'2012-10-15 18:15:48'),
 (45,22,'WW2012101201','Y','N',6,3,'2012-10-12 00:00:00',NULL,'CNY','Verified','中文','N',21,'2012-10-15 00:00:00',22,'2012-10-12 13:44:55',21,'2012-11-14 15:12:32');
/*!40000 ALTER TABLE `ord_sales_order_headers` ENABLE KEYS */;


--
-- Definition of table `ord_sales_order_lines`
--

DROP TABLE IF EXISTS `ord_sales_order_lines`;
CREATE TABLE `ord_sales_order_lines` (
  `sales_order_line_id` int(11) NOT NULL AUTO_INCREMENT,
  `sales_order_id` int(11) NOT NULL,
  `company_id` int(11) NOT NULL,
  `line_number` int(11) NOT NULL,
  `item_id` int(11) NOT NULL,
  `item_type_ext_attr_1_ln_id` int(11) DEFAULT NULL,
  `item_type_ext_attr_2_ln_id` int(11) DEFAULT NULL,
  `trade_uom` varchar(100) NOT NULL,
  `trade_quantity` double NOT NULL,
  `primary_uom` varchar(100) NOT NULL,
  `primary_quantity` double NOT NULL,
  `gift_flag` varchar(1) NOT NULL,
  `require_date` datetime DEFAULT NULL,
  `tax_included_flag` varchar(1) NOT NULL,
  `tax_rate` double DEFAULT NULL,
  `price` double DEFAULT NULL,
  `net_amount` double DEFAULT NULL,
  `tax_amount` double DEFAULT NULL,
  `total_amount` double DEFAULT NULL,
  `description` varchar(2000) DEFAULT NULL,
  `closed_flag` varchar(1) NOT NULL,
  `closed_by` int(11) DEFAULT NULL,
  `close_date` datetime DEFAULT NULL,
  `delivery_quantity` int(11) DEFAULT NULL,
  `created_by` int(11) NOT NULL,
  `creation_date` datetime NOT NULL,
  `last_updated_by` int(11) NOT NULL,
  `last_update_date` datetime NOT NULL,
  PRIMARY KEY (`sales_order_line_id`),
  KEY `ORD_SALES_ORDER_LINES_N1` (`sales_order_id`),
  KEY `ORD_SALES_ORDER_LINES_N2` (`company_id`,`item_id`,`item_type_ext_attr_1_ln_id`,`item_type_ext_attr_2_ln_id`)
) ENGINE=InnoDB AUTO_INCREMENT=86 DEFAULT CHARSET=gbk;

--
-- Dumping data for table `ord_sales_order_lines`
--

/*!40000 ALTER TABLE `ord_sales_order_lines` DISABLE KEYS */;
INSERT INTO `ord_sales_order_lines` (`sales_order_line_id`,`sales_order_id`,`company_id`,`line_number`,`item_id`,`item_type_ext_attr_1_ln_id`,`item_type_ext_attr_2_ln_id`,`trade_uom`,`trade_quantity`,`primary_uom`,`primary_quantity`,`gift_flag`,`require_date`,`tax_included_flag`,`tax_rate`,`price`,`net_amount`,`tax_amount`,`total_amount`,`description`,`closed_flag`,`closed_by`,`close_date`,`delivery_quantity`,`created_by`,`creation_date`,`last_updated_by`,`last_update_date`) VALUES 
 (1,4,22,10,18,NULL,NULL,'S',100,'S',100,'N','2012-10-09 00:00:00','Y',17,125,NULL,NULL,12500,'行备注','Y',21,'2012-10-22 14:37:20',NULL,21,'2012-10-09 15:33:04',21,'2012-10-22 14:37:20'),
 (2,4,22,20,18,NULL,NULL,'S',222,'S',222,'N','2012-10-09 00:00:00','N',17,200,NULL,NULL,51948,NULL,'Y',21,'2012-10-15 13:40:24',NULL,21,'2012-10-09 17:15:33',21,'2012-10-15 13:40:24'),
 (4,4,22,30,19,NULL,NULL,'S',300,'S',300,'N','2012-10-10 00:00:00','N',17,1000,NULL,NULL,351000,NULL,'Y',21,'2012-10-15 13:40:24',NULL,21,'2012-10-10 10:49:33',21,'2012-10-15 13:40:24'),
 (9,15,22,10,19,NULL,NULL,'S',-100,'S',100,'N','2012-10-10 00:00:00','N',12,1234,NULL,NULL,-138208,NULL,'N',21,'2012-10-16 15:22:58',NULL,21,'2012-10-10 16:55:19',21,'2012-10-16 15:23:06'),
 (10,15,22,20,18,NULL,NULL,'S',-133,'S',133,'N','2012-10-10 00:00:00','N',2,24,NULL,NULL,-3255.84,NULL,'N',21,'2012-10-12 00:00:00',NULL,21,'2012-10-10 17:14:28',21,'2012-10-16 13:52:36'),
 (37,40,22,10,18,NULL,NULL,'S',122,'S',122,'N','2012-10-12 00:00:00','N',17,234,NULL,NULL,33401.16,NULL,'N',21,'2012-11-15 14:45:33',NULL,21,'2012-10-12 12:24:12',21,'2012-11-15 14:45:44'),
 (38,41,22,10,18,NULL,NULL,'S',100,'S',100,'N','2012-10-12 00:00:00','N',17,210,NULL,NULL,24570,NULL,'N',21,'2012-10-15 18:15:45',NULL,21,'2012-10-12 12:24:33',21,'2012-10-15 18:15:48'),
 (42,45,22,10,19,NULL,NULL,'S',-122,'S',122,'Y','2012-10-12 00:00:00','N',0,0,NULL,NULL,0,NULL,'N',21,'2012-10-15 16:25:37',NULL,22,'2012-10-12 13:44:55',21,'2012-10-15 16:25:40'),
 (43,45,22,20,18,NULL,NULL,'S',-10,'S',10,'N','2012-10-12 00:00:00','N',17,133,NULL,NULL,-1556,NULL,'N',21,'2012-10-15 16:25:37',NULL,21,'2012-10-12 14:10:10',21,'2012-10-15 16:25:47'),
 (44,45,22,30,18,NULL,NULL,'S',-233,'S',233,'N','2012-10-12 00:00:00','N',17,56,NULL,NULL,-15266,NULL,'N',21,'2012-10-15 16:25:37',NULL,21,'2012-10-12 14:17:11',21,'2012-10-15 16:25:51'),
 (55,45,22,40,18,NULL,NULL,'S',-44,'S',44,'N','2012-10-15 00:00:00','N',17,44,NULL,NULL,-2265,NULL,'Y',21,'2012-10-15 16:25:37',NULL,21,'2012-10-15 15:19:09',21,'2012-10-15 16:25:37'),
 (84,15,22,30,18,NULL,NULL,'S',-22,'S',22,'N','2012-10-16 00:00:00','N',17,11,NULL,NULL,-283.14,NULL,'N',NULL,NULL,NULL,21,'2012-10-16 13:27:17',21,'2012-10-16 13:52:36'),
 (85,45,22,50,18,NULL,NULL,'S',-23,'S',23,'N','2012-10-16 00:00:00','N',17,23,NULL,NULL,-618.93,NULL,'N',NULL,NULL,NULL,21,'2012-10-16 15:41:54',21,'2012-10-16 15:41:54');
/*!40000 ALTER TABLE `ord_sales_order_lines` ENABLE KEYS */;


--
-- Definition of table `sys_code_values`
--

DROP TABLE IF EXISTS `sys_code_values`;
CREATE TABLE `sys_code_values` (
  `CODE_VALUE_ID` int(11) NOT NULL AUTO_INCREMENT,
  `CODE_ID` int(11) NOT NULL,
  `CODE_VALUE` varchar(30) NOT NULL,
  `CODE_VALUE_NAME_ID` int(11) DEFAULT NULL,
  `ENABLED_FLAG` varchar(1) NOT NULL,
  `CREATION_DATE` datetime NOT NULL,
  `CREATED_BY` int(11) NOT NULL,
  `LAST_UPDATE_DATE` datetime NOT NULL,
  `LAST_UPDATED_BY` int(11) NOT NULL,
  PRIMARY KEY (`CODE_VALUE_ID`),
  UNIQUE KEY `SYS_CODE_VALUES_U1` (`CODE_ID`,`CODE_VALUE`)
) ENGINE=InnoDB AUTO_INCREMENT=96 DEFAULT CHARSET=gbk;

--
-- Dumping data for table `sys_code_values`
--

/*!40000 ALTER TABLE `sys_code_values` DISABLE KEYS */;
INSERT INTO `sys_code_values` (`CODE_VALUE_ID`,`CODE_ID`,`CODE_VALUE`,`CODE_VALUE_NAME_ID`,`ENABLED_FLAG`,`CREATION_DATE`,`CREATED_BY`,`LAST_UPDATE_DATE`,`LAST_UPDATED_BY`) VALUES 
 (1,1,'F',84,'Y','2012-06-12 00:00:00',1,'2012-06-12 00:00:00',1),
 (2,1,'G',85,'Y','2012-06-12 00:00:00',1,'2012-06-12 00:00:00',1),
 (3,1,'N',86,'Y','2012-06-12 00:00:00',1,'2012-06-12 00:00:00',1),
 (21,21,'1',304,'Y','2012-06-18 00:00:00',1,'2012-06-18 00:00:00',1),
 (22,21,'2',305,'Y','2012-06-18 00:00:00',1,'2012-06-18 00:00:00',1),
 (23,21,'3',306,'Y','2012-06-18 00:00:00',1,'2012-06-18 00:00:00',1),
 (24,21,'4',307,'Y','2012-06-18 00:00:00',1,'2012-06-18 00:00:00',1),
 (25,22,'ZHS',324,'Y','2012-06-18 00:00:00',1,'2012-06-18 00:00:00',1),
 (26,22,'US',325,'Y','2012-06-18 00:00:00',1,'2012-06-18 00:00:00',1),
 (41,41,'Y',346,'Y','2012-06-19 00:00:00',1,'2012-06-19 00:00:00',1),
 (42,41,'N',347,'Y','2012-06-19 00:00:00',1,'2012-06-19 00:00:00',1),
 (61,61,'01',1010,'Y','2012-06-20 00:00:00',1,'2012-06-20 00:00:00',1),
 (62,61,'02',1011,'Y','2012-06-20 00:00:00',1,'2012-06-20 00:00:00',1),
 (63,61,'03',1012,'Y','2012-06-20 00:00:00',1,'2012-06-20 00:00:00',1),
 (64,61,'04',1013,'Y','2012-06-20 00:00:00',1,'2012-06-20 00:00:00',1),
 (65,61,'05',1014,'Y','2012-06-20 00:00:00',1,'2012-06-20 00:00:00',1),
 (66,61,'06',1015,'Y','2012-06-20 00:00:00',1,'2012-06-20 00:00:00',1),
 (67,61,'07',1016,'Y','2012-06-20 00:00:00',1,'2012-06-20 00:00:00',1),
 (68,61,'08',1017,'Y','2012-06-20 00:00:00',1,'2012-06-20 00:00:00',1),
 (69,61,'09',1018,'Y','2012-06-20 00:00:00',1,'2012-06-20 00:00:00',1),
 (70,61,'10',1019,'Y','2012-06-20 00:00:00',1,'2012-06-20 00:00:00',1),
 (71,61,'11',1020,'Y','2012-06-20 00:00:00',1,'2012-06-20 00:00:00',1),
 (72,61,'12',1021,'Y','2012-06-20 00:00:00',1,'2012-06-20 00:00:00',1),
 (73,61,'13',1022,'Y','2012-06-20 00:00:00',1,'2012-06-20 00:00:00',1),
 (74,61,'20',1023,'Y','2012-06-20 00:00:00',1,'2012-06-20 00:00:00',1),
 (75,62,'Y',1027,'Y','2012-06-20 00:00:00',1,'2012-06-20 00:00:00',1),
 (76,62,'N',1028,'Y','2012-06-20 00:00:00',1,'2012-06-20 00:00:00',1),
 (81,81,'101',1045,'Y','2012-06-21 00:00:00',1,'2012-06-21 00:00:00',1),
 (82,81,'102',1046,'Y','2012-06-21 00:00:00',1,'2012-06-21 00:00:00',1),
 (83,81,'103',1047,'Y','2012-06-21 00:00:00',1,'2012-06-21 00:00:00',1),
 (84,81,'104',1048,'Y','2012-06-21 00:00:00',1,'2012-06-21 00:00:00',1),
 (85,82,'NORMAL',1302,'Y','2012-09-27 16:38:05',21,'2012-09-27 16:38:05',21),
 (86,82,'OUTSOURCE',1303,'Y','2012-09-27 16:38:05',21,'2012-09-27 16:38:05',21),
 (87,82,'ISSUE',1304,'Y','2012-09-27 16:38:05',21,'2012-09-27 16:38:05',21),
 (88,82,'CONSIGNEMENT',1305,'Y','2012-09-27 16:38:05',21,'2012-09-27 16:38:05',21),
 (89,82,'SCRAP',1306,'Y','2012-09-27 16:38:05',21,'2012-09-27 16:38:05',21),
 (90,83,'Verified',1315,'Y','2012-09-28 11:23:30',21,'2012-10-08 09:47:00',21),
 (91,83,'Error',1316,'Y','2012-09-28 11:23:30',21,'2012-09-28 11:23:30',21),
 (92,83,'Submitted',1317,'N','2012-09-28 11:23:30',21,'2012-10-08 09:45:22',21),
 (93,83,'Approved',1318,'Y','2012-09-28 11:23:30',21,'2012-09-28 11:23:30',21),
 (94,83,'Rejected',1319,'Y','2012-09-28 11:23:30',21,'2012-10-08 09:47:00',21),
 (95,83,'In Processing',1324,'Y','2012-10-08 09:45:23',21,'2012-10-08 09:45:23',21);
/*!40000 ALTER TABLE `sys_code_values` ENABLE KEYS */;


--
-- Definition of table `sys_codes`
--

DROP TABLE IF EXISTS `sys_codes`;
CREATE TABLE `sys_codes` (
  `CODE_ID` int(11) NOT NULL AUTO_INCREMENT,
  `CODE` varchar(100) NOT NULL,
  `SYS_FLAG` varchar(1) NOT NULL,
  `ENABLED_FLAG` varchar(1) NOT NULL,
  `CODE_NAME_ID` int(11) DEFAULT NULL,
  `CODE_PROMPT_ID` int(11) DEFAULT NULL,
  `CODE_NAME_PROMPT_ID` int(11) DEFAULT NULL,
  `CREATION_DATE` datetime NOT NULL,
  `CREATED_BY` int(11) NOT NULL,
  `LAST_UPDATE_DATE` datetime NOT NULL,
  `LAST_UPDATED_BY` int(11) NOT NULL,
  PRIMARY KEY (`CODE_ID`),
  UNIQUE KEY `SYS_CODES_U1` (`CODE`)
) ENGINE=InnoDB AUTO_INCREMENT=84 DEFAULT CHARSET=gbk;

--
-- Dumping data for table `sys_codes`
--

/*!40000 ALTER TABLE `sys_codes` DISABLE KEYS */;
INSERT INTO `sys_codes` (`CODE_ID`,`CODE`,`SYS_FLAG`,`ENABLED_FLAG`,`CODE_NAME_ID`,`CODE_PROMPT_ID`,`CODE_NAME_PROMPT_ID`,`CREATION_DATE`,`CREATED_BY`,`LAST_UPDATE_DATE`,`LAST_UPDATED_BY`) VALUES 
 (1,'FUNCTION_TYPE','Y','Y',81,82,83,'2012-06-12 00:00:00',1,'2012-06-12 00:00:00',1),
 (21,'COMPANY_TYPE','Y','Y',301,302,303,'2012-06-18 00:00:00',1,'2012-06-18 00:00:00',1),
 (22,'SYS_PROMPT_LANGUAGES','Y','Y',321,322,323,'2012-06-18 00:00:00',1,'2012-06-18 00:00:00',1),
 (41,'SYS_USER_ISLOCKED','Y','Y',343,344,345,'2012-06-19 00:00:00',1,'2012-06-19 00:00:00',1),
 (61,'CODING_RULE_DOC_CATEGORY','Y','Y',1007,1008,1009,'2012-06-20 00:00:00',1,'2012-06-20 00:00:00',1),
 (62,'SYS_CODE_SYSFLAG','Y','Y',1024,1025,1026,'2012-06-20 00:00:00',1,'2012-06-20 00:00:00',1),
 (81,'SYS_PARAMETER_LEVEL','Y','Y',1042,1043,1044,'2012-06-21 00:00:00',1,'2012-06-21 00:00:00',1),
 (82,'INV_WAREHOUSE_TYPE','N','Y',1301,NULL,NULL,'2012-09-27 16:38:05',21,'2012-09-27 16:38:05',21),
 (83,'SALE_ORD_STATUS','N','Y',1314,NULL,NULL,'2012-09-28 11:23:30',21,'2012-10-08 09:47:00',21);
/*!40000 ALTER TABLE `sys_codes` ENABLE KEYS */;


--
-- Definition of table `sys_config_dimension`
--

DROP TABLE IF EXISTS `sys_config_dimension`;
CREATE TABLE `sys_config_dimension` (
  `DIMENSION_CODE` varchar(100) NOT NULL,
  `DIMENSION_NAME_ID` int(11) NOT NULL,
  `ENABLED_FLAG` varchar(1) DEFAULT 'Y',
  `LOOKUP_BM` varchar(500) DEFAULT NULL,
  `LOOKUP_SCREEN` varchar(500) DEFAULT NULL,
  `DESC_LOOKUP_SQL` varchar(1000) DEFAULT NULL,
  `DATA_QUERY_SQL` varchar(1000) DEFAULT NULL,
  `ORDER_NUM` int(11) DEFAULT NULL,
  `DESCRIPTIONS` varchar(2000) DEFAULT NULL,
  `BUILTIN_FLAG` varchar(1) DEFAULT NULL,
  `CREATED_BY` int(11) NOT NULL,
  `CREATION_DATE` datetime NOT NULL,
  `LAST_UPDATED_BY` int(11) NOT NULL,
  `LAST_UPDATE_DATE` datetime NOT NULL,
  `DIMENSION_INIT_PROC` varchar(1000) DEFAULT NULL,
  `DIMENSION_TAG` varchar(100) DEFAULT NULL,
  PRIMARY KEY (`DIMENSION_CODE`)
) ENGINE=InnoDB DEFAULT CHARSET=gbk;

--
-- Dumping data for table `sys_config_dimension`
--

/*!40000 ALTER TABLE `sys_config_dimension` DISABLE KEYS */;
/*!40000 ALTER TABLE `sys_config_dimension` ENABLE KEYS */;


--
-- Definition of table `sys_function`
--

DROP TABLE IF EXISTS `sys_function`;
CREATE TABLE `sys_function` (
  `FUNCTION_ID` int(11) NOT NULL AUTO_INCREMENT,
  `FUNCTION_CODE` varchar(100) NOT NULL,
  `FUNCTION_NAME_ID` int(11) NOT NULL,
  `FUNCTION_TYPE` varchar(1) NOT NULL,
  `PARENT_FUNCTION_ID` int(11) DEFAULT NULL,
  `MODULE_ID` int(11) DEFAULT NULL,
  `DESCRIPTION_ID` int(11) DEFAULT NULL,
  `ICON` varchar(100) DEFAULT NULL,
  `SEQUENCE` int(11) DEFAULT NULL,
  `SERVICE_ID` int(11) DEFAULT NULL,
  `CREATION_DATE` datetime NOT NULL,
  `CREATED_BY` int(11) NOT NULL,
  `LAST_UPDATE_DATE` datetime NOT NULL,
  `LAST_UPDATED_BY` int(11) NOT NULL,
  PRIMARY KEY (`FUNCTION_ID`),
  UNIQUE KEY `SYS_FUNCTION_U1` (`FUNCTION_CODE`),
  KEY `SYS_FUNCTION_N1` (`SERVICE_ID`)
) ENGINE=InnoDB AUTO_INCREMENT=259 DEFAULT CHARSET=gbk;

--
-- Dumping data for table `sys_function`
--

/*!40000 ALTER TABLE `sys_function` DISABLE KEYS */;
INSERT INTO `sys_function` (`FUNCTION_ID`,`FUNCTION_CODE`,`FUNCTION_NAME_ID`,`FUNCTION_TYPE`,`PARENT_FUNCTION_ID`,`MODULE_ID`,`DESCRIPTION_ID`,`ICON`,`SEQUENCE`,`SERVICE_ID`,`CREATION_DATE`,`CREATED_BY`,`LAST_UPDATE_DATE`,`LAST_UPDATED_BY`) VALUES 
 (21,'FND',63,'G',NULL,NULL,NULL,NULL,20,NULL,'2012-06-12 00:00:00',1,'2012-06-12 00:00:00',1),
 (22,'SYS',64,'G',NULL,NULL,NULL,NULL,10,NULL,'2012-06-12 00:00:00',1,'2012-06-12 00:00:00',1),
 (23,'SYS8040',65,'F',256,NULL,NULL,NULL,10,61,'2012-06-12 00:00:00',1,'2012-06-12 00:00:00',1),
 (24,'SYS8010',66,'F',256,NULL,NULL,NULL,20,62,'2012-06-12 00:00:00',1,'2012-06-12 00:00:00',1),
 (25,'SYS1003',67,'F',256,NULL,NULL,NULL,30,63,'2012-06-12 00:00:00',1,'2012-06-12 00:00:00',1),
 (26,'SYS8210',68,'F',256,NULL,NULL,NULL,40,64,'2012-06-12 00:00:00',1,'2012-06-12 00:00:00',1),
 (27,'SYS8110',69,'F',256,NULL,NULL,NULL,50,81,'2012-06-12 00:00:00',1,'2012-06-12 00:00:00',21),
 (28,'SYS8030',70,'F',256,NULL,NULL,NULL,130,122,'2012-06-12 00:00:00',1,'2012-06-12 00:00:00',21),
 (29,'SYS1020',71,'F',256,NULL,NULL,NULL,90,101,'2012-06-12 00:00:00',1,'2012-06-12 00:00:00',21),
 (41,'SYS1009',101,'F',256,NULL,NULL,NULL,60,82,'2012-06-12 00:00:00',21,'2012-06-12 00:00:00',21),
 (42,'SYS1004',103,'F',256,NULL,NULL,NULL,70,83,'2012-06-12 00:00:00',21,'2012-06-12 00:00:00',21),
 (61,'SYS1010',121,'F',256,NULL,NULL,NULL,80,84,'2012-06-12 00:00:00',21,'2012-06-12 00:00:00',21),
 (62,'SYS1110',123,'F',256,NULL,NULL,NULL,100,102,'2012-06-12 00:00:00',21,'2012-06-12 00:00:00',21),
 (63,'SYS1120',125,'F',256,NULL,NULL,NULL,110,103,'2012-06-12 00:00:00',21,'2012-06-12 00:00:00',21),
 (64,'SYS1130',127,'F',256,NULL,NULL,NULL,120,121,'2012-06-12 00:00:00',21,'2012-06-12 00:00:00',21),
 (65,'SYS1030',129,'F',256,NULL,NULL,NULL,140,123,'2012-06-12 00:00:00',21,'2012-06-12 00:00:00',21),
 (66,'SYS2520',131,'F',256,NULL,NULL,NULL,150,124,'2012-06-12 00:00:00',21,'2012-06-12 00:00:00',21),
 (81,'SYS1111',141,'F',256,NULL,NULL,NULL,999,125,'2012-06-12 00:00:00',21,'2012-06-12 00:00:00',21),
 (101,'FND1020',161,'F',257,NULL,NULL,NULL,10,141,'2012-06-12 00:00:00',21,'2012-06-28 00:00:00',21),
 (102,'FND1030',163,'F',257,NULL,NULL,NULL,20,142,'2012-06-12 00:00:00',21,'2012-06-12 00:00:00',21),
 (103,'FND1070',165,'F',257,NULL,NULL,NULL,30,143,'2012-06-12 00:00:00',21,'2012-06-12 00:00:00',21),
 (104,'FND2020',167,'F',257,NULL,NULL,NULL,40,144,'2012-06-12 00:00:00',21,'2012-06-12 00:00:00',21),
 (121,'PMG',181,'G',NULL,NULL,NULL,NULL,1000,NULL,'2012-06-12 00:00:00',21,'2012-06-12 00:00:00',21),
 (141,'PMG1000',201,'F',121,NULL,NULL,NULL,1001,161,'2012-06-12 00:00:00',21,'2012-06-12 00:00:00',21),
 (161,'PMG1002',221,'F',121,NULL,NULL,NULL,1002,181,'2012-06-13 00:00:00',21,'2012-06-13 00:00:00',21),
 (181,'PMG1003',241,'F',121,NULL,NULL,NULL,1003,201,'2012-06-13 00:00:00',21,'2012-06-13 00:00:00',21),
 (231,'PMG1004',1225,'F',121,NULL,NULL,NULL,1004,342,'2012-06-28 00:00:00',21,'2012-06-29 00:00:00',21),
 (241,'PMG1005',1241,'F',121,NULL,NULL,NULL,1005,361,'2012-06-29 00:00:00',21,'2012-06-29 00:00:00',21),
 (244,'INV1020',1295,'F',257,NULL,NULL,NULL,10,462,'2012-09-26 15:41:08',21,'2012-09-26 15:41:08',21),
 (245,'INV1010',1297,'F',257,NULL,NULL,NULL,20,463,'2012-09-27 14:23:00',21,'2012-09-27 14:23:00',21),
 (246,'INV1030',1299,'F',257,NULL,NULL,NULL,30,466,'2012-09-27 16:25:22',21,'2012-09-27 16:25:22',21),
 (247,'INV2010',1307,'F',257,NULL,NULL,NULL,40,468,'2012-09-28 09:51:38',21,'2012-09-28 09:51:38',21),
 (248,'FND1031',1309,'F',257,NULL,NULL,NULL,50,470,'2012-09-28 10:05:02',21,'2012-09-28 10:05:02',21),
 (249,'ORD',1320,'G',NULL,NULL,NULL,NULL,30,NULL,'2012-09-28 14:35:09',21,'2013-01-06 12:45:08',21),
 (250,'ORD5010',1322,'F',258,NULL,NULL,NULL,1,472,'2012-09-28 14:35:41',21,'2012-09-28 14:35:41',21),
 (255,'SYSRELOAD',9,'F',256,NULL,NULL,NULL,100,311,'2012-11-29 16:47:59',21,'2012-11-29 16:47:59',21),
 (256,'SYS_',11,'G',22,NULL,NULL,NULL,11,NULL,'2013-01-06 13:56:10',21,'2013-01-06 13:56:10',21),
 (257,'FND_',13,'G',21,NULL,NULL,NULL,21,NULL,'2013-01-06 13:56:10',21,'2013-01-06 13:56:10',21),
 (258,'ORD_',15,'G',249,NULL,NULL,NULL,31,NULL,'2013-01-06 13:56:10',21,'2013-01-06 13:56:10',21);
/*!40000 ALTER TABLE `sys_function` ENABLE KEYS */;


--
-- Definition of table `sys_function_bm_access`
--

DROP TABLE IF EXISTS `sys_function_bm_access`;
CREATE TABLE `sys_function_bm_access` (
  `ACCESS_ID` int(11) NOT NULL AUTO_INCREMENT,
  `FUNCTION_ID` int(11) NOT NULL,
  `BM_NAME` varchar(100) NOT NULL,
  `INSERT_OPTION` varchar(1) DEFAULT NULL,
  `UPDATE_OPTION` varchar(1) DEFAULT NULL,
  `QUERY_OPTION` varchar(1) DEFAULT NULL,
  `DELETE_OPTION` varchar(1) DEFAULT NULL,
  `EXECUTE_OPTION` varchar(1) DEFAULT NULL,
  `CREATED_BY` int(11) NOT NULL,
  `CREATION_DATE` datetime NOT NULL,
  `LAST_UPDATED_BY` int(11) NOT NULL,
  `LAST_UPDATE_DATE` datetime NOT NULL,
  PRIMARY KEY (`ACCESS_ID`),
  UNIQUE KEY `SYS_FUNCTION_BM_ACCESS_U1` (`FUNCTION_ID`,`BM_NAME`),
  KEY `SYS_FUNCTION_BM_ACCESS_N1` (`FUNCTION_ID`),
  KEY `SYS_FUNCTION_BM_ACCESS_N2` (`BM_NAME`)
) ENGINE=InnoDB AUTO_INCREMENT=320 DEFAULT CHARSET=gbk;

--
-- Dumping data for table `sys_function_bm_access`
--

/*!40000 ALTER TABLE `sys_function_bm_access` DISABLE KEYS */;
INSERT INTO `sys_function_bm_access` (`ACCESS_ID`,`FUNCTION_ID`,`BM_NAME`,`INSERT_OPTION`,`UPDATE_OPTION`,`QUERY_OPTION`,`DELETE_OPTION`,`EXECUTE_OPTION`,`CREATED_BY`,`CREATION_DATE`,`LAST_UPDATED_BY`,`LAST_UPDATE_DATE`) VALUES 
 (21,23,'sys.sys_service','Y','Y','Y','Y','Y',1,'2012-06-12 00:00:00',1,'2012-06-12 00:00:00'),
 (22,24,'sys.SYS8010.bm_accesscheck','Y','Y','Y','Y','Y',1,'2012-06-12 00:00:00',1,'2012-06-12 00:00:00'),
 (23,24,'sys.SYS8010.sys_bm_privilege','Y','Y','Y','Y','Y',1,'2012-06-12 00:00:00',1,'2012-06-12 00:00:00'),
 (24,24,'sys.SYS8010.sys_function','Y','Y','Y','Y','Y',1,'2012-06-12 00:00:00',1,'2012-06-12 00:00:00'),
 (25,24,'sys.SYS8010.sys_function_service','Y','Y','Y','Y','Y',1,'2012-06-12 00:00:00',1,'2012-06-12 00:00:00'),
 (26,24,'sys.sys_service','Y','Y','Y','Y','Y',1,'2012-06-12 00:00:00',1,'2012-06-12 00:00:00'),
 (27,24,'sys_accesscheck.SYS8010.sys_accesscheck','Y','Y','Y','Y','Y',1,'2012-06-12 00:00:00',1,'2012-06-12 00:00:00'),
 (28,25,'sys.sys_role','Y','Y','Y','Y','Y',1,'2012-06-12 00:00:00',1,'2012-06-12 00:00:00'),
 (29,25,'sys.sys_role_function','Y','Y','Y','Y','Y',1,'2012-06-12 00:00:00',1,'2012-06-12 00:00:00'),
 (30,25,'sys.sys_role_function_view','Y','Y','Y','Y','Y',1,'2012-06-12 00:00:00',1,'2012-06-12 00:00:00'),
 (31,26,'fnd.fnd_companies','Y','Y','Y','Y','Y',1,'2012-06-12 00:00:00',1,'2012-06-12 00:00:00'),
 (32,26,'sys.SYS8210.login_account_query','Y','Y','Y','Y','Y',1,'2012-06-12 00:00:00',1,'2012-06-12 00:00:00'),
 (33,26,'sys.SYS8210.sys_user_employee_lov','Y','Y','Y','Y','Y',1,'2012-06-12 00:00:00',1,'2012-06-12 00:00:00'),
 (34,26,'sys.SYS8210.sys_user_role_assign','Y','Y','Y','Y','Y',1,'2012-06-12 00:00:00',1,'2012-06-12 00:00:00'),
 (35,26,'sys.SYS8210.sys_user_set_password','Y','Y','Y','Y','Y',1,'2012-06-12 00:00:00',1,'2012-06-12 00:00:00'),
 (36,26,'sys.sys_role','Y','Y','Y','Y','Y',1,'2012-06-12 00:00:00',1,'2012-06-12 00:00:00'),
 (37,26,'sys.sys_user','Y','Y','Y','Y','Y',1,'2012-06-12 00:00:00',1,'2012-06-12 00:00:00'),
 (41,141,'pmg.pro_manager','Y','Y','Y','Y','Y',21,'2012-06-12 00:00:00',21,'2012-06-12 00:00:00'),
 (61,161,'pmg.pro_progress','Y','Y','Y','Y','Y',21,'2012-06-13 00:00:00',21,'2012-06-13 00:00:00'),
 (81,181,'pmg.pro_administrator','Y','Y','Y','Y','Y',21,'2012-06-13 00:00:00',21,'2012-06-13 00:00:00'),
 (101,42,'sys.SYS1004.sys_prompts','Y','Y','Y','Y','Y',21,'2012-06-19 00:00:00',21,'2012-06-19 00:00:00'),
 (102,101,'fnd.FND1020.fnd_country_code','Y','Y','Y','Y','Y',21,'2012-06-19 00:00:00',21,'2012-06-19 00:00:00'),
 (103,102,'fnd.FND1030.fnd_region_code','Y','Y','Y','Y','Y',21,'2012-06-19 00:00:00',21,'2012-06-19 00:00:00'),
 (104,103,'gld.gld_currency','Y','Y','Y','Y','Y',21,'2012-06-19 00:00:00',21,'2012-06-19 00:00:00'),
 (105,104,'fnd.fnd_companies','Y','Y','Y','Y','Y',21,'2012-06-19 00:00:00',21,'2012-06-19 00:00:00'),
 (106,105,'fnd.fnd_companies','Y','Y','Y','Y','Y',21,'2012-06-19 00:00:00',21,'2012-06-19 00:00:00'),
 (107,105,'fnd.FND1910.fnd_coding_rule_objects_query','Y','Y','Y','Y','Y',21,'2012-06-19 00:00:00',21,'2012-06-19 00:00:00'),
 (108,105,'fnd.FND1910.fnd_code_rule_document_types_v','Y','Y','Y','Y','Y',21,'2012-06-19 00:00:00',21,'2012-06-19 00:00:00'),
 (109,105,'fnd.FND1910.fnd_coding_rule_objects_company_lov','Y','Y','Y','Y','Y',21,'2012-06-19 00:00:00',21,'2012-06-19 00:00:00'),
 (110,105,'fnd.FND1910.fnd_operation_units_lov','Y','Y','Y','Y','Y',21,'2012-06-19 00:00:00',21,'2012-06-19 00:00:00'),
 (111,61,'sys.SYS1010.sys_codes','Y','Y','Y','Y','Y',21,'2012-06-19 00:00:00',21,'2012-06-19 00:00:00'),
 (112,61,'sys.SYS1010.sys_code_values','Y','Y','Y','Y','Y',21,'2012-06-19 00:00:00',21,'2012-06-19 00:00:00'),
 (113,29,'fnd.SYS1020.fnd_language_code','Y','Y','Y','Y','Y',21,'2012-06-19 00:00:00',21,'2012-06-19 00:00:00'),
 (114,29,'sys.sys_module','Y','Y','Y','Y','Y',21,'2012-06-19 00:00:00',21,'2012-06-19 00:00:00'),
 (115,29,'sys.SYS1020.sys_messages','Y','Y','Y','Y','Y',21,'2012-06-19 00:00:00',21,'2012-06-19 00:00:00'),
 (116,65,'sys.SYS1030.sys_mail_server','Y','Y','Y','Y','Y',21,'2012-06-19 00:00:00',21,'2012-06-19 00:00:00'),
 (117,63,'sys.sys_parameters','Y','Y','Y','Y','Y',21,'2012-06-19 00:00:00',21,'2012-06-19 00:00:00'),
 (118,63,'sys.sys_module_select','Y','Y','Y','Y','Y',21,'2012-06-19 00:00:00',21,'2012-06-19 00:00:00'),
 (119,63,'fnd.SYS1120.fnd_companies_parametervalues_lov','Y','Y','Y','Y','Y',21,'2012-06-19 00:00:00',21,'2012-06-19 00:00:00'),
 (120,63,'sys.SYS1120.sys_role_parametervalues_lov','Y','Y','Y','Y','Y',21,'2012-06-19 00:00:00',21,'2012-06-19 00:00:00'),
 (121,63,'sys.SYS1120.sys_user_parametervalues_lov','Y','Y','Y','Y','Y',21,'2012-06-19 00:00:00',21,'2012-06-19 00:00:00'),
 (124,27,'sys.sys_role','Y','Y','Y','Y','Y',21,'2012-06-19 00:00:00',21,'2012-06-19 00:00:00'),
 (125,27,'sys.sys_service','Y','Y','Y','Y','Y',21,'2012-06-19 00:00:00',21,'2012-06-19 00:00:00'),
 (126,66,'sys.SYS2520.sys_analytics_customize','Y','Y','Y','Y','Y',21,'2012-06-19 00:00:00',21,'2012-06-19 00:00:00'),
 (127,66,'sys.SYS2520.sys_analytics_detail_of_url','Y','Y','Y','Y','Y',21,'2012-06-19 00:00:00',21,'2012-06-19 00:00:00'),
 (128,66,'sys.SYS2520.sys_analytics_summary_of_day','Y','Y','Y','Y','Y',21,'2012-06-19 00:00:00',21,'2012-06-19 00:00:00'),
 (129,66,'sys.SYS2520.sys_analytics_summary_of_hour','Y','Y','Y','Y','Y',21,'2012-06-19 00:00:00',21,'2012-06-19 00:00:00'),
 (130,66,'sys.SYS2520.sys_analytics_top_timeconsume','Y','Y','Y','Y','Y',21,'2012-06-19 00:00:00',21,'2012-06-19 00:00:00'),
 (131,66,'sys.SYS2520.sys_analytics_top_use','Y','Y','Y','Y','Y',21,'2012-06-19 00:00:00',21,'2012-06-19 00:00:00'),
 (141,105,'fnd.FND1910.fnd_coding_rule_objects_save_update','Y','Y','Y','Y','Y',21,'2012-06-20 00:00:00',21,'2012-06-20 00:00:00'),
 (161,62,'sys.sys_module_select','Y','Y','Y','Y','Y',21,'2012-06-21 00:00:00',21,'2012-06-21 00:00:00'),
 (162,62,'sys.sys_parameters','Y','Y','Y','Y','Y',21,'2012-06-21 00:00:00',21,'2012-06-21 00:00:00'),
 (163,62,'sys.SYS1110.sys_parameters_insert','Y','Y','Y','Y','Y',21,'2012-06-21 00:00:00',21,'2012-06-21 00:00:00'),
 (201,141,'pmg.pro_progress_for_query','Y','Y','Y','Y','Y',21,'2012-06-27 00:00:00',21,'2012-06-27 00:00:00'),
 (202,141,'pmg.pro_administrator_for_query','Y','Y','Y','Y','Y',21,'2012-06-27 00:00:00',21,'2012-06-27 00:00:00'),
 (203,28,'sys.sys_module','Y','Y','Y','Y','Y',1,'2012-06-27 00:00:00',1,'2012-06-27 00:00:00'),
 (204,63,'sys.SYS1120.sys_parameters_lov','Y','Y','Y','Y','Y',21,'2012-06-27 00:00:00',21,'2012-06-27 00:00:00'),
 (205,64,'sys.SYS1130.sys_user_info','Y','Y','Y','Y','Y',21,'2012-06-27 00:00:00',21,'2012-06-27 00:00:00'),
 (206,64,'sys.sys_module_select','Y','Y','Y','Y','Y',21,'2012-06-27 00:00:00',21,'2012-06-27 00:00:00'),
 (207,64,'sys.sys_parameters','Y','Y','Y','Y','Y',21,'2012-06-27 00:00:00',21,'2012-06-27 00:00:00'),
 (208,63,'sys.SYS1130.sys_user_info','Y','Y','Y','Y','Y',21,'2012-06-27 00:00:00',21,'2012-06-27 00:00:00'),
 (209,63,'sys.sys_parameter_system','Y','Y','Y','Y','Y',21,'2012-06-27 00:00:00',21,'2012-06-27 00:00:00'),
 (210,63,'sys.sys_parameter_role','Y','Y','Y','Y','Y',21,'2012-06-27 00:00:00',21,'2012-06-27 00:00:00'),
 (211,63,'sys.sys_parameter_user','Y','Y','Y','Y','Y',21,'2012-06-27 00:00:00',21,'2012-06-27 00:00:00'),
 (212,63,'sys.sys_parameter_company','Y','Y','Y','Y','Y',21,'2012-06-27 00:00:00',21,'2012-06-27 00:00:00'),
 (213,64,'sys.sys_parameter_system','Y','Y','Y','Y','Y',21,'2012-06-27 00:00:00',21,'2012-06-27 00:00:00'),
 (214,64,'sys.sys_parameter_role','Y','Y','Y','Y','Y',21,'2012-06-27 00:00:00',21,'2012-06-27 00:00:00'),
 (215,64,'sys.sys_parameter_user','Y','Y','Y','Y','Y',21,'2012-06-27 00:00:00',21,'2012-06-27 00:00:00'),
 (216,64,'sys.sys_parameter_company','Y','Y','Y','Y','Y',21,'2012-06-27 00:00:00',21,'2012-06-27 00:00:00'),
 (224,27,'sys.sys_role_function','Y','Y','Y','Y','Y',1,'2012-06-28 00:00:00',1,'2012-06-28 00:00:00'),
 (225,27,'sys.sys_role_function_view','Y','Y','Y','Y','Y',1,'2012-06-28 00:00:00',1,'2012-06-28 00:00:00'),
 (228,231,'pmg.pro_oracle_bm','Y','Y','Y','Y','Y',21,'2012-06-28 00:00:00',21,'2012-06-28 00:00:00'),
 (229,231,'pmg.pro_oracle_keyword','Y','Y','Y','Y','Y',21,'2012-06-28 00:00:00',21,'2012-06-28 00:00:00'),
 (241,241,'pmg.pro_oracle_keyword_query','Y','Y','Y','Y','Y',21,'2012-06-29 00:00:00',21,'2012-06-29 00:00:00'),
 (242,241,'pmg.pro_oracle_keyword_bm','Y','Y','Y','Y','Y',21,'2012-06-29 00:00:00',21,'2012-06-29 00:00:00'),
 (261,63,'db.sys_parameter_pkg.update_parameter_values','Y','Y','Y','Y','Y',21,'2012-07-03 00:00:00',21,'2012-07-03 00:00:00'),
 (281,104,'fnd.FND2020.fnd_company_position_cmb','Y','Y','Y','Y','Y',21,'2012-07-04 00:00:00',21,'2012-07-04 00:00:00'),
 (282,104,'fnd.fnd_company_levels','Y','Y','Y','Y','Y',21,'2012-07-04 00:00:00',21,'2012-07-04 00:00:00'),
 (283,104,'fnd.FND2020.fnd_companies_parent','Y','Y','Y','Y','Y',21,'2012-07-04 00:00:00',21,'2012-07-04 00:00:00'),
 (284,63,'sys.sys_parameter_values','Y','Y','Y','Y','Y',21,'2012-07-04 00:00:00',21,'2012-07-04 00:00:00'),
 (286,244,'inv.INV1020.inv_uom_codes','Y','Y','Y','Y','Y',21,'2012-09-27 13:26:25',21,'2012-09-27 13:26:25'),
 (287,245,'inv.INV1010.inv_material_types','Y','Y','Y','Y','Y',21,'2012-09-27 14:25:35',21,'2012-09-27 14:25:35'),
 (288,245,'inv.INV1010.inv_material_types_maitain','Y','Y','Y','Y','Y',21,'2012-09-27 14:25:35',21,'2012-09-27 14:25:35'),
 (289,245,'inv.INV1010.inv_material_get_types','Y','Y','Y','Y','Y',21,'2012-09-27 14:25:35',21,'2012-09-27 14:25:35'),
 (290,245,'inv.INV1010.inv_mtrl_tp_ext_attr_hd','Y','Y','Y','Y','Y',21,'2012-09-27 14:25:35',21,'2012-09-27 14:25:35'),
 (291,245,'inv.INV1010.inv_mtrl_tp_ext_attr_ln','Y','Y','Y','Y','Y',21,'2012-09-27 14:25:35',21,'2012-09-27 14:25:35'),
 (292,246,'inv.INV1030.inv_warehouses','Y','Y','Y','Y','Y',21,'2012-09-27 16:26:18',21,'2012-09-27 16:26:18'),
 (293,246,'fnd.public.fnd_region_province','Y','Y','Y','Y','Y',21,'2012-09-27 16:26:18',21,'2012-09-27 16:26:18'),
 (294,246,'fnd.public.fnd_region_country','Y','Y','Y','Y','Y',21,'2012-09-27 16:26:18',21,'2012-09-27 16:26:18'),
 (295,246,'fnd.public.fnd_region_city','Y','Y','Y','Y','Y',21,'2012-09-27 16:26:18',21,'2012-09-27 16:26:18'),
 (296,247,'inv.INV2010.inv_item_basic','Y','Y','Y','Y','Y',21,'2012-09-28 09:52:02',21,'2012-09-28 09:52:02'),
 (297,248,'fnd.FND1030.fnd_employees','Y','Y','Y','Y','Y',21,'2012-09-28 10:05:31',21,'2012-09-28 10:05:31'),
 (298,248,'fnd.FND1030.fnd_departments','Y','Y','Y','Y','Y',21,'2012-09-28 10:05:31',21,'2012-09-28 10:05:31'),
 (299,250,'inv.INV2010.fnd_business_partners','Y','Y','Y','Y','Y',21,'2012-09-28 14:35:58',21,'2012-09-28 14:35:58'),
 (301,250,'ord.ORD5010.ord_sales_order_headers','Y','Y','Y','Y','Y',21,'2012-09-28 14:35:58',21,'2012-09-28 14:35:58'),
 (302,250,'fnd.FND1030.fnd_employees_lov','Y','Y','Y','Y','Y',21,'2012-09-28 15:24:35',21,'2012-09-28 15:24:35'),
 (303,250,'ord.ORD5010.ord_sales_order_lines','Y','Y','Y','Y','Y',21,'2012-09-28 16:22:32',21,'2012-09-28 16:22:32'),
 (304,250,'ord.ORD5010.fnd_business_customer_lov','Y','Y','Y','Y','Y',21,'2012-10-15 18:14:54',21,'2012-10-15 18:14:54'),
 (305,250,'ord.ORD5010.gld_currency_code_com','Y','Y','Y','Y','Y',21,'2012-10-16 15:22:03',21,'2012-10-16 15:22:03'),
 (306,250,'inv.INV1030.inv_warehouses_lov','Y','Y','Y','Y','Y',21,'2012-10-16 15:22:03',21,'2012-10-16 15:22:03'),
 (307,250,'ord.ORD5010.inv_item_basic_lov','Y','Y','Y','Y','Y',21,'2012-10-16 15:22:03',21,'2012-10-16 15:22:03'),
 (308,250,'ord.ORD5010.inv_uom_codes_lov','Y','Y','Y','Y','Y',21,'2012-10-16 15:22:03',21,'2012-10-16 15:22:03'),
 (310,254,'order.ORD1010.ord_sales_order_headers','Y','Y','Y','Y','Y',21,'2012-11-16 12:30:30',21,'2012-11-16 12:30:30'),
 (311,254,'order.ORD1010.ord_sales_order_lines','Y','Y','Y','Y','Y',21,'2012-11-16 12:30:30',21,'2012-11-16 12:30:30'),
 (312,254,'ord.ORD5010.gld_currency_code_com','Y','Y','Y','Y','Y',21,'2012-11-19 11:03:47',21,'2012-11-19 11:03:47'),
 (313,254,'ord.ORD5010.fnd_business_customer_lov','Y','Y','Y','Y','Y',21,'2012-11-19 11:04:54',21,'2012-11-19 11:04:54'),
 (314,254,'inv.INV1030.inv_warehouses_lov','Y','Y','Y','Y','Y',21,'2012-11-19 11:04:54',21,'2012-11-19 11:04:54'),
 (315,254,'ord.ORD1010.ord_sales_order_lines','Y','Y','Y','Y','Y',21,'2012-11-19 11:04:54',21,'2012-11-19 11:04:54'),
 (316,254,'ord.ORD5010.inv_item_basic_lov','Y','Y','Y','Y','Y',21,'2012-11-19 11:04:54',21,'2012-11-19 11:04:54'),
 (317,254,'ord.ORD5010.inv_uom_codes_lov','Y','Y','Y','Y','Y',21,'2012-11-19 11:04:54',21,'2012-11-19 11:04:54'),
 (318,254,'fnd.FND1030.fnd_employees_lov','Y','Y','Y','Y','Y',21,'2012-11-19 11:04:54',21,'2012-11-19 11:04:54'),
 (319,254,'ord.ORD1010.ord_sales_order_headers','Y','Y','Y','Y','Y',21,'2012-11-19 11:04:54',21,'2012-11-19 11:04:54');
/*!40000 ALTER TABLE `sys_function_bm_access` ENABLE KEYS */;


--
-- Definition of table `sys_function_service`
--

DROP TABLE IF EXISTS `sys_function_service`;
CREATE TABLE `sys_function_service` (
  `function_id` int(11) NOT NULL,
  `service_id` int(11) NOT NULL,
  `creation_date` datetime NOT NULL,
  `created_by` int(11) NOT NULL,
  `last_update_date` datetime NOT NULL,
  `last_updated_by` int(11) NOT NULL,
  PRIMARY KEY (`function_id`,`service_id`)
) ENGINE=InnoDB DEFAULT CHARSET=gbk;

--
-- Dumping data for table `sys_function_service`
--

/*!40000 ALTER TABLE `sys_function_service` DISABLE KEYS */;
INSERT INTO `sys_function_service` (`function_id`,`service_id`,`creation_date`,`created_by`,`last_update_date`,`last_updated_by`) VALUES 
 (23,61,'2012-06-12 00:00:00',1,'2012-06-12 00:00:00',1),
 (24,62,'2012-06-12 00:00:00',1,'2012-06-12 00:00:00',1),
 (24,305,'2012-06-27 00:00:00',1,'2012-06-27 00:00:00',1),
 (24,306,'2012-06-27 00:00:00',1,'2012-06-27 00:00:00',1),
 (24,308,'2012-06-27 00:00:00',1,'2012-06-27 00:00:00',1),
 (24,309,'2012-06-27 00:00:00',1,'2012-06-27 00:00:00',1),
 (24,310,'2012-06-27 00:00:00',1,'2012-06-27 00:00:00',1),
 (25,63,'2012-06-12 00:00:00',1,'2012-06-12 00:00:00',1),
 (25,343,'2012-06-28 00:00:00',1,'2012-06-28 00:00:00',1),
 (26,64,'2012-06-12 00:00:00',1,'2012-06-12 00:00:00',1),
 (26,362,'2012-06-29 00:00:00',21,'2012-06-29 00:00:00',21),
 (26,363,'2012-06-29 00:00:00',21,'2012-06-29 00:00:00',21),
 (26,364,'2012-06-29 00:00:00',21,'2012-06-29 00:00:00',21),
 (26,365,'2012-06-29 00:00:00',21,'2012-06-29 00:00:00',21),
 (27,81,'2012-06-19 00:00:00',21,'2012-06-19 00:00:00',21),
 (27,326,'2012-06-27 00:00:00',1,'2012-06-27 00:00:00',1),
 (27,343,'2012-06-28 00:00:00',1,'2012-06-28 00:00:00',1),
 (28,122,'2012-06-27 00:00:00',1,'2012-06-27 00:00:00',1),
 (29,101,'2012-06-19 00:00:00',21,'2012-06-19 00:00:00',21),
 (41,82,'2012-06-27 00:00:00',1,'2012-06-27 00:00:00',1),
 (41,294,'2012-06-27 00:00:00',1,'2012-06-27 00:00:00',1),
 (41,295,'2012-06-27 00:00:00',1,'2012-06-27 00:00:00',1),
 (41,296,'2012-06-27 00:00:00',1,'2012-06-27 00:00:00',1),
 (41,318,'2012-06-27 00:00:00',1,'2012-06-27 00:00:00',1),
 (42,83,'2012-06-19 00:00:00',21,'2012-06-19 00:00:00',21),
 (61,84,'2012-06-19 00:00:00',21,'2012-06-19 00:00:00',21),
 (61,401,'2012-07-03 00:00:00',1,'2012-07-03 00:00:00',1),
 (62,102,'2012-06-21 00:00:00',21,'2012-06-21 00:00:00',21),
 (62,324,'2012-06-27 00:00:00',21,'2012-06-27 00:00:00',21),
 (62,325,'2012-06-27 00:00:00',21,'2012-06-27 00:00:00',21),
 (63,103,'2012-06-19 00:00:00',21,'2012-06-19 00:00:00',21),
 (63,121,'2012-06-27 00:00:00',21,'2012-06-27 00:00:00',21),
 (63,327,'2012-06-27 00:00:00',21,'2012-06-27 00:00:00',21),
 (63,328,'2012-06-27 00:00:00',1,'2012-06-27 00:00:00',1),
 (63,424,'2012-07-04 00:00:00',21,'2012-07-04 00:00:00',21),
 (64,121,'2012-06-27 00:00:00',1,'2012-06-27 00:00:00',1),
 (64,328,'2012-06-27 00:00:00',1,'2012-06-27 00:00:00',1),
 (65,123,'2012-06-19 00:00:00',21,'2012-06-19 00:00:00',21),
 (66,124,'2012-06-19 00:00:00',21,'2012-06-19 00:00:00',21),
 (66,221,'2012-06-19 00:00:00',1,'2012-06-19 00:00:00',1),
 (66,222,'2012-06-19 00:00:00',1,'2012-06-19 00:00:00',1),
 (66,223,'2012-06-19 00:00:00',1,'2012-06-19 00:00:00',1),
 (66,224,'2012-06-19 00:00:00',1,'2012-06-19 00:00:00',1),
 (66,225,'2012-06-19 00:00:00',1,'2012-06-19 00:00:00',1),
 (66,226,'2012-06-19 00:00:00',1,'2012-06-19 00:00:00',1),
 (66,227,'2012-06-19 00:00:00',1,'2012-06-19 00:00:00',1),
 (66,228,'2012-06-19 00:00:00',1,'2012-06-19 00:00:00',1),
 (66,229,'2012-06-19 00:00:00',1,'2012-06-19 00:00:00',1),
 (66,230,'2012-06-19 00:00:00',1,'2012-06-19 00:00:00',1),
 (66,231,'2012-06-19 00:00:00',1,'2012-06-19 00:00:00',1),
 (66,232,'2012-06-19 00:00:00',1,'2012-06-19 00:00:00',1),
 (66,233,'2012-06-19 00:00:00',1,'2012-06-19 00:00:00',1),
 (81,125,'2012-06-19 00:00:00',21,'2012-06-19 00:00:00',21),
 (101,141,'2012-06-19 00:00:00',21,'2012-06-19 00:00:00',21),
 (102,142,'2012-06-19 00:00:00',21,'2012-06-19 00:00:00',21),
 (103,143,'2012-06-19 00:00:00',21,'2012-06-19 00:00:00',21),
 (104,144,'2012-06-19 00:00:00',21,'2012-06-19 00:00:00',21),
 (104,421,'2012-07-04 00:00:00',21,'2012-07-04 00:00:00',21),
 (104,422,'2012-07-04 00:00:00',21,'2012-07-04 00:00:00',21),
 (104,423,'2012-07-04 00:00:00',21,'2012-07-04 00:00:00',21),
 (105,145,'2012-06-19 00:00:00',21,'2012-06-19 00:00:00',21),
 (141,161,'2012-06-27 00:00:00',21,'2012-06-27 00:00:00',21),
 (231,342,'2012-06-28 00:00:00',21,'2012-06-28 00:00:00',21),
 (241,361,'2012-06-29 00:00:00',21,'2012-06-29 00:00:00',21),
 (244,462,'2012-09-26 15:52:34',21,'2012-09-26 15:52:34',21),
 (245,463,'2012-09-27 14:23:22',21,'2012-09-27 14:23:22',21),
 (245,464,'2012-09-27 14:23:52',21,'2012-09-27 14:23:52',21),
 (245,465,'2012-09-27 14:23:52',21,'2012-09-27 14:23:52',21),
 (246,466,'2012-09-27 16:25:45',21,'2012-09-27 16:25:45',21),
 (246,467,'2012-09-27 16:25:45',21,'2012-09-27 16:25:45',21),
 (247,468,'2012-09-28 09:51:49',21,'2012-09-28 09:51:49',21),
 (248,470,'2012-09-28 10:05:19',21,'2012-09-28 10:05:19',21),
 (248,471,'2012-09-28 10:05:19',21,'2012-09-28 10:05:19',21),
 (250,472,'2012-09-28 14:35:51',21,'2012-09-28 14:35:51',21),
 (250,473,'2012-09-28 16:22:26',21,'2012-09-28 16:22:26',21),
 (250,474,'2012-10-16 15:21:50',21,'2012-10-16 15:21:50',21),
 (250,475,'2012-10-16 15:21:50',21,'2012-10-16 15:21:50',21),
 (250,476,'2012-10-16 15:21:50',21,'2012-10-16 15:21:50',21),
 (250,477,'2012-10-16 15:21:50',21,'2012-10-16 15:21:50',21),
 (250,478,'2012-10-16 15:21:50',21,'2012-10-16 15:21:50',21),
 (250,479,'2012-10-16 15:39:30',21,'2012-10-16 15:39:30',21),
 (254,480,'2012-11-16 12:30:57',21,'2012-11-16 12:30:57',21),
 (254,481,'2012-11-16 12:31:35',21,'2012-11-16 12:31:35',21),
 (255,311,'2012-11-29 16:48:14',21,'2012-11-29 16:48:14',21),
 (255,323,'2012-11-29 16:48:14',21,'2012-11-29 16:48:14',21);
/*!40000 ALTER TABLE `sys_function_service` ENABLE KEYS */;


--
-- Definition of table `sys_languages`
--

DROP TABLE IF EXISTS `sys_languages`;
CREATE TABLE `sys_languages` (
  `LANGUAGE_CODE` varchar(4) NOT NULL,
  `NLS_LANGUAGE` varchar(30) DEFAULT NULL,
  `NLS_TERRITORY` varchar(30) DEFAULT NULL,
  `ISO_LANGUAGE` varchar(30) DEFAULT NULL,
  `ISO_TERRITORY` varchar(30) DEFAULT NULL,
  `NLS_CODESET` varchar(30) DEFAULT NULL,
  `LOCAL_DATE_LANGUAGE` varchar(30) DEFAULT NULL,
  `UTF8_DATE_LANGUAGE` varchar(30) DEFAULT NULL,
  `INSTALLED_FLAG` varchar(1) DEFAULT NULL,
  `DESCRIPTION` varchar(240) DEFAULT NULL,
  PRIMARY KEY (`LANGUAGE_CODE`)
) ENGINE=InnoDB DEFAULT CHARSET=gbk;

--
-- Dumping data for table `sys_languages`
--

/*!40000 ALTER TABLE `sys_languages` DISABLE KEYS */;
INSERT INTO `sys_languages` (`LANGUAGE_CODE`,`NLS_LANGUAGE`,`NLS_TERRITORY`,`ISO_LANGUAGE`,`ISO_TERRITORY`,`NLS_CODESET`,`LOCAL_DATE_LANGUAGE`,`UTF8_DATE_LANGUAGE`,`INSTALLED_FLAG`,`DESCRIPTION`) VALUES 
 ('AR','ARABIC','UNITED ARAB EMIRATES','AR','AE','AR8ISO8859P6','ARABIC','ARABIC',NULL,NULL),
 ('BG','BULGARIAN','BULGARIA','BG','BG','CL8ISO8859P5','BULGARIAN','NUMERIC DATE LANGUAGE',NULL,NULL),
 ('CA','CATALAN','CATALONIA','CA','CT','WE8ISO8859P1','CATALAN','CATALAN',NULL,NULL),
 ('CS','CZECH','CZECHOSLOVAKIA','CZ','CZ','EE8ISO8859P2','CZECH','NUMERIC DATE LANGUAGE',NULL,NULL),
 ('D','GERMAN','GERMANY','DE','DE','WE8ISO8859P1','GERMAN','NUMERIC DATE LANGUAGE',NULL,NULL),
 ('DK','DANISH','DENMARK','DA','DK','WE8ISO8859P1','DANISH','DANISH',NULL,NULL),
 ('E','SPANISH','SPAIN','ES','ES','WE8ISO8859P1','SPANISH','SPANISH',NULL,NULL),
 ('EG','EGYPTIAN','EGYPT','EG','EG','AR8ISO8859P6','EGYPTIAN','EGYPTIAN',NULL,NULL),
 ('EL','GREEK','GREECE','EL','GR','EL8ISO8859P7','GREEK','NUMERIC DATE LANGUAGE',NULL,NULL),
 ('ESA','LATIN AMERICAN SPANISH','MEXICO','ES','MX','WE8ISO8859P1','LATIN AMERICAN SPANISH','LATIN AMERICAN SPANISH',NULL,NULL),
 ('F','FRENCH','FRANCE','FR','FR','WE8ISO8859P1','FRENCH','FRENCH',NULL,NULL),
 ('FRC','CANADIAN FRENCH','CANADA','FR','CA','WE8ISO8859P1','CANADIAN FRENCH','NUMERIC DATE LANGUAGE',NULL,NULL),
 ('GB','ENGLISH','UNITED KINGDOM','EN','GB','WE8ISO8859P1','ENGLISH','ENGLISH',NULL,NULL),
 ('HR','CROATIAN','CROATIA','HR','YU','EE8ISO8859P2','CROATIAN','NUMERIC DATE LANGUAGE',NULL,NULL),
 ('HU','HUNGARIAN','HUNGARY','HU','HU','EE8ISO8859P2','HUNGARIAN','NUMERIC DATE LANGUAGE',NULL,NULL),
 ('I','ITALIAN','ITALY','IT','IT','WE8ISO8859P1','ITALIAN','ITALIAN',NULL,NULL),
 ('IS','ICELANDIC','ICELAND','IS','IS','WE8ISO8859P1','ICELANDIC','NUMERIC DATE LANGUAGE',NULL,NULL),
 ('IW','HEBREW','ISRAEL','IW','IL','IW8ISO8859P8','HEBREW','HEBREW',NULL,NULL),
 ('JA','JAPANESE','JAPAN','JA','JP','JA16EUC','JAPANESE','JAPANESE',NULL,NULL),
 ('KO','KOREAN','KOREA','KO','KR','KO16KSC5601','KOREAN','KOREAN',NULL,NULL),
 ('LT','LITHUANIAN','LITHUANIA','LT','LT','NEE8ISO8859P4','LITHUANIAN','LITHUANIAN',NULL,NULL),
 ('N','NORWEGIAN','NORWAY','NO','NO','WE8ISO8859P1','NORWEGIAN','NORWEGIAN',NULL,NULL),
 ('NL','DUTCH','THE NETHERLANDS','NL','NL','WE8ISO8859P1','DUTCH','DUTCH',NULL,NULL),
 ('PL','POLISH','POLAND','PL','PL','EE8ISO8859P2','POLISH','NUMERIC DATE LANGUAGE',NULL,NULL),
 ('PT','PORTUGUESE','PORTUGAL','PT','PT','WE8ISO8859P1','PORTUGUESE','PORTUGUESE',NULL,NULL),
 ('PTB','BRAZILIAN PORTUGUESE','BRAZIL','PT','BR','WE8ISO8859P1','BRAZILIAN PORTUGUESE','BRAZILIAN PORTUGUESE',NULL,NULL),
 ('RO','ROMANIAN','ROMANIA','RO','RO','EE8ISO8859P2','ROMANIAN','ROMANIAN',NULL,NULL),
 ('RU','RUSSIAN','CIS','RU','SU','CL8ISO8859P5','RUSSIAN','NUMERIC DATE LANGUAGE',NULL,NULL),
 ('S','SWEDISH','SWEDEN','SV','SE','WE8ISO8859P1','SWEDISH','SWEDISH',NULL,NULL),
 ('SF','FINNISH','FINLAND','FI','FI','WE8ISO8859P1','FINNISH','FINNISH',NULL,NULL),
 ('SK','SLOVAK','SLOVENIA','SK','SI','EE8ISO8859P2','SLOVAK','NUMERIC DATE LANGUAGE',NULL,NULL),
 ('SL','SLOVENIAN','SLOVENIA','SL','SI','EE8ISO8859P2','SLOVENIAN','SLOVENIAN',NULL,NULL),
 ('TH','THAI','THAILAND','TH','TH','TH8TISASCII','NUMERIC DATE LANGUAGE','NUMERIC DATE LANGUAGE',NULL,NULL),
 ('TR','TURKISH','TURKEY','TR','TR','WE8ISO8859P9','TURKISH','NUMERIC DATE LANGUAGE',NULL,NULL),
 ('US','AMERICAN','AMERICA','EN','US','US7ASCII','AMERICAN','AMERICAN','Y','ENGLISH'),
 ('ZHS','SIMPLIFIED CHINESE','CHINA','ZH','CN','ZHS16CGB231280','NUMERIC DATE LANGUAGE','NUMERIC DATE LANGUAGE','Y','简体中文'),
 ('ZHT','TRADITIONAL CHINESE','TAIWAN','ZH','TW','ZHT16BIG5','NUMERIC DATE LANGUAGE','NUMERIC DATE LANGUAGE',NULL,'繁体中文');
/*!40000 ALTER TABLE `sys_languages` ENABLE KEYS */;


--
-- Definition of table `sys_mail_server`
--

DROP TABLE IF EXISTS `sys_mail_server`;
CREATE TABLE `sys_mail_server` (
  `MAIL_SERVER_ID` int(11) NOT NULL AUTO_INCREMENT,
  `MAIL_SMTP_HOST` varchar(100) NOT NULL,
  `MAIL_PROTOCOL` varchar(30) NOT NULL,
  `MAIL_PORT_NUMBER` int(11) NOT NULL,
  `MAIL_ADDRESS` varchar(100) NOT NULL,
  `AUTH_LOGIN_FLAG` varchar(1) NOT NULL DEFAULT 'Y',
  `MAIL_USERNAME` varchar(100) DEFAULT NULL,
  `MAIL_PASSWORD` varchar(100) DEFAULT NULL,
  `DISPLAY_NAME` varchar(100) DEFAULT NULL,
  `REPLY_TO` varchar(100) DEFAULT NULL,
  `MAIL_SIGNATURE` varchar(2000) DEFAULT NULL,
  `ENABLED_FLAG` varchar(1) NOT NULL DEFAULT 'Y',
  `DEFAULT_FLAG` varchar(1) NOT NULL DEFAULT 'N',
  `CREATED_BY` int(11) NOT NULL,
  `CREATION_DATE` datetime NOT NULL,
  `LAST_UPDATED_BY` int(11) NOT NULL,
  `LAST_UPDATE_DATE` datetime NOT NULL,
  PRIMARY KEY (`MAIL_SERVER_ID`),
  UNIQUE KEY `MAIL_SERVER_ID_UNIQUE` (`MAIL_SERVER_ID`)
) ENGINE=InnoDB AUTO_INCREMENT=2 DEFAULT CHARSET=gbk;

--
-- Dumping data for table `sys_mail_server`
--

/*!40000 ALTER TABLE `sys_mail_server` DISABLE KEYS */;
INSERT INTO `sys_mail_server` (`MAIL_SERVER_ID`,`MAIL_SMTP_HOST`,`MAIL_PROTOCOL`,`MAIL_PORT_NUMBER`,`MAIL_ADDRESS`,`AUTH_LOGIN_FLAG`,`MAIL_USERNAME`,`MAIL_PASSWORD`,`DISPLAY_NAME`,`REPLY_TO`,`MAIL_SIGNATURE`,`ENABLED_FLAG`,`DEFAULT_FLAG`,`CREATED_BY`,`CREATION_DATE`,`LAST_UPDATED_BY`,`LAST_UPDATE_DATE`) VALUES 
 (1,'hand-china.com','POP',110,'xxx@hand-china.com','Y','xxx','xxx',NULL,NULL,NULL,'Y','N',21,'2012-09-24 14:58:38',21,'2012-09-24 14:58:38');
/*!40000 ALTER TABLE `sys_mail_server` ENABLE KEYS */;


--
-- Definition of table `sys_messages`
--

DROP TABLE IF EXISTS `sys_messages`;
CREATE TABLE `sys_messages` (
  `MESSAGE_CODE` varchar(200) NOT NULL,
  `LANGUAGE` varchar(4) NOT NULL,
  `MESSAGE_NAME` varchar(200) DEFAULT NULL,
  `MODULE_ID` int(11) DEFAULT NULL,
  `MESSAGE` varchar(2000) DEFAULT NULL,
  `CREATION_DATE` datetime NOT NULL,
  `CREATED_BY` int(11) NOT NULL,
  `LAST_UPDATE_DATE` datetime NOT NULL,
  `LAST_UPDATED_BY` int(11) NOT NULL,
  PRIMARY KEY (`MESSAGE_CODE`,`LANGUAGE`)
) ENGINE=InnoDB DEFAULT CHARSET=gbk;

--
-- Dumping data for table `sys_messages`
--

/*!40000 ALTER TABLE `sys_messages` DISABLE KEYS */;
INSERT INTO `sys_messages` (`MESSAGE_CODE`,`LANGUAGE`,`MESSAGE_NAME`,`MODULE_ID`,`MESSAGE`,`CREATION_DATE`,`CREATED_BY`,`LAST_UPDATE_DATE`,`LAST_UPDATED_BY`) VALUES 
 ('FND2040_COMPANY_LEVELS_CODE_DUPLICATE','US','Error',NULL,'Company level code must be unique!','2012-06-18 10:49:22',1,'2012-06-18 10:49:22',1),
 ('FND2040_COMPANY_LEVELS_CODE_DUPLICATE','ZHS','错误',NULL,'公司级别代码不能重复，请重新输入！','2012-06-18 10:49:22',1,'2012-07-03 14:44:42',21),
 ('FND_LANGUAGE_CODE_UNIQUE_ERROR','US','ERROR',NULL,'Code must be Unique,Please enter again !','2012-06-12 13:45:43',1,'2012-06-12 13:45:43',1),
 ('FND_LANGUAGE_CODE_UNIQUE_ERROR','ZHS','错误',NULL,'语言代码重复，请重新输入!','2012-06-12 13:45:43',1,'2012-06-12 13:45:43',1),
 ('SYS_FIRST_LOGIN_CHANGE_PASSWORD','US','ERROR',NULL,'First login must change password, please reset your password!','2012-06-19 16:05:48',1,'2012-06-19 16:05:48',1),
 ('SYS_FIRST_LOGIN_CHANGE_PASSWORD','ZHS','错误',NULL,'您尚未修改初始密码，请重新设定密码！','2012-06-19 16:05:48',1,'2012-06-19 16:05:48',1),
 ('SYS_FROZEN_FAILURE','US','ERROR',NULL,'frozen_failure,please contact the system administrator!','2012-06-19 16:05:48',1,'2012-06-19 16:05:48',1),
 ('SYS_FROZEN_FAILURE','ZHS','错误',NULL,'用户被冻结，请联系系统管理员!','2012-06-19 16:05:48',1,'2012-06-19 16:05:48',1),
 ('SYS_LANGUAGE_NULL','US','ERROR',NULL,'language is null, please re-enter!','2012-06-19 16:05:48',1,'2012-06-19 16:05:48',1),
 ('SYS_LANGUAGE_NULL','ZHS','错误',NULL,'语言环境不存在，请重新选择!','2012-06-19 16:05:48',1,'2012-06-19 16:05:48',1),
 ('SYS_PASSWORD_EXPIRED','US','ERROR',NULL,'Password has expired, please reset your password!','2012-06-19 16:05:48',1,'2012-06-19 16:05:48',1),
 ('SYS_PASSWORD_EXPIRED','ZHS','错误',NULL,'密码已过期，请重新设定密码！','2012-06-19 16:05:48',1,'2012-06-19 16:05:48',1),
 ('SYS_PASSWORD_FAILURE','US','ERROR',NULL,'password failure, please re-enter!','2012-06-19 16:05:48',1,'2012-06-19 16:05:48',1),
 ('SYS_PASSWORD_FAILURE','ZHS','错误',NULL,'密码错误，请重新输入!','2012-06-19 16:05:48',1,'2012-06-19 16:05:48',1),
 ('SYS_PASSWORD_NULL','US','ERROR',NULL,'password null, please re-enter!','2012-06-19 16:05:48',1,'2012-06-19 16:05:48',1),
 ('SYS_PASSWORD_NULL','ZHS','错误',NULL,'密码为空，请输入!','2012-06-19 16:05:48',1,'2012-06-19 16:05:48',1),
 ('SYS_USER_FAILURE','US','ERROR',NULL,'user failure, please re-enter!','2012-06-19 16:05:48',1,'2012-06-19 16:05:48',1),
 ('SYS_USER_FAILURE','ZHS','错误',NULL,'用户无效，请重新输入!','2012-06-19 16:05:48',1,'2012-06-19 16:05:48',1),
 ('SYS_USER_NULL','US','ERROR',NULL,'user is null, please re-enter!','2012-06-19 16:05:48',1,'2012-06-19 16:05:48',1),
 ('SYS_USER_NULL','ZHS','错误',NULL,'用户不存在，请重新输入!','2012-06-19 16:05:48',1,'2012-06-19 16:05:48',1),
 ('SYS_USER_PASSWORD_EXPIRED','US','ERROR',NULL,'Password has expired, please reset your password!','2012-06-19 16:05:48',1,'2012-06-19 16:05:48',1),
 ('SYS_USER_PASSWORD_EXPIRED','ZHS','错误',NULL,'你的密码已经过期，请修改密码!','2012-06-19 16:05:48',1,'2012-06-19 16:05:48',1),
 ('SYS_USER_PASSWORD_RULE_CHECK_INVALID','US','ERROR',NULL,'Password has invalid, please reset your password!','2012-06-19 16:05:48',1,'2012-06-19 16:05:48',1),
 ('SYS_USER_PASSWORD_RULE_CHECK_INVALID','ZHS','错误',NULL,'你的密码不符合系统设定的密码规则定义，请重新修改密码!','2012-06-19 16:05:48',1,'2012-06-19 16:05:48',1),
 ('SYS_USER_ROLE_NULL','US','ERROR',NULL,'User role check error!','2012-06-19 16:05:48',1,'2012-06-19 16:05:48',1),
 ('SYS_USER_ROLE_NULL','ZHS','错误',NULL,'该用户没有被分配合适的角色，或者角色已失效！','2012-06-19 16:05:48',1,'2012-06-19 16:05:48',1);
/*!40000 ALTER TABLE `sys_messages` ENABLE KEYS */;


--
-- Definition of table `sys_module`
--

DROP TABLE IF EXISTS `sys_module`;
CREATE TABLE `sys_module` (
  `MODULE_ID` int(11) NOT NULL AUTO_INCREMENT,
  `MODULE_CODE` varchar(6) NOT NULL,
  `MODULE_NAME_ID` int(11) DEFAULT NULL,
  `INSTALLED_FLAG` varchar(1) DEFAULT 'N',
  `CREATION_DATE` datetime NOT NULL,
  `CREATED_BY` int(11) NOT NULL,
  `LAST_UPDATE_DATE` datetime NOT NULL,
  `LAST_UPDATED_BY` int(11) NOT NULL,
  PRIMARY KEY (`MODULE_ID`),
  UNIQUE KEY `SYS_MODULE_U1` (`MODULE_CODE`)
) ENGINE=InnoDB AUTO_INCREMENT=43 DEFAULT CHARSET=gbk;

--
-- Dumping data for table `sys_module`
--

/*!40000 ALTER TABLE `sys_module` DISABLE KEYS */;
INSERT INTO `sys_module` (`MODULE_ID`,`MODULE_CODE`,`MODULE_NAME_ID`,`INSTALLED_FLAG`,`CREATION_DATE`,`CREATED_BY`,`LAST_UPDATE_DATE`,`LAST_UPDATED_BY`) VALUES 
 (21,'MOD001',1049,'Y','2012-06-21 10:10:13',21,'2012-07-03 15:18:08',21),
 (41,'MOD002',1265,'Y','2012-07-03 15:17:57',21,'2012-07-04 17:00:58',21),
 (42,'ORD',1313,'Y','2012-09-28 10:56:04',21,'2012-09-28 10:56:04',21);
/*!40000 ALTER TABLE `sys_module` ENABLE KEYS */;


--
-- Definition of table `sys_parameter_values`
--

DROP TABLE IF EXISTS `sys_parameter_values`;
CREATE TABLE `sys_parameter_values` (
  `MODULE_ID` int(11) NOT NULL,
  `PARAMETER_ID` int(11) NOT NULL,
  `LEVEL_ID` int(11) NOT NULL,
  `LEVEL_VALUE` int(11) NOT NULL,
  `PARAMETER_VALUE` varchar(240) DEFAULT NULL,
  `VALUE_CODE` varchar(1000) DEFAULT NULL,
  `VALUE_NAME` varchar(1000) DEFAULT NULL,
  `LAST_UPDATE_DATE` datetime NOT NULL,
  `LAST_UPDATED_BY` int(11) NOT NULL,
  `CREATION_DATE` datetime NOT NULL,
  `CREATED_BY` int(11) NOT NULL,
  PRIMARY KEY (`PARAMETER_ID`,`MODULE_ID`,`LEVEL_ID`,`LEVEL_VALUE`),
  UNIQUE KEY `SYS_PARAMETER_VALUES_U1` (`PARAMETER_ID`,`LEVEL_ID`,`LEVEL_VALUE`)
) ENGINE=InnoDB DEFAULT CHARSET=gbk;

--
-- Dumping data for table `sys_parameter_values`
--

/*!40000 ALTER TABLE `sys_parameter_values` DISABLE KEYS */;
INSERT INTO `sys_parameter_values` (`MODULE_ID`,`PARAMETER_ID`,`LEVEL_ID`,`LEVEL_VALUE`,`PARAMETER_VALUE`,`VALUE_CODE`,`VALUE_NAME`,`LAST_UPDATE_DATE`,`LAST_UPDATED_BY`,`CREATION_DATE`,`CREATED_BY`) VALUES 
 (21,1,101,1,'value12',NULL,NULL,'2012-07-04 15:34:03',21,'2012-07-03 14:46:35',21),
 (21,52,104,22,'F8032900C7F58E39',NULL,NULL,'2012-07-04 16:49:58',21,'2012-07-04 15:37:49',21),
 (21,101,103,21,'value1',NULL,NULL,'2012-07-17 10:32:59',21,'2012-07-03 15:19:42',21),
 (41,103,101,1,'5',NULL,NULL,'2012-07-04 17:19:48',21,'2012-07-03 15:24:47',21),
 (41,103,102,21,'222',NULL,NULL,'2012-07-04 13:11:35',21,'2012-07-04 13:11:25',21),
 (41,103,102,81,'1',NULL,NULL,'2012-07-04 13:11:17',21,'2012-07-04 13:11:17',21),
 (41,103,104,22,'1',NULL,NULL,'2012-07-04 13:12:11',21,'2012-07-04 13:12:11',21),
 (42,104,104,22,'2',NULL,NULL,'2012-10-09 13:11:55',21,'2012-09-28 11:13:53',21),
 (42,105,104,22,'2',NULL,NULL,'2012-10-09 13:13:10',21,'2012-10-09 13:13:10',21),
 (42,106,104,22,'17',NULL,NULL,'2012-10-12 14:14:02',21,'2012-10-12 14:14:02',21);
/*!40000 ALTER TABLE `sys_parameter_values` ENABLE KEYS */;


--
-- Definition of table `sys_parameters`
--

DROP TABLE IF EXISTS `sys_parameters`;
CREATE TABLE `sys_parameters` (
  `MODULE_ID` int(11) NOT NULL,
  `PARAMETER_ID` int(11) NOT NULL AUTO_INCREMENT,
  `PARAMETER_CODE` varchar(100) NOT NULL,
  `VALIDATION_TYPE` varchar(100) NOT NULL,
  `DESCRIPTION` varchar(2000) NOT NULL,
  `USER_CHANGEABLE_FLAG` varchar(1) NOT NULL,
  `USER_VISIBLE_FLAG` varchar(1) NOT NULL,
  `SYSTEM_ENABLED_FLAG` varchar(1) NOT NULL,
  `ROLE_ENABLED_FLAG` varchar(1) NOT NULL,
  `USER_ENABLED_FLAG` varchar(1) NOT NULL,
  `COMPANY_ENABLED_FLAG` varchar(1) NOT NULL,
  `SQL_VALIDATION` varchar(2000) DEFAULT NULL,
  `START_DATE_ACTIVE` datetime DEFAULT NULL,
  `END_DATE_ACTIVE` datetime DEFAULT NULL,
  `PARAMETER_NAME_ID` int(11) DEFAULT NULL,
  `ENCRYPT_VALUE_FLAG` varchar(1) DEFAULT NULL,
  `APP_ENABLED_FLAG` varchar(1) DEFAULT NULL,
  `LAST_UPDATE_DATE` datetime NOT NULL,
  `LAST_UPDATED_BY` int(11) NOT NULL,
  `CREATION_DATE` datetime NOT NULL,
  `CREATED_BY` int(11) NOT NULL,
  PRIMARY KEY (`PARAMETER_ID`),
  UNIQUE KEY `SYS_PARAMETERS_U1` (`PARAMETER_CODE`)
) ENGINE=InnoDB AUTO_INCREMENT=107 DEFAULT CHARSET=gbk;

--
-- Dumping data for table `sys_parameters`
--

/*!40000 ALTER TABLE `sys_parameters` DISABLE KEYS */;
INSERT INTO `sys_parameters` (`MODULE_ID`,`PARAMETER_ID`,`PARAMETER_CODE`,`VALIDATION_TYPE`,`DESCRIPTION`,`USER_CHANGEABLE_FLAG`,`USER_VISIBLE_FLAG`,`SYSTEM_ENABLED_FLAG`,`ROLE_ENABLED_FLAG`,`USER_ENABLED_FLAG`,`COMPANY_ENABLED_FLAG`,`SQL_VALIDATION`,`START_DATE_ACTIVE`,`END_DATE_ACTIVE`,`PARAMETER_NAME_ID`,`ENCRYPT_VALUE_FLAG`,`APP_ENABLED_FLAG`,`LAST_UPDATE_DATE`,`LAST_UPDATED_BY`,`CREATION_DATE`,`CREATED_BY`) VALUES 
 (21,1,'PARAM001','NUMERIC','一个用于测试的参数','N','Y','Y','N','N','N',NULL,'2012-06-21 00:00:00',NULL,1050,'N',NULL,'2012-06-21 10:15:04',21,'2012-06-21 10:15:04',21),
 (21,52,'XXX','CHARACTER','zzz','N','N','N','N','N','Y',NULL,'2012-06-26 00:00:00',NULL,1173,'Y',NULL,'2012-07-04 15:37:15',21,'2012-06-26 16:03:29',21),
 (21,61,'WWW','CHARACTER','ccc','N','N','Y','N','N','N',NULL,'2012-06-27 00:00:00',NULL,1181,'N',NULL,'2012-06-28 14:11:27',21,'2012-06-27 13:47:09',21),
 (21,83,'RRRGGG','CHARACTER','gg','N','N','N','N','Y','N',NULL,'2012-06-29 00:00:00',NULL,1245,'Y',NULL,'2012-07-04 15:35:51',21,'2012-06-29 13:29:08',21),
 (21,101,'TEST_PARA','SQL','测试参数','Y','Y','N','Y','Y','Y',NULL,'2012-07-03 00:00:00',NULL,1261,'N',NULL,'2012-07-03 14:43:21',21,'2012-07-03 14:39:49',21),
 (41,103,'param_MIN_PRICE','NUMERIC','最小价格','N','N','Y','Y','Y','Y',NULL,'2012-07-03 00:00:00',NULL,1266,'N',NULL,'2012-07-04 13:31:08',21,'2012-07-03 15:24:31',21),
 (42,104,'QUANTITY_ACCURACY','NUMERIC','精度','N','N','N','N','N','Y',NULL,'2012-09-28 00:00:00',NULL,1311,'N',NULL,'2012-10-09 13:46:38',21,'2012-09-28 10:53:22',21),
 (42,105,'BUSINESS_ACCURACY','NUMERIC','业务精度','N','N','N','N','N','Y',NULL,'2012-10-09 00:00:00',NULL,1325,'N',NULL,'2012-10-09 13:46:32',21,'2012-10-09 13:12:57',21),
 (42,106,'TAX_RATE','NUMERIC','默认税率','N','N','N','N','N','Y',NULL,'2012-10-01 00:00:00',NULL,1326,'N',NULL,'2012-10-12 14:13:50',21,'2012-10-12 14:13:50',21);
/*!40000 ALTER TABLE `sys_parameters` ENABLE KEYS */;


--
-- Definition of table `sys_prompts`
--

DROP TABLE IF EXISTS `sys_prompts`;
CREATE TABLE `sys_prompts` (
  `PROMPT_ID` int(11) NOT NULL AUTO_INCREMENT,
  `PROMPT_CODE` varchar(100) NOT NULL,
  `LANGUAGE` varchar(4) NOT NULL,
  `DESCRIPTION` varchar(200) NOT NULL,
  `LAST_UPDATE_DATE` datetime NOT NULL,
  `LAST_UPDATED_BY` int(11) NOT NULL,
  `CREATION_DATE` datetime NOT NULL,
  `CREATED_BY` int(11) NOT NULL,
  PRIMARY KEY (`PROMPT_ID`),
  UNIQUE KEY `SYS_PROMPTS_U1` (`PROMPT_CODE`,`LANGUAGE`)
) ENGINE=InnoDB AUTO_INCREMENT=563 DEFAULT CHARSET=gbk;

--
-- Dumping data for table `sys_prompts`
--

/*!40000 ALTER TABLE `sys_prompts` DISABLE KEYS */;
INSERT INTO `sys_prompts` (`PROMPT_ID`,`PROMPT_CODE`,`LANGUAGE`,`DESCRIPTION`,`LAST_UPDATE_DATE`,`LAST_UPDATED_BY`,`CREATION_DATE`,`CREATED_BY`) VALUES 
 (1,'HAP_LOGIN','ZHS','登录','2012-06-13 00:00:00',1,'2012-06-11 00:00:00',1),
 (2,'HAP_LOGIN','US','Login','2012-06-13 00:00:00',1,'2012-06-11 00:00:00',1),
 (3,'HAP_USERNAME','ZHS','用户名','2012-06-13 00:00:00',1,'2012-06-11 00:00:00',1),
 (4,'HAP_USERNAME','US','Username','2012-06-13 00:00:00',1,'2012-06-11 00:00:00',1),
 (5,'HAP_PASSWORD','ZHS','密码','2012-06-13 00:00:00',1,'2012-06-11 00:00:00',1),
 (6,'HAP_PASSWORD','US','Password','2012-06-13 00:00:00',1,'2012-06-11 00:00:00',1),
 (7,'HAP_LANGUAGE','ZHS','语言','2012-06-13 00:00:00',1,'2012-06-11 00:00:00',1),
 (8,'HAP_LANGUAGE','US','Language','2012-06-13 00:00:00',1,'2012-06-11 00:00:00',1),
 (9,'PAGE_QUERY','ZHS','页面查询','2012-06-13 00:00:00',1,'2012-06-12 00:00:00',1),
 (10,'PAGE_QUERY','US','Query page','2012-06-13 00:00:00',1,'2012-06-12 00:00:00',1),
 (11,'PAGE_NAME','ZHS','页面名称','2012-06-13 00:00:00',1,'2012-06-12 00:00:00',1),
 (12,'PAGE_NAME','US','Page name','2012-06-13 00:00:00',1,'2012-06-12 00:00:00',1),
 (13,'FND_SERVICE.TITLE','ZHS','页面标题','2012-06-13 00:00:00',1,'2012-06-12 00:00:00',1),
 (14,'FND_SERVICE.TITLE','US','Page Title','2012-06-13 00:00:00',1,'2012-06-12 00:00:00',1),
 (15,'HAP_QUERY','ZHS','查询','2012-06-13 00:00:00',1,'2012-06-12 00:00:00',1),
 (16,'HAP_QUERY','US','Query','2012-06-13 00:00:00',1,'2012-06-12 00:00:00',1),
 (17,'HAP_RESET','ZHS','重置','2012-06-13 00:00:00',1,'2012-06-12 00:00:00',1),
 (18,'HAP_RESET','US','Reset','2012-06-13 00:00:00',1,'2012-06-12 00:00:00',1),
 (19,'HAP_NEW','ZHS','新增','2012-06-19 00:00:00',1,'2012-06-12 00:00:00',1),
 (20,'HAP_NEW','US','New','2012-06-19 00:00:00',1,'2012-06-12 00:00:00',1),
 (21,'HAP_SAVE','ZHS','保存','2012-06-13 00:00:00',1,'2012-06-12 00:00:00',1),
 (22,'HAP_SAVE','US','Save','2012-06-13 00:00:00',1,'2012-06-12 00:00:00',1),
 (23,'HAP_SUBMIT','ZHS','提交','2012-06-13 00:00:00',1,'2012-06-12 00:00:00',1),
 (24,'HAP_SUBMIT','US','Submit','2012-06-13 00:00:00',1,'2012-06-12 00:00:00',1),
 (25,'HAP_DELETE','ZHS','删除','2012-06-13 00:00:00',1,'2012-06-12 00:00:00',1),
 (26,'HAP_DELETE','US','Delete','2012-06-13 00:00:00',1,'2012-06-12 00:00:00',1),
 (27,'WORK_NAME','ZHS','工作名称','2012-06-13 00:00:00',1,'2012-06-12 00:00:00',1),
 (28,'WORK_NAME','US','Work Name','2012-06-13 00:00:00',1,'2012-06-12 00:00:00',1),
 (29,'ACCESS_CONTROL','ZHS','权限控制','2012-06-13 00:00:00',1,'2012-06-12 00:00:00',1),
 (30,'ACCESS_CONTROL','US','Access Control','2012-06-13 00:00:00',1,'2012-06-12 00:00:00',1),
 (31,'NEED_LOGIN','ZHS','需要登录','2012-06-13 00:00:00',1,'2012-06-12 00:00:00',1),
 (32,'NEED_LOGIN','US','Need login','2012-06-13 00:00:00',1,'2012-06-12 00:00:00',1),
 (33,'SYSTEM_LEVEL_PAGE','ZHS','系统级页面','2012-06-13 00:00:00',1,'2012-06-12 00:00:00',1),
 (34,'SYSTEM_LEVEL_PAGE','US','System-level page','2012-06-13 00:00:00',1,'2012-06-12 00:00:00',1),
 (35,'STATUS','US','Status','2012-06-13 00:00:00',1,'2012-06-12 00:00:00',1),
 (36,'RESULT','ZHS','结果','2012-06-13 00:00:00',1,'2012-06-12 00:00:00',1),
 (37,'RESULT','US','Result','2012-06-13 00:00:00',1,'2012-06-12 00:00:00',1),
 (38,'SPEND','ZHS','花费','2012-06-13 00:00:00',1,'2012-06-12 00:00:00',1),
 (39,'SPEND','US','Spend','2012-06-13 00:00:00',1,'2012-06-12 00:00:00',1),
 (40,'URL','ZHS','URL','2012-06-13 00:00:00',1,'2012-06-12 00:00:00',1),
 (41,'URL','US','URL','2012-06-13 00:00:00',1,'2012-06-12 00:00:00',1),
 (42,'REQUEST','ZHS','请求','2012-06-13 00:00:00',1,'2012-06-12 00:00:00',1),
 (43,'REQUEST','US','Request','2012-06-13 00:00:00',1,'2012-06-12 00:00:00',1),
 (44,'RESPONSE','ZHS','响应','2012-06-13 00:00:00',1,'2012-06-12 00:00:00',1),
 (45,'RESPONSE','US','Response','2012-06-13 00:00:00',1,'2012-06-12 00:00:00',1),
 (46,'L.HP','ZHS','首页','2012-06-13 00:00:00',1,'2012-06-12 00:00:00',1),
 (47,'L.HP','US','Home page','2012-06-13 00:00:00',1,'2012-06-12 00:00:00',1),
 (48,'L.GREY_CRYSTAL','ZHS','切换皮肤','2012-06-13 00:00:00',1,'2012-06-12 00:00:00',1),
 (49,'L.GREY_CRYSTAL','US','Skin switch','2012-06-13 00:00:00',1,'2012-06-12 00:00:00',1),
 (50,'L.ROLE_SWITCH','ZHS','切换角色','2012-06-13 00:00:00',1,'2012-06-12 00:00:00',1),
 (51,'L.ROLE_SWITCH','US','Role switch','2012-06-13 00:00:00',1,'2012-06-12 00:00:00',1),
 (52,'FND_PRV_LOGIN_ACC.CHA_PWD','ZHS','修改密码','2012-06-13 00:00:00',1,'2012-06-12 00:00:00',1),
 (53,'FND_PRV_LOGIN_ACC.CHA_PWD','US','Chang password','2012-06-13 00:00:00',1,'2012-06-12 00:00:00',1),
 (54,'L.EXIT_SYSTEM','ZHS','退出系统','2012-06-13 00:00:00',1,'2012-06-12 00:00:00',1),
 (55,'L.EXIT_SYSTEM','US','Exit system','2012-06-13 00:00:00',1,'2012-06-12 00:00:00',1),
 (56,'PROMPT.MENUS','ZHS','菜单','2012-06-13 00:00:00',1,'2012-06-12 00:00:00',1),
 (57,'PROMPT.MENUS','US','Menu','2012-06-13 00:00:00',1,'2012-06-12 00:00:00',1),
 (58,'EXIT_SYSTEM','ZHS','系统提示','2012-06-29 00:00:00',1,'2012-06-12 00:00:00',1),
 (59,'EXIT_SYSTEM','US','System prompt','2012-06-29 00:00:00',1,'2012-06-12 00:00:00',1),
 (60,'EXIT_SYSTEM_CONFIRM','ZHS','你确定要退出系统么?','2012-06-13 00:00:00',1,'2012-06-12 00:00:00',1),
 (61,'EXIT_SYSTEM_CONFIRM','US','Are you sure you want to exit system?','2012-06-13 00:00:00',1,'2012-06-12 00:00:00',1),
 (62,'HAP_BACK','ZHS','返回','2012-06-13 00:00:00',1,'2012-06-12 00:00:00',1),
 (63,'HAP_BACK','US','Back','2012-06-13 00:00:00',1,'2012-06-12 00:00:00',1),
 (64,'HAP_SELECT_ROLE','ZHS','选择角色','2012-06-13 00:00:00',1,'2012-06-12 00:00:00',1),
 (65,'HAP_SELECT_ROLE','US','Select Role','2012-06-13 00:00:00',1,'2012-06-12 00:00:00',1),
 (66,'LOGIN_SELECT_ROLE.CONTINUE','ZHS','继续','2012-06-13 00:00:00',1,'2012-06-12 00:00:00',1),
 (67,'LOGIN_SELECT_ROLE.CONTINUE','US','Continue','2012-06-13 00:00:00',1,'2012-06-12 00:00:00',1),
 (68,'HAP_EDIT','ZHS','编辑','2012-06-19 00:00:00',1,'2012-06-12 00:00:00',1),
 (69,'HAP_EDIT','US','Edit','2012-06-19 00:00:00',1,'2012-06-12 00:00:00',1),
 (70,'MODIFY_PASSWORD','ZHS','修改密码','2012-06-19 00:00:00',1,'2012-06-12 00:00:00',1),
 (71,'MODIFY_PASSWORD','US','Modify Password','2012-06-19 00:00:00',1,'2012-06-12 00:00:00',1),
 (72,'SYS_USER.ROLE_ASSIGN','ZHS','分配角色','2012-06-19 00:00:00',1,'2012-06-12 00:00:00',1),
 (73,'SYS_USER.ROLE_ASSIGN','US','Assigned Role','2012-06-19 00:00:00',1,'2012-06-12 00:00:00',1),
 (74,'SYS_USER.FROZEN_DATE','ZHS','冻结时间','2012-06-13 00:00:00',1,'2012-06-12 00:00:00',1),
 (75,'SYS_USER.FROZEN_DATE','US','Frozen date','2012-06-13 00:00:00',1,'2012-06-12 00:00:00',1),
 (76,'FND_PRV_LOGIN_ACC.STATUS','ZHS','是否冻结','2012-06-13 00:00:00',1,'2012-06-12 00:00:00',1),
 (77,'FND_PRV_LOGIN_ACC.STATUS','US','Frozen or not','2012-06-13 00:00:00',1,'2012-06-12 00:00:00',1),
 (78,'FND_COMPANIES.END_DATE','ZHS','有效日期至','2012-06-13 00:00:00',1,'2012-06-12 00:00:00',1),
 (79,'FND_COMPANIES.END_DATE','US','End date','2012-06-13 00:00:00',1,'2012-06-12 00:00:00',1),
 (80,'FND_COMPANIES.START_DATE_ACTIVE','ZHS','有效日期从','2012-06-13 00:00:00',1,'2012-06-12 00:00:00',1),
 (81,'FND_COMPANIES.START_DATE_ACTIVE','US','Start date active','2012-06-13 00:00:00',1,'2012-06-12 00:00:00',1),
 (82,'FND_COMPANY_PROMPTS.DESCRIPTION','ZHS','描述','2012-06-13 00:00:00',1,'2012-06-12 00:00:00',1),
 (83,'FND_COMPANY_PROMPTS.DESCRIPTION','US','Description','2012-06-13 00:00:00',1,'2012-06-12 00:00:00',1),
 (84,'SYS_USER.USER_NAME','ZHS','账号','2012-06-13 00:00:00',1,'2012-06-12 00:00:00',1),
 (85,'SYS_USER.USER_NAME','US','User name','2012-06-13 00:00:00',1,'2012-06-12 00:00:00',1),
 (86,'HAP_EXPORT','ZHS','导出','2012-06-13 00:00:00',1,'2012-06-12 00:00:00',1),
 (87,'HAP_EXPORT','US','Export','2012-06-13 00:00:00',1,'2012-06-12 00:00:00',1),
 (88,'EXP_EMPLOYEES.NAME','ZHS','姓名','2012-06-13 00:00:00',1,'2012-06-12 00:00:00',1),
 (89,'EXP_EMPLOYEES.NAME','US','Name','2012-06-13 00:00:00',1,'2012-06-12 00:00:00',1),
 (90,'FND_PRV_LOGIN_ACC.EMPLOYEE_CODE','ZHS','工号','2012-06-13 00:00:00',1,'2012-06-12 00:00:00',1),
 (91,'FND_PRV_LOGIN_ACC.EMPLOYEE_CODE','US','Employee code','2012-06-13 00:00:00',1,'2012-06-12 00:00:00',1),
 (92,'SYS_USER.IS_FROZEN','ZHS','是否冻结','2012-06-19 00:00:00',1,'2012-06-12 00:00:00',1),
 (93,'SYS_USER.IS_FROZEN','US','Frozen','2012-06-19 00:00:00',1,'2012-06-12 00:00:00',1),
 (94,'SYS_USER.USER_SEARCH','ZHS','用户查询','2012-06-13 00:00:00',1,'2012-06-12 00:00:00',1),
 (95,'SYS_USER.USER_SEARCH','US','Search Useruurkd','2012-06-19 00:00:00',1,'2012-06-12 00:00:00',1),
 (96,'SYS_USER.ACCOUNT','ZHS','账号','2012-06-19 00:00:00',1,'2012-06-12 00:00:00',1),
 (97,'SYS_USER.ACCOUNT','US','Account','2012-06-19 00:00:00',1,'2012-06-12 00:00:00',1),
 (98,'WFL_WORKFLOW_NODE.SEQUENCE_NUM','ZHS','序列号','2012-06-13 00:00:00',1,'2012-06-12 00:00:00',1),
 (99,'WFL_WORKFLOW_NODE.SEQUENCE_NUM','US','Sequence num','2012-06-13 00:00:00',1,'2012-06-12 00:00:00',1),
 (100,'TO_EXPLAND','ZHS','是否展开','2012-06-13 00:00:00',1,'2012-06-12 00:00:00',1),
 (101,'TO_EXPLAND','US','Whether to expand','2012-06-13 00:00:00',1,'2012-06-12 00:00:00',1),
 (102,'SYS_ROLE.ROLE_NAME','ZHS','角色名称','2012-06-13 00:00:00',1,'2012-06-12 00:00:00',1),
 (103,'SYS_ROLE.ROLE_NAME','US','Role Name','2012-06-13 00:00:00',1,'2012-06-12 00:00:00',1),
 (104,'SYS_ROLE.ROLE_CODE','ZHS','角色代码','2012-06-13 00:00:00',1,'2012-06-12 00:00:00',1),
 (105,'SYS_ROLE.ROLE_CODE','US','Role code','2012-06-13 00:00:00',1,'2012-06-12 00:00:00',1),
 (106,'SYS_ROLE.QUERY_TITLE','ZHS','查询条件','2012-06-13 00:00:00',1,'2012-06-12 00:00:00',1),
 (107,'SYS_ROLE.QUERY_TITLE','US','Query Condition','2012-06-13 00:00:00',1,'2012-06-12 00:00:00',1),
 (108,'PARENT_CODE_SELECT','ZHS','选择父节点','2012-06-13 00:00:00',1,'2012-06-12 00:00:00',1),
 (109,'PARENT_CODE_SELECT','US','Select the parent node','2012-06-13 00:00:00',1,'2012-06-12 00:00:00',1),
 (110,'PROMPT.DOWNLOAD','ZHS','下载','2012-06-13 00:00:00',1,'2012-06-12 00:00:00',1),
 (111,'PROMPT.DOWNLOAD','US','Download','2012-06-13 00:00:00',1,'2012-06-12 00:00:00',1),
 (112,'HEC_ASSIGN_BM','ZHS','分配BM','2012-06-13 00:00:00',1,'2012-06-12 00:00:00',1),
 (113,'HEC_ASSIGN_BM','US','Assign BM','2012-06-13 00:00:00',1,'2012-06-12 00:00:00',1),
 (114,'ACP_SYS_ACP_REQ_TYPES.ASSIGN_PAGE','ZHS','分配页面','2012-06-13 00:00:00',1,'2012-06-12 00:00:00',1),
 (115,'ACP_SYS_ACP_REQ_TYPES.ASSIGN_PAGE','US','Assign page','2012-06-13 00:00:00',1,'2012-06-12 00:00:00',1),
 (116,'ICON_PATH','ZHS','图标路径','2012-06-13 00:00:00',1,'2012-06-12 00:00:00',1),
 (117,'ICON_PATH','US','Icon Path','2012-06-13 00:00:00',1,'2012-06-12 00:00:00',1),
 (118,'FUNCTION_CHECK','ZHS','功能查询','2012-06-13 00:00:00',1,'2012-06-12 00:00:00',1),
 (119,'FUNCTION_CHECK','US','Function check','2012-06-13 00:00:00',1,'2012-06-12 00:00:00',1),
 (120,'FND_FUNCTION.FUNCTION_CODE','ZHS','功能代码','2012-06-13 00:00:00',1,'2012-06-12 00:00:00',1),
 (121,'FND_FUNCTION.FUNCTION_CODE','US','Function code','2012-06-13 00:00:00',1,'2012-06-12 00:00:00',1),
 (122,'FND_FUNCTION.FUNCTION_NAME','ZHS','功能名称','2012-06-13 00:00:00',1,'2012-06-12 00:00:00',1),
 (123,'FND_FUNCTION.FUNCTION_NAME','US','Function name','2012-06-13 00:00:00',1,'2012-06-12 00:00:00',1),
 (124,'PARENT_CODE','ZHS','上级节点','2012-06-13 00:00:00',1,'2012-06-12 00:00:00',1),
 (125,'PARENT_CODE','US','Parent code','2012-06-13 00:00:00',1,'2012-06-12 00:00:00',1),
 (126,'FUNCTION_TYPE','ZHS','功能类型','2012-06-13 00:00:00',1,'2012-06-12 00:00:00',1),
 (127,'FUNCTION_TYPE','US','Fucntion type','2012-06-13 00:00:00',1,'2012-06-12 00:00:00',1),
 (128,'VIEW_FUNCTION_TREE','ZHS','查看功能树','2012-06-13 00:00:00',1,'2012-06-12 00:00:00',1),
 (129,'VIEW_FUNCTION_TREE','US','Viewing function tree','2012-06-13 00:00:00',1,'2012-06-12 00:00:00',1),
 (130,'SORT_NUM','ZHS','排序号','2012-06-13 00:00:00',1,'2012-06-12 00:00:00',1),
 (131,'SORT_NUM','US','Sort No.','2012-06-13 00:00:00',1,'2012-06-12 00:00:00',1),
 (132,'PAGE','ZHS','页面','2012-06-13 00:00:00',1,'2012-06-12 00:00:00',1),
 (133,'PAGE','US','Page','2012-06-13 00:00:00',1,'2012-06-12 00:00:00',1),
 (134,'FND_SYS_PARA_VALUE.ROLE','ZHS','角色','2012-06-13 00:00:00',1,'2012-06-13 00:00:00',1),
 (135,'FND_SYS_PARA_VALUE.ROLE','US','Role','2012-06-13 00:00:00',1,'2012-06-13 00:00:00',1),
 (136,'HAP_CLEAR','ZHS','清除','2012-06-13 00:00:00',1,'2012-06-13 00:00:00',1),
 (137,'HAP_CLEAR','US','Clear','2012-06-13 00:00:00',1,'2012-06-13 00:00:00',1),
 (138,'SYS_ROLE.ROLE_DESCRIPTION','ZHS','角色描述','2012-06-13 00:00:00',1,'2012-06-13 00:00:00',1),
 (139,'SYS_ROLE.ROLE_DESCRIPTION','US','Description','2012-06-19 00:00:00',1,'2012-06-13 00:00:00',1),
 (140,'HAP_START_DATE','ZHS','有效日期从','2012-06-13 00:00:00',1,'2012-06-13 00:00:00',1),
 (141,'HAP_START_DATE','US','Available From','2012-06-13 00:00:00',1,'2012-06-13 00:00:00',1),
 (142,'SYS_MAIL_SERVER.MAIL_SIGNATURE','ZHS','签名','2012-06-13 00:00:00',1,'2012-06-13 00:00:00',1),
 (143,'SYS_MAIL_SERVER.MAIL_SIGNATURE','US','Mail signature','2012-06-13 00:00:00',1,'2012-06-13 00:00:00',1),
 (144,'SYS_MAIL_SERVER.REPLY_TO','ZHS','邮件回复给','2012-06-13 00:00:00',1,'2012-06-13 00:00:00',1),
 (145,'SYS_MAIL_SERVER.REPLY_TO','US','Reply to','2012-06-13 00:00:00',1,'2012-06-13 00:00:00',1),
 (146,'SYS_MAIL_SERVER.DISPLAY_NAME','ZHS','发件人显示','2012-06-13 00:00:00',1,'2012-06-13 00:00:00',1),
 (147,'SYS_MAIL_SERVER.DISPLAY_NAME','US','Display name','2012-06-13 00:00:00',1,'2012-06-13 00:00:00',1),
 (148,'SYS_MAIL_SERVER.MAIL_PASSWORD','ZHS','邮箱密码','2012-06-13 00:00:00',1,'2012-06-13 00:00:00',1),
 (149,'SYS_MAIL_SERVER.MAIL_PASSWORD','US','Mail password','2012-06-13 00:00:00',1,'2012-06-13 00:00:00',1),
 (150,'SYS_MAIL_SERVER.AUTH_LOGIN_FLAG','ZHS','需要口令验证','2012-06-13 00:00:00',1,'2012-06-13 00:00:00',1),
 (151,'SYS_MAIL_SERVER.AUTH_LOGIN_FLAG','US','Auth login flag','2012-06-13 00:00:00',1,'2012-06-13 00:00:00',1),
 (152,'SYS_MAIL_SERVER.ENABLED_FLAG','ZHS','启用','2012-06-13 00:00:00',1,'2012-06-13 00:00:00',1),
 (153,'SYS_MAIL_SERVER.ENABLED_FLAG','US','Enabled flag','2012-06-13 00:00:00',1,'2012-06-13 00:00:00',1),
 (154,'SYS_MAIL_SERVER.DEFALUT_FLAG','ZHS','缺省','2012-06-13 00:00:00',1,'2012-06-13 00:00:00',1),
 (155,'SYS_MAIL_SERVER.DEFALUT_FLAG','US','Default','2012-06-13 00:00:00',1,'2012-06-13 00:00:00',1),
 (156,'SYS_MAIL_SERVER.MAIL_PORT_NUMBER','ZHS','端口','2012-06-13 00:00:00',1,'2012-06-13 00:00:00',1),
 (157,'SYS_MAIL_SERVER.MAIL_PORT_NUMBER','US','Mail port number','2012-06-13 00:00:00',1,'2012-06-13 00:00:00',1),
 (158,'SYS_MAIL_SERVER.MAIL_SMTP_HOST','ZHS','邮箱协议','2012-06-13 00:00:00',1,'2012-06-13 00:00:00',1),
 (159,'SYS_MAIL_SERVER.MAIL_SMTP_HOST','US','Mail smtp host','2012-06-13 00:00:00',1,'2012-06-13 00:00:00',1),
 (160,'SYS_MAIL_SERVER.MAIL_USERNAME','ZHS','邮箱用户名','2012-06-13 00:00:00',1,'2012-06-13 00:00:00',1),
 (161,'SYS_MAIL_SERVER.MAIL_USERNAME','US','Mail username','2012-06-13 00:00:00',1,'2012-06-13 00:00:00',1),
 (162,'SYS_MAIL_SERVER.MAIL_ADDRESS','ZHS','发件地址','2012-06-13 00:00:00',1,'2012-06-13 00:00:00',1),
 (163,'SYS_MAIL_SERVER.MAIL_ADDRESS','US','Mail address','2012-06-13 00:00:00',1,'2012-06-13 00:00:00',1),
 (164,'SYS_MAIL_SERVER.SERVER_SET','ZHS','邮件服务器','2012-06-13 00:00:00',1,'2012-06-13 00:00:00',1),
 (165,'SYS_MAIL_SERVER.MAIL_SERVER_QUERY','US','Mail server query','2012-06-13 00:00:00',1,'2012-06-13 00:00:00',1),
 (166,'SYS_MAIL_SERVER.MAIL_SERVER_QUERY','ZHS','邮件服务器查询','2012-06-13 00:00:00',1,'2012-06-13 00:00:00',1),
 (167,'SYS_PARAMETER_VALUES_FOR_USER','ZHS','用户','2012-06-13 00:00:00',1,'2012-06-13 00:00:00',1),
 (168,'SYS_PARAMETER_VALUES_FOR_USER','US','User','2012-06-13 00:00:00',1,'2012-06-13 00:00:00',1),
 (169,'SYS_MODULE.INSTALLED','ZHS','是否启用','2012-06-13 00:00:00',1,'2012-06-13 00:00:00',1),
 (170,'SYS_MODULE.INSTALLED','US','Installed','2012-06-13 00:00:00',1,'2012-06-13 00:00:00',1),
 (171,'SYS_MODULE.MODULE_CODE','ZHS','模块代码','2012-06-13 00:00:00',1,'2012-06-13 00:00:00',1),
 (172,'SYS_MODULE.MODULE_CODE','US','Module code','2012-06-13 00:00:00',1,'2012-06-13 00:00:00',1),
 (173,'SYS_MODULE.MODULE_QUERY','ZHS','模块查询','2012-06-19 00:00:00',1,'2012-06-13 00:00:00',1),
 (174,'SYS_MODULE.MODULE_QUERY','US','Module Query','2012-06-19 00:00:00',1,'2012-06-13 00:00:00',1),
 (175,'SYS_PARAMETER_VALUES.VALUE_NAME','ZHS','值名称','2012-06-13 00:00:00',1,'2012-06-13 00:00:00',1),
 (176,'SYS_PARAMETER_VALUES.VALUE_NAME','US','Value name','2012-06-13 00:00:00',1,'2012-06-13 00:00:00',1),
 (177,'SYS_PARAMETER_VALUES.VALUE_CODE','ZHS','值代码','2012-06-13 00:00:00',1,'2012-06-13 00:00:00',1),
 (178,'SYS_PARAMETER_VALUES.VALUE_CODE','US','Value code','2012-06-13 00:00:00',1,'2012-06-13 00:00:00',1),
 (179,'SYS_PARAMETER_VALUES.PARAMETER_VALUE','ZHS','参数值','2012-06-13 00:00:00',1,'2012-06-13 00:00:00',1),
 (180,'SYS_PARAMETER_VALUES.PARAMETER_VALUE','US','Parameter value','2012-06-13 00:00:00',1,'2012-06-13 00:00:00',1),
 (181,'SYS_PARAMETER_VALUES.QUERY_USER_NAME','ZHS','用户名称','2012-06-13 00:00:00',1,'2012-06-13 00:00:00',1),
 (182,'SYS_PARAMETER_VALUES.QUERY_USER_NAME','US','User Name','2012-06-13 00:00:00',1,'2012-06-13 00:00:00',1),
 (183,'SYS_PARAMETER_VALUES.QUERY_ROLE_NAME','ZHS','角色名称','2012-06-13 00:00:00',1,'2012-06-13 00:00:00',1),
 (184,'SYS_PARAMETER_VALUES.QUERY_ROLE_NAME','US','Role Name','2012-06-13 00:00:00',1,'2012-06-13 00:00:00',1),
 (185,'SYS_PARAMETER_VALUES.QUERY_COMPANY_NAME','ZHS','公司名称','2012-06-13 00:00:00',1,'2012-06-13 00:00:00',1),
 (186,'SYS_PARAMETER_VALUES.QUERY_COMPANY_NAME','US','Company Name','2012-06-13 00:00:00',1,'2012-06-13 00:00:00',1),
 (187,'SYS_PARAMETER_VALUES.VALUE_LEVEL','ZHS','参数级别','2012-06-13 00:00:00',1,'2012-06-13 00:00:00',1),
 (188,'SYS_PARAMETER_VALUES.VALUE_LEVEL','US','Value Level','2012-06-13 00:00:00',1,'2012-06-13 00:00:00',1),
 (189,'HAP_CLOSE','ZHS','关闭','2012-06-13 00:00:00',1,'2012-06-13 00:00:00',1),
 (190,'HAP_CLOSE','US','Close','2012-06-13 00:00:00',1,'2012-06-13 00:00:00',1),
 (191,'SYS_PARAMETER.SQL_VALIDATION','ZHS','SQL验证','2012-06-13 00:00:00',1,'2012-06-13 00:00:00',1),
 (192,'SYS_PARAMETER.SQL_VALIDATION','US','SQL Validation','2012-06-13 00:00:00',1,'2012-06-13 00:00:00',1),
 (193,'SYS_PARAMETER_DEFINE.LEVEL','ZHS','参数级别','2012-06-13 00:00:00',1,'2012-06-13 00:00:00',1),
 (194,'SYS_PARAMETER_DEFINE.LEVEL','US','Parameter Level','2012-06-13 00:00:00',1,'2012-06-13 00:00:00',1),
 (195,'SYS_PARAMETER_DEFINE.USER','ZHS','用户','2012-06-13 00:00:00',1,'2012-06-13 00:00:00',1),
 (196,'SYS_PARAMETER_DEFINE.USER','US','User','2012-06-13 00:00:00',1,'2012-06-13 00:00:00',1),
 (197,'SYS_PARAMETER.ENCRYPT_VALUE_FLAG','ZHS','加密数据','2012-06-13 00:00:00',1,'2012-06-13 00:00:00',1),
 (198,'SYS_PARAMETER.ENCRYPT_VALUE_FLAG','US','Encrypt Value','2012-06-13 00:00:00',1,'2012-06-13 00:00:00',1),
 (199,'SYS_PARAMETER.TITLE','ZHS','参数定义','2012-06-13 00:00:00',1,'2012-06-13 00:00:00',1),
 (200,'SYS_PARAMETER.TITLE','US','Parameter Define','2012-06-13 00:00:00',1,'2012-06-13 00:00:00',1),
 (201,'SYS_PARAMETER.VALIDATION_TYPE','ZHS','验证类型','2012-06-13 00:00:00',1,'2012-06-13 00:00:00',1),
 (202,'SYS_PARAMETER.VALIDATION_TYPE','US','Validation Type','2012-06-13 00:00:00',1,'2012-06-13 00:00:00',1),
 (203,'SYS_PARAMETER.DESCRIPTION','ZHS','参数描述','2012-06-13 00:00:00',1,'2012-06-13 00:00:00',1),
 (204,'SYS_PARAMETER.DESCRIPTION','US','Description','2012-06-13 00:00:00',1,'2012-06-13 00:00:00',1),
 (205,'SYS_MODULE.MODULE_NAME','ZHS','模块名称','2012-06-13 00:00:00',1,'2012-06-13 00:00:00',1),
 (206,'SYS_MODULE.MODULE_NAME','US','Module Name','2012-06-13 00:00:00',1,'2012-06-13 00:00:00',1),
 (207,'SYS_PARAMETER.PARAMETER_NAME','ZHS','参数名称','2012-06-13 00:00:00',1,'2012-06-13 00:00:00',1),
 (208,'SYS_PARAMETER.PARAMETER_NAME','US','Parameter Name','2012-06-13 00:00:00',1,'2012-06-13 00:00:00',1),
 (209,'SYS_PARAMETER.PARAMETER_CODE','ZHS','参数代码','2012-06-13 00:00:00',1,'2012-06-13 00:00:00',1),
 (210,'SYS_PARAMETER.PARAMETER_CODE','US','Parameter Code','2012-06-13 00:00:00',1,'2012-06-13 00:00:00',1),
 (211,'SYS_CODE_VALUES.CODE_VALUE_NAME','ZHS','值描述','2012-06-13 00:00:00',1,'2012-06-13 00:00:00',1),
 (212,'SYS_CODE_VALUES.CODE_VALUE_NAME','US','Code Name','2012-06-13 00:00:00',1,'2012-06-13 00:00:00',1),
 (213,'SYS_CODE_VALUES.CODE_VALUE','ZHS','值代码','2012-06-13 00:00:00',1,'2012-06-13 00:00:00',1),
 (214,'SYS_CODE_VALUES.CODE_VALUE','US','Code value','2012-06-13 00:00:00',1,'2012-06-13 00:00:00',1),
 (215,'SYS_CODE.ENABLED_FLAG','ZHS','启用','2012-06-13 00:00:00',1,'2012-06-13 00:00:00',1),
 (216,'SYS_CODE.ENABLED_FLAG','US','Enabled','2012-06-13 00:00:00',1,'2012-06-13 00:00:00',1),
 (217,'SYS_CODE.SYS_FLAG_DSP','ZHS','系统代码','2012-06-13 00:00:00',1,'2012-06-13 00:00:00',1),
 (218,'SYS_CODE.SYS_FLAG_DSP','US','System Code','2012-06-13 00:00:00',1,'2012-06-13 00:00:00',1),
 (219,'SYS_CODE.CODE_NAME','ZHS','代码名称','2012-06-13 00:00:00',1,'2012-06-13 00:00:00',1),
 (220,'SYS_CODE.CODE_NAME','US','Code Name','2012-06-13 00:00:00',1,'2012-06-13 00:00:00',1),
 (221,'SYS_CODE.CODE_TYPE','ZHS','代码类型','2012-06-13 00:00:00',1,'2012-06-13 00:00:00',1),
 (222,'SYS_CODE.CODE_TYPE','US','Code Type','2012-06-13 00:00:00',1,'2012-06-13 00:00:00',1),
 (223,'SYS_CODE.CODE','ZHS','代码标识','2012-06-13 00:00:00',1,'2012-06-13 00:00:00',1),
 (224,'SYS_CODE.CODE','US','Code','2012-06-13 00:00:00',1,'2012-06-13 00:00:00',1),
 (225,'SYS_MESSAGES.MODULE_NAME','ZHS','所属模块','2012-06-13 00:00:00',1,'2012-06-13 00:00:00',1),
 (226,'SYS_MESSAGES.MODULE_NAME','US','Respective module','2012-06-13 00:00:00',1,'2012-06-13 00:00:00',1),
 (227,'SYS_MESSAGES.MESSAGE_CODE','ZHS','消息代码','2012-06-13 00:00:00',1,'2012-06-13 00:00:00',1),
 (228,'SYS_MESSAGES.MESSAGE_CODE','US','Message code','2012-06-13 00:00:00',1,'2012-06-13 00:00:00',1),
 (229,'SYS_MESSAGES.MESSAGE_NAME','ZHS','消息名称','2012-06-13 00:00:00',1,'2012-06-13 00:00:00',1),
 (230,'SYS_MESSAGES.MESSAGE_NAME','US','Message name','2012-06-13 00:00:00',1,'2012-06-13 00:00:00',1),
 (231,'SYS_MESSAGES.MESSAGE','ZHS','消息内容','2012-06-13 00:00:00',1,'2012-06-13 00:00:00',1),
 (232,'SYS_MESSAGES.MESSAGE','US','Message','2012-06-13 00:00:00',1,'2012-06-13 00:00:00',1),
 (233,'SYS_MESSAGES.MESSAGES_QUERY','US','Message code query','2012-06-13 00:00:00',1,'2012-06-13 00:00:00',1),
 (234,'SYS_MESSAGES.MESSAGES_QUERY','ZHS','消息代码查询','2012-06-13 00:00:00',1,'2012-06-13 00:00:00',1),
 (235,'SYS_PROMPT.DESCRIPTION','ZHS','描述','2012-06-13 00:00:00',1,'2012-06-13 00:00:00',1),
 (236,'SYS_PROMPT.DESCRIPTION','US','Description','2012-06-13 00:00:00',1,'2012-06-13 00:00:00',1),
 (237,'SYS_PROMPT.LANGUAGE','ZHS','语种','2012-06-13 00:00:00',1,'2012-06-13 00:00:00',1),
 (238,'SYS_PROMPT.LANGUAGE','US','Language','2012-06-13 00:00:00',1,'2012-06-13 00:00:00',1),
 (239,'SYS_PROMPT.PROMPT_CODE','ZHS','描述字段','2012-06-13 00:00:00',1,'2012-06-13 00:00:00',1),
 (240,'SYS_PROMPT.PROMPT_CODE','US','Description Code','2012-06-13 00:00:00',1,'2012-06-13 00:00:00',1),
 (241,'SYS_PROMPT.QUERY_TITLE','ZHS','查询条件','2012-06-13 00:00:00',1,'2012-06-13 00:00:00',1),
 (242,'SYS_PROMPT.QUERY_TITLE','US','Query Condition','2012-06-13 00:00:00',1,'2012-06-13 00:00:00',1),
 (243,'SYSTEM_LOG.CLEAR_ALL_RESOURCE_FLAG','ZHS','取消所有设置','2012-06-13 00:00:00',1,'2012-06-13 00:00:00',1),
 (244,'SYSTEM_LOG.CLEAR_ALL_RESOURCE_FLAG','US','Clear flag for all resource','2012-06-13 00:00:00',1,'2012-06-13 00:00:00',1),
 (245,'PROMPT.DIRECTORY','US','Directory','2012-06-13 00:00:00',1,'2012-06-13 00:00:00',1),
 (246,'PROMPT.DIRECTORY','ZHS','目录位置','2012-06-13 00:00:00',1,'2012-06-13 00:00:00',1),
 (247,'PROMPT.FILE_TYPE','ZHS','文件类型','2012-06-13 00:00:00',1,'2012-06-13 00:00:00',1),
 (248,'PROMPT.FILE_TYPE','US','File type','2012-06-13 00:00:00',1,'2012-06-13 00:00:00',1),
 (249,'SYSTEM_LOG.ENABLED_ALL_RESOURCE','US','Log all resource ','2012-06-13 00:00:00',1,'2012-06-13 00:00:00',1),
 (250,'SYSTEM_LOG.ENABLED_ALL_RESOURCE','ZHS','启用所有资源日志','2012-06-13 00:00:00',1,'2012-06-13 00:00:00',1),
 (251,'PROMPT.ENABLED_FLAG','ZHS','启用','2012-06-13 00:00:00',1,'2012-06-13 00:00:00',1),
 (252,'PROMPT.ENABLED_FLAG','US','Enabled Flag','2012-06-13 00:00:00',1,'2012-06-13 00:00:00',1),
 (253,'PROMPT.URL','US','URL','2012-06-13 00:00:00',1,'2012-06-13 00:00:00',1),
 (254,'PROMPT.URL','ZHS','资源路径','2012-06-13 00:00:00',1,'2012-06-13 00:00:00',1),
 (255,'HAP_END_DATE','ZHS','有效日期至','2012-06-13 00:00:00',1,'2012-06-13 00:00:00',1),
 (256,'HAP_END_DATE','US','Available Until','2012-06-13 00:00:00',1,'2012-06-13 00:00:00',1),
 (257,'HAP_OPERATION','ZHS','操作','2012-06-13 00:00:00',1,'2012-06-13 00:00:00',1),
 (258,'HAP_OPERATION','US','Operation','2012-06-13 00:00:00',1,'2012-06-13 00:00:00',1),
 (259,'PROMPT.SYSTEM','ZHS','系统','2012-06-13 00:00:00',1,'2012-06-13 00:00:00',1),
 (260,'PROMPT.SYSTEM','US','System','2012-06-13 00:00:00',1,'2012-06-13 00:00:00',1),
 (261,'PROMPT.DETAIL','ZHS','明细','2012-06-13 00:00:00',1,'2012-06-13 00:00:00',1),
 (262,'PROMPT.DETAIL','US','Detail','2012-06-13 00:00:00',1,'2012-06-13 00:00:00',1),
 (263,'L.LOG','ZHS','系统日志','2012-06-13 00:00:00',1,'2012-06-13 00:00:00',1),
 (264,'L.LOG','US','System Log','2012-06-13 00:00:00',1,'2012-06-13 00:00:00',1),
 (265,'FND_CODING_RULE_OBJECTS.FND_CODING_RULES','ZHS','编码规则定义','2012-06-13 00:00:00',1,'2012-06-13 00:00:00',1),
 (266,'FND_CODING_RULE_OBJECTS.FND_CODING_RULES','US','Code rule define','2012-06-13 00:00:00',1,'2012-06-13 00:00:00',1),
 (267,'HAP_ENABLED_FLAG','ZHS','启用','2012-06-13 00:00:00',1,'2012-06-13 00:00:00',1),
 (268,'HAP_ENABLED_FLAG','US','Enabled','2012-06-13 00:00:00',1,'2012-06-13 00:00:00',1),
 (269,'FND_CODING_RULE_OBJECTS.PRIORITY','ZHS','优先级','2012-06-13 00:00:00',1,'2012-06-13 00:00:00',1),
 (270,'FND_CODING_RULE_OBJECTS.PRIORITY','US','Priority','2012-06-13 00:00:00',1,'2012-06-13 00:00:00',1),
 (271,'FND_COMPANIES.COMPANY_CODE','ZHS','公司代码','2012-06-13 00:00:00',1,'2012-06-13 00:00:00',1),
 (272,'FND_COMPANIES.COMPANY_CODE','US','Company code','2012-06-13 00:00:00',1,'2012-06-13 00:00:00',1),
 (273,'PROMPT.CURRENT_TIME','ZHS','当前时间','2012-06-13 00:00:00',1,'2012-06-13 00:00:00',1),
 (274,'PROMPT.CURRENT_TIME','US','Current time','2012-06-13 00:00:00',1,'2012-06-13 00:00:00',1),
 (275,'PROMPT.CURRENT_COMPANY','ZHS','当前公司','2012-06-13 00:00:00',1,'2012-06-13 00:00:00',1),
 (276,'PROMPT.CURRENT_COMPANY','US','Current company','2012-06-13 00:00:00',1,'2012-06-13 00:00:00',1),
 (277,'PROMPT.CURRENT_ROLE','ZHS','当前角色','2012-06-13 00:00:00',1,'2012-06-13 00:00:00',1),
 (278,'PROMPT.CURRENT_ROLE','US','Current role','2012-06-13 00:00:00',1,'2012-06-13 00:00:00',1),
 (279,'WFL_WORKFLOW_INSTANCE_TL_V.CURRENT_USER_NAME','ZHS','当前用户','2012-06-13 00:00:00',1,'2012-06-13 00:00:00',1),
 (280,'WFL_WORKFLOW_INSTANCE_TL_V.CURRENT_USER_NAME','US','Current user','2012-06-13 00:00:00',1,'2012-06-13 00:00:00',1),
 (281,'FND_CODING_RULE_OBJECTS.OPERATION_UNIT','ZHS','经营单位','2012-06-13 00:00:00',1,'2012-06-13 00:00:00',1),
 (282,'FND_CODING_RULE_OBJECTS.OPERATION_UNIT','US','Operation unit','2012-06-13 00:00:00',1,'2012-06-13 00:00:00',1),
 (283,'FND_CODING_RULE_OBJECTS.DOCUMENT_TYPE','ZHS','单据类型','2012-06-13 00:00:00',1,'2012-06-13 00:00:00',1),
 (284,'FND_CODING_RULE_OBJECTS.DOCUMENT_TYPE','US','Document type','2012-06-13 00:00:00',1,'2012-06-13 00:00:00',1),
 (285,'FND_CODING_RULE_OBJECTS.DOCUMENT_CATEGORY','ZHS','单据类别','2012-06-13 00:00:00',1,'2012-06-13 00:00:00',1),
 (286,'FND_CODING_RULE_OBJECTS.DOCUMENT_CATEGORY','US','Document category','2012-06-13 00:00:00',1,'2012-06-13 00:00:00',1),
 (287,'FND_CODING_RULE_OBJECTS.QUERY','ZHS','编码规则对象查询','2012-06-13 00:00:00',1,'2012-06-13 00:00:00',1),
 (288,'FND_CODING_RULE_OBJECTS.QUERY','US','Code rule object query','2012-06-13 00:00:00',1,'2012-06-13 00:00:00',1),
 (289,'FND_COMPANIES.ADDRESS','ZHS','地址','2012-06-13 00:00:00',1,'2012-06-13 00:00:00',1),
 (290,'FND_COMPANIES.ADDRESS','US','Address','2012-06-13 00:00:00',1,'2012-06-13 00:00:00',1),
 (291,'FND_COMPANIES.PARENT_COMPANY_ID','ZHS','父公司','2012-06-13 00:00:00',1,'2012-06-13 00:00:00',1),
 (292,'FND_COMPANIES.PARENT_COMPANY_ID','US','Parent company','2012-06-13 00:00:00',1,'2012-06-13 00:00:00',1),
 (293,'FND_COMPANIES.CHIEF_POSITION_ID','ZHS','主岗位','2012-06-13 00:00:00',1,'2012-06-13 00:00:00',1),
 (294,'FND_COMPANIES.CHIEF_POSITION_ID','US','Chief position','2012-06-13 00:00:00',1,'2012-06-13 00:00:00',1),
 (295,'FND_COMPANIES.COMPANY_LEVEL_ID','ZHS','公司级别','2012-06-13 00:00:00',1,'2012-06-13 00:00:00',1),
 (296,'FND_COMPANIES.COMPANY_LEVEL_ID','US','Company level','2012-06-13 00:00:00',1,'2012-06-13 00:00:00',1),
 (297,'FND_COMPANIES.COMPANY_FULL_NAME','ZHS','公司全称','2012-06-13 00:00:00',1,'2012-06-13 00:00:00',1),
 (298,'FND_COMPANIES.COMPANY_FULL_NAME','US','Fncompany','2012-06-13 00:00:00',1,'2012-06-13 00:00:00',1),
 (299,'FND_COMPANIES.COMPANY_TYPE','ZHS','公司类型','2012-06-13 00:00:00',1,'2012-06-13 00:00:00',1),
 (300,'FND_COMPANIES.COMPANY_TYPE','US','Company type','2012-06-13 00:00:00',1,'2012-06-13 00:00:00',1),
 (301,'FND_COMPANIES.SET_OF_BOOKS','ZHS','账套','2012-06-13 00:00:00',1,'2012-06-13 00:00:00',1),
 (302,'FND_COMPANIES.SET_OF_BOOKS','US','Setofbooks','2012-06-13 00:00:00',1,'2012-06-13 00:00:00',1),
 (303,'FND_COMPANIES.COMPANY_SHORT_NAME','ZHS','公司名称','2012-06-13 00:00:00',1,'2012-06-13 00:00:00',1),
 (304,'FND_COMPANIES.COMPANY_SHORT_NAME','US','Name','2012-06-13 00:00:00',1,'2012-06-13 00:00:00',1),
 (305,'COMPANY_CODE','ZHS','公司代码','2012-06-13 00:00:00',1,'2012-06-13 00:00:00',1),
 (306,'COMPANY_CODE','US','Company code','2012-06-13 00:00:00',1,'2012-06-13 00:00:00',1),
 (307,'FND_COMPANIES.QUERY','ZHS','公司查询','2012-06-13 00:00:00',1,'2012-06-13 00:00:00',1),
 (308,'FND_COMPANIES.QUERY','US','Company query','2012-06-13 00:00:00',1,'2012-06-13 00:00:00',1),
 (309,'GLD_CURRENCY.ENABLED_FLAG','ZHS','启用','2012-06-13 00:00:00',1,'2012-06-13 00:00:00',1),
 (310,'GLD_CURRENCY.ENABLED_FLAG','US','Enabled flag','2012-06-13 00:00:00',1,'2012-06-13 00:00:00',1),
 (311,'GLD_CURRENCY.CURRENCY_SYMBOL','ZHS','货币符号','2012-06-13 00:00:00',1,'2012-06-13 00:00:00',1),
 (312,'GLD_CURRENCY.CURRENCY_SYMBOL','US','Currency symbol','2012-06-13 00:00:00',1,'2012-06-13 00:00:00',1),
 (313,'GLD_CURRENCY.TRANSACTION_PRECISION','ZHS','业务精度','2012-06-13 00:00:00',1,'2012-06-13 00:00:00',1),
 (314,'GLD_CURRENCY.TRANSACTION_PRECISION','US','Transaction accuracy','2012-06-13 00:00:00',1,'2012-06-13 00:00:00',1),
 (315,'GLD_CURRENCY.PRECISION','ZHS','财务精度','2012-06-13 00:00:00',1,'2012-06-13 00:00:00',1),
 (316,'GLD_CURRENCY.PRECISION','US','Precision','2012-06-13 00:00:00',1,'2012-06-13 00:00:00',1),
 (317,'GLD_CURRENCY.COUNTRY_NAME','ZHS','国家/地区','2012-06-13 00:00:00',1,'2012-06-13 00:00:00',1),
 (318,'GLD_CURRENCY.COUNTRY_NAME','US','Country/Area','2012-06-13 00:00:00',1,'2012-06-13 00:00:00',1),
 (319,'GLD_CURRENCY.CURRENCY_NAME','ZHS','币种名称','2012-06-13 00:00:00',1,'2012-06-13 00:00:00',1),
 (320,'GLD_CURRENCY.CURRENCY_NAME','US','Currency name','2012-06-13 00:00:00',1,'2012-06-13 00:00:00',1),
 (321,'GLD_CURRENCY.CURRENCY_CODE','ZHS','币种代码','2012-06-13 00:00:00',1,'2012-06-13 00:00:00',1),
 (322,'GLD_CURRENCY.CURRENCY_CODE','US','Currency code','2012-06-13 00:00:00',1,'2012-06-13 00:00:00',1),
 (323,'FND_REGION_CODE.DESCRIPTION','ZHS','地区名称','2012-06-13 00:00:00',1,'2012-06-13 00:00:00',1),
 (324,'FND_REGION_CODE.DESCRIPTION','US','Area Name','2012-06-13 00:00:00',1,'2012-06-13 00:00:00',1),
 (325,'FND_REGION_CODE.REGION_CODE','ZHS','区域代码','2012-06-13 00:00:00',1,'2012-06-13 00:00:00',1),
 (326,'FND_REGION_CODE.REGION_CODE','US','Region code','2012-06-13 00:00:00',1,'2012-06-13 00:00:00',1),
 (327,'FND_REGION_CODE.REGION_CODE_QUERY','ZHS','地区查询','2012-06-13 00:00:00',1,'2012-06-13 00:00:00',1),
 (328,'FND_REGION_CODE.REGION_CODE_QUERY','US','Area query','2012-06-13 00:00:00',1,'2012-06-13 00:00:00',1),
 (329,'FND_COUNTRY_CODE.DESCRIPTION','ZHS','国家名称','2012-06-13 00:00:00',1,'2012-06-13 00:00:00',1),
 (330,'FND_COUNTRY_CODE.DESCRIPTION','US','Name of the country','2012-06-13 00:00:00',1,'2012-06-13 00:00:00',1),
 (331,'FND_COUNTRY_CODE.COUNTRY_CODE','ZHS','国家代码','2012-06-13 00:00:00',1,'2012-06-13 00:00:00',1),
 (332,'FND_COUNTRY_CODE.COUNTRY_CODE','US','Country code','2012-06-13 00:00:00',1,'2012-06-13 00:00:00',1),
 (333,'FND_COUNTRY_CODE.COUNTRY_CODE_QUERY','ZHS','国家查询','2012-06-13 00:00:00',1,'2012-06-13 00:00:00',1),
 (334,'FND_COUNTRY_CODE.COUNTRY_CODE_QUERY','US','Country query','2012-06-13 00:00:00',1,'2012-06-13 00:00:00',1),
 (335,'SYS_PARAMETER.ROLE_ENABLED_FLAG','ZHS','角色','2012-06-13 00:00:00',1,'2012-06-13 00:00:00',1),
 (336,'SYS_PARAMETER.ROLE_ENABLED_FLAG','US','Role','2012-06-13 00:00:00',1,'2012-06-13 00:00:00',1),
 (337,'SYS_PARAMETER.USER_ENABLED_FLAG','ZHS','用户','2012-06-13 00:00:00',1,'2012-06-13 00:00:00',1),
 (338,'SYS_PARAMETER.USER_ENABLED_FLAG','US','User','2012-06-13 00:00:00',1,'2012-06-13 00:00:00',1),
 (339,'SYS_PARAMETER.COMPANY_ENABLED_FLAG','ZHS','公司','2012-06-13 00:00:00',1,'2012-06-13 00:00:00',1),
 (340,'SYS_PARAMETER.COMPANY_ENABLED_FLAG','US','Company','2012-06-13 00:00:00',1,'2012-06-13 00:00:00',1),
 (341,'SYS_PARAMETER.SYSTEM_ENABLED_FLAG','ZHS','系统','2012-06-13 00:00:00',1,'2012-06-13 00:00:00',1),
 (342,'SYS_PARAMETER.SYSTEM_ENABLED_FLAG','US','System','2012-06-13 00:00:00',1,'2012-06-13 00:00:00',1),
 (343,'SYS_PARAMETER.USER_CHANGEABLE_FLAG','ZHS','用户可更新','2012-06-13 00:00:00',1,'2012-06-13 00:00:00',1),
 (344,'SYS_PARAMETER.USER_CHANGEABLE_FLAG','US','User Changeable1','2012-06-13 00:00:00',1,'2012-06-13 00:00:00',1),
 (345,'SYS_PARAMETER.USER_VISIBLE_FLAG','ZHS','用户可查看','2012-06-13 00:00:00',1,'2012-06-13 00:00:00',1),
 (346,'SYS_PARAMETER.USER_VISIBLE_FLAG','US','User Visible','2012-06-13 00:00:00',1,'2012-06-13 00:00:00',1),
 (347,'PROMPT.EDIT','ZHS','编辑','2012-06-19 00:00:00',21,'2012-06-19 00:00:00',21),
 (348,'PROMPT.EDIT','US','Edit','2012-06-19 00:00:00',21,'2012-06-19 00:00:00',21),
 (349,'SYS_USER.PASSWD_EXPIRED_TIMES','ZHS','登录次数','2012-06-19 00:00:00',1,'2012-06-19 00:00:00',1),
 (350,'SYS_USER.PASSWD_EXPIRED_TIMES','US','Login Times','2012-06-19 00:00:00',1,'2012-06-19 00:00:00',1),
 (351,'SYS_USER.PASSWD_EXPIRED_NEVER','ZHS','永不过期','2012-06-19 00:00:00',1,'2012-06-19 00:00:00',1),
 (352,'SYS_USER.PASSWD_EXPIRED_NEVER','US','Never Expired','2012-06-19 00:00:00',1,'2012-06-19 00:00:00',1),
 (353,'SYS_USER.CONFIRM','ZHS','确认密码','2012-06-19 00:00:00',1,'2012-06-19 00:00:00',1),
 (354,'SYS_USER.CONFIRM','US','Confirm','2012-06-19 00:00:00',1,'2012-06-19 00:00:00',1),
 (355,'PASSWORD_CHANGING_SUCCESS','ZHS','密码修改成功','2012-06-19 00:00:00',1,'2012-06-19 00:00:00',1),
 (356,'PASSWORD_CHANGING_SUCCESS','US','Password changing success','2012-06-19 00:00:00',1,'2012-06-19 00:00:00',1),
 (357,'SYS_USER.NEW_PASSWORD','US','New Password','2012-06-20 00:00:00',1,'2012-06-19 00:00:00',1),
 (358,'SYS_USER.PASSWD_EXPIRED_TYPE','ZHS','密码过期','2012-06-19 00:00:00',1,'2012-06-19 00:00:00',1),
 (359,'SYS_USER.PASSWD_EXPIRED_TYPE','US','Password Expired','2012-06-19 00:00:00',1,'2012-06-19 00:00:00',1),
 (360,'SYS_USER.PASSWD_EXPIRED_DAYS','ZHS','登录天数','2012-06-19 00:00:00',1,'2012-06-19 00:00:00',1),
 (361,'SYS_USER.PASSWD_EXPIRED_DAYS','US','Days','2012-06-19 00:00:00',1,'2012-06-19 00:00:00',1),
 (362,'SYS_USER.DESCRIPTION_USER_NAME','ZHS','建立人','2012-06-19 00:00:00',1,'2012-06-19 00:00:00',1),
 (363,'SYS_USER.DESCRIPTION_USER_NAME','US','Creator','2012-06-19 00:00:00',1,'2012-06-19 00:00:00',1),
 (364,'EXP_EMPLOYEE.NAME','ZHS','姓名','2012-06-19 00:00:00',1,'2012-06-19 00:00:00',1),
 (365,'EXP_EMPLOYEE.NAME','US','Name','2012-06-19 00:00:00',1,'2012-06-19 00:00:00',1),
 (366,'EXP_EMPLOYEE.EMPLOYEE_CODE','ZHS','员工代码','2012-06-19 00:00:00',1,'2012-06-19 00:00:00',1),
 (367,'EXP_EMPLOYEE.EMPLOYEE_CODE','US','Employee code','2012-06-19 00:00:00',1,'2012-06-19 00:00:00',1),
 (368,'ROLE_CODE_DISTINCT','ZHS','角色代码不能重复','2012-06-19 00:00:00',1,'2012-06-19 00:00:00',1),
 (369,'ROLE_CODE_DISTINCT','US','Role code can not be repeated','2012-06-19 00:00:00',1,'2012-06-19 00:00:00',1),
 (370,'SYS_SESSION.SESSION_ID','ZHS','session编号','2012-06-19 00:00:00',1,'2012-06-19 00:00:00',1),
 (371,'SYS_SESSION.SESSION_ID','US','Session','2012-06-19 00:00:00',1,'2012-06-19 00:00:00',1),
 (372,'SYS_SESSION.ENCRYPTED_SESSION_ID','ZHS','加密后的session编号','2012-06-19 00:00:00',1,'2012-06-19 00:00:00',1),
 (373,'SYS_SESSION.ENCRYPTED_SESSION_ID','US','Encrypted session','2012-06-19 00:00:00',1,'2012-06-19 00:00:00',1),
 (374,'SYS_SESSION.USER_ID','ZHS','用户编号','2012-06-19 00:00:00',1,'2012-06-19 00:00:00',1),
 (375,'SYS_SESSION.USER_ID','US','User','2012-06-19 00:00:00',1,'2012-06-19 00:00:00',1),
 (376,'SYS_SESSION.ROLE_ID','ZHS','角色编号','2012-06-19 00:00:00',1,'2012-06-19 00:00:00',1),
 (377,'SYS_SESSION.ROLE_ID','US','Role','2012-06-19 00:00:00',1,'2012-06-19 00:00:00',1),
 (378,'SYS_SESSION.COMPANY_ID','ZHS','公司','2012-06-19 00:00:00',1,'2012-06-19 00:00:00',1),
 (379,'SYS_SESSION.COMPANY_ID','US','Company','2012-06-19 00:00:00',1,'2012-06-19 00:00:00',1),
 (380,'SYS_SESSION.USER_LANGUAGE','ZHS','用户语言','2012-06-19 00:00:00',1,'2012-06-19 00:00:00',1),
 (381,'SYS_SESSION.USER_LANGUAGE','US','User language','2012-06-19 00:00:00',1,'2012-06-19 00:00:00',1),
 (382,'SYS_SESSION.APP_IP_ADDRESS','ZHS','APP IP地址','2012-06-19 00:00:00',1,'2012-06-19 00:00:00',1),
 (383,'SYS_SESSION.APP_IP_ADDRESS','US','App ip address','2012-06-19 00:00:00',1,'2012-06-19 00:00:00',1),
 (384,'SYS_SESSION.CLIENT_IP_ADDRESS','ZHS','客户端IP地址','2012-06-19 00:00:00',1,'2012-06-19 00:00:00',1),
 (385,'SYS_SESSION.CLIENT_IP_ADDRESS','US','Client ip address','2012-06-19 00:00:00',1,'2012-06-19 00:00:00',1),
 (386,'SYS_SESSION.MACHINE_SERIAL','ZHS','机器序列号','2012-06-19 00:00:00',1,'2012-06-19 00:00:00',1),
 (387,'SYS_SESSION.MACHINE_SERIAL','US','Machine serial','2012-06-19 00:00:00',1,'2012-06-19 00:00:00',1),
 (388,'SYS_SESSION.LOGIN_TIME','ZHS','登陆时间','2012-06-19 00:00:00',1,'2012-06-19 00:00:00',1),
 (389,'SYS_SESSION.LOGIN_TIME','US','Login time','2012-06-19 00:00:00',1,'2012-06-19 00:00:00',1),
 (390,'SYS_SESSION.LOGOUT_TIME','ZHS','登出时间','2012-06-19 00:00:00',1,'2012-06-19 00:00:00',1),
 (391,'SYS_SESSION.LOGOUT_TIME','US','Logout time','2012-06-19 00:00:00',1,'2012-06-19 00:00:00',1),
 (392,'SYS_SESSION.NOTE','ZHS','备注','2012-06-19 00:00:00',1,'2012-06-19 00:00:00',1),
 (393,'SYS_SESSION.NOTE','US','Note','2012-06-19 00:00:00',1,'2012-06-19 00:00:00',1),
 (394,'SYS_SESSION.LAST_ACTIVE_TIME','ZHS','最后有效时间','2012-06-19 00:00:00',1,'2012-06-19 00:00:00',1),
 (395,'SYS_SESSION.LAST_ACTIVE_TIME','US','Last active time','2012-06-19 00:00:00',1,'2012-06-19 00:00:00',1),
 (396,'SYS_USER.FROZEN_FLAG','ZHS','冻结','2012-06-19 00:00:00',1,'2012-06-19 00:00:00',1),
 (397,'SYS_USER.FROZEN_FLAG','US','Frozen flag','2012-06-19 00:00:00',1,'2012-06-19 00:00:00',1),
 (398,'SYS_USER.ACCOUNT_DISTICNT','ZHS','账号不能重复','2012-06-19 00:00:00',1,'2012-06-19 00:00:00',1),
 (399,'SYS_USER.ACCOUNT_DISTICNT','US','Account can not be repeated','2012-06-19 00:00:00',1,'2012-06-19 00:00:00',1),
 (400,'SYS_USER.USER_INFO','ZHS','用户信息','2012-06-19 00:00:00',1,'2012-06-19 00:00:00',1),
 (401,'SYS_USER.USER_INFO','US','User Info','2012-06-19 00:00:00',1,'2012-06-19 00:00:00',1),
 (402,'SYS_USER.DESCRIPTION','ZHS','描述','2012-06-19 00:00:00',1,'2012-06-19 00:00:00',1),
 (403,'SYS_USER.DESCRIPTION','US','Description','2012-06-19 00:00:00',1,'2012-06-19 00:00:00',1),
 (404,'HAP_ASSIGN_FUNCTION','ZHS','分配功能','2012-06-19 00:00:00',1,'2012-06-19 00:00:00',1),
 (405,'HAP_ASSIGN_FUNCTION','US','Assign function','2012-06-19 00:00:00',1,'2012-06-19 00:00:00',1),
 (406,'ACCONT_INFO','ZHS','账号信息','2012-06-19 00:00:00',1,'2012-06-19 00:00:00',1),
 (407,'ACCONT_INFO','US','Account Information','2012-06-19 00:00:00',1,'2012-06-19 00:00:00',1),
 (408,'COMPANY_SHORT_NAME','ZHS','公司简称','2012-06-19 00:00:00',1,'2012-06-19 00:00:00',1),
 (409,'COMPANY_SHORT_NAME','US','Company Short Name','2012-06-19 00:00:00',1,'2012-06-19 00:00:00',1),
 (410,'EXP_EMPLOYEE_ASSIGN.CHOOSE_COMPANY','ZHS','选择公司','2012-06-19 00:00:00',1,'2012-06-19 00:00:00',1),
 (411,'EXP_EMPLOYEE_ASSIGN.CHOOSE_COMPANY','US','Choose company','2012-06-19 00:00:00',1,'2012-06-19 00:00:00',1),
 (412,'FND_COMPANIES.INFO','ZHS','公司信息','2012-06-19 00:00:00',1,'2012-06-19 00:00:00',1),
 (413,'FND_COMPANIES.INFO','US','Company information','2012-06-19 00:00:00',1,'2012-06-19 00:00:00',1),
 (414,'EXP_BUSINESS_APPR_NODE.TITLE','ZHS','标题','2012-06-19 00:00:00',1,'2012-06-19 00:00:00',1),
 (415,'EXP_BUSINESS_APPR_NODE.TITLE','US','Title','2012-06-19 00:00:00',1,'2012-06-19 00:00:00',1),
 (416,'SYS_PRIVILEGE.BM_NAME','ZHS','BM名称','2012-06-19 00:00:00',1,'2012-06-19 00:00:00',1),
 (417,'SYS_PRIVILEGE.BM_NAME','US','BM name','2012-06-19 00:00:00',1,'2012-06-19 00:00:00',1),
 (418,'SYS_PRIVILEGE.INSERT_OPTION','ZHS','插入','2012-06-19 00:00:00',1,'2012-06-19 00:00:00',1),
 (419,'SYS_PRIVILEGE.INSERT_OPTION','US','Insert','2012-06-19 00:00:00',1,'2012-06-19 00:00:00',1),
 (420,'SYS_PRIVILEGE.UPDATE_OPTION','ZHS','修改','2012-06-19 00:00:00',1,'2012-06-19 00:00:00',1),
 (421,'SYS_PRIVILEGE.UPDATE_OPTION','US','Update','2012-06-19 00:00:00',1,'2012-06-19 00:00:00',1),
 (422,'SYS_PRIVILEGE.DELETE_OPTION','ZHS','删除','2012-06-19 00:00:00',1,'2012-06-19 00:00:00',1),
 (423,'SYS_PRIVILEGE.DELETE_OPTION','US','Delete','2012-06-19 00:00:00',1,'2012-06-19 00:00:00',1),
 (424,'SYS_PRIVILEGE.EXECUTE_OPTION','ZHS','执行','2012-06-19 00:00:00',1,'2012-06-19 00:00:00',1),
 (425,'SYS_PRIVILEGE.EXECUTE_OPTION','US','Execute','2012-06-19 00:00:00',1,'2012-06-19 00:00:00',1),
 (426,'SYS_PRIVILEGE.QUERY_OPTION','ZHS','查询','2012-06-19 00:00:00',1,'2012-06-19 00:00:00',1),
 (427,'SYS_PRIVILEGE.QUERY_OPTION','US','Query','2012-06-19 00:00:00',1,'2012-06-19 00:00:00',1),
 (428,'FND_CALENDAR_DETAILS.YEAR','ZHS','年','2012-06-19 00:00:00',1,'2012-06-19 00:00:00',1),
 (429,'FND_CALENDAR_DETAILS.YEAR','US','Year','2012-06-19 00:00:00',1,'2012-06-19 00:00:00',1),
 (430,'FND_CALENDAR_DETAILS.MONTH','US','Month','2012-06-19 00:00:00',1,'2012-06-19 00:00:00',1),
 (431,'FND_CALENDAR_DETAILS.DAY','ZHS','日','2012-06-19 00:00:00',1,'2012-06-19 00:00:00',1),
 (432,'FND_CALENDAR_DETAILS.DAY','US','Day','2012-06-19 00:00:00',1,'2012-06-19 00:00:00',1),
 (433,'FND_CALENDAR_DETAILS.WEEKDAY','ZHS','星期','2012-06-19 00:00:00',1,'2012-06-19 00:00:00',1),
 (434,'FND_CALENDAR_DETAILS.WEEKDAY','US','Weekday','2012-06-19 00:00:00',1,'2012-06-19 00:00:00',1),
 (435,'FND_CALENDAR_DETAILS.BUSINESS_DAY_FLAG','ZHS','工作日','2012-06-19 00:00:00',1,'2012-06-19 00:00:00',1),
 (436,'FND_CALENDAR_DETAILS.BUSINESS_DAY_FLAG','US','Business day flag','2012-06-19 00:00:00',1,'2012-06-19 00:00:00',1),
 (437,'FND_CALENDAR_DETAILS.RATE_OF_USAGE','ZHS','利用率','2012-06-19 00:00:00',1,'2012-06-19 00:00:00',1),
 (438,'FND_CALENDAR_DETAILS.RATE_OF_USAGE','US','Rate of usage','2012-06-19 00:00:00',1,'2012-06-19 00:00:00',1),
 (439,'FND_CALENDAR_DETAILS.MONTH','ZHS','月','2012-06-19 00:00:00',1,'2012-06-19 00:00:00',1),
 (440,'FND_CALENDAR.END_DATE','ZHS','结束日期','2012-06-19 00:00:00',1,'2012-06-19 00:00:00',1),
 (441,'FND_CALENDAR.START_DATE','ZHS','开始日期','2012-06-19 00:00:00',1,'2012-06-19 00:00:00',1),
 (442,'SUNDAY','ZHS','星期日','2012-06-19 00:00:00',1,'2012-06-19 00:00:00',1),
 (443,'SUNDAY','US','Sunday','2012-06-19 00:00:00',1,'2012-06-19 00:00:00',1),
 (444,'MONDAY','ZHS','星期一','2012-06-19 00:00:00',1,'2012-06-19 00:00:00',1),
 (445,'MONDAY','US','Monday','2012-06-19 00:00:00',1,'2012-06-19 00:00:00',1),
 (446,'TUESDAY','ZHS','星期二','2012-06-19 00:00:00',1,'2012-06-19 00:00:00',1),
 (447,'TUESDAY','US','Tuesday','2012-06-19 00:00:00',1,'2012-06-19 00:00:00',1),
 (448,'WEDNESDAY','ZHS','星期三','2012-06-19 00:00:00',1,'2012-06-19 00:00:00',1),
 (449,'WEDNESDAY','US','Wednesday','2012-06-19 00:00:00',1,'2012-06-19 00:00:00',1),
 (450,'THURSDAY','ZHS','星期四','2012-06-19 00:00:00',1,'2012-06-19 00:00:00',1),
 (451,'THURSDAY','US','Thursday','2012-06-19 00:00:00',1,'2012-06-19 00:00:00',1),
 (452,'FRIDAY','ZHS','星期五','2012-06-19 00:00:00',1,'2012-06-19 00:00:00',1),
 (453,'FRIDAY','US','Friday','2012-06-19 00:00:00',1,'2012-06-19 00:00:00',1),
 (454,'SATURDAY','ZHS','星期六','2012-06-19 00:00:00',1,'2012-06-19 00:00:00',1),
 (455,'SATURDAY','US','Saturday','2012-06-19 00:00:00',1,'2012-06-19 00:00:00',1),
 (456,'PROMPT.START_DATE_LESS_END_DATE','ZHS','起始日期需小于结束日期','2012-06-19 00:00:00',1,'2012-06-19 00:00:00',1),
 (457,'HAP_REFRESH','ZHS','刷新','2012-06-19 00:00:00',1,'2012-06-19 00:00:00',1),
 (458,'HAP_REFRESH','US','Refresh','2012-06-19 00:00:00',1,'2012-06-19 00:00:00',1),
 (459,'PROMPT.OPERATION_SUCCESS','ZHS','操作成功！','2012-06-19 00:00:00',1,'2012-06-19 00:00:00',1),
 (460,'PROMPT.OPERATION_SUCCESS','US','Operation succeed！','2012-06-19 00:00:00',1,'2012-06-19 00:00:00',1),
 (461,'PROMPT.URL_CAN_NOT_BE_NULL','US','URL Can not be null','2012-06-19 00:00:00',1,'2012-06-19 00:00:00',1),
 (462,'PROMPT.URL_CAN_NOT_BE_NULL','ZHS','资源路径不能为空','2012-06-19 00:00:00',1,'2012-06-19 00:00:00',1),
 (463,'PROMPT.ERROR','ZHS','错误','2012-06-19 00:00:00',1,'2012-06-19 00:00:00',1),
 (464,'PROMPT.ERROR','US','Error','2012-06-19 00:00:00',1,'2012-06-19 00:00:00',1),
 (465,'PROMPT','ZHS','提示','2012-06-19 00:00:00',1,'2012-06-19 00:00:00',1),
 (466,'PROMPT','US','Notice','2012-06-19 00:00:00',1,'2012-06-19 00:00:00',1),
 (467,'SYS_USER.MODIFY_PASSWORD','ZHS','修改密码','2012-06-20 00:00:00',1,'2012-06-20 00:00:00',1),
 (468,'SYS_USER.MODIFY_PASSWORD','US','Modify Password','2012-06-20 00:00:00',1,'2012-06-20 00:00:00',1),
 (469,'SYS_USER.ADD_NEW_USER','ZHS','新增用户','2012-06-20 00:00:00',1,'2012-06-20 00:00:00',1),
 (470,'SYS_USER.ADD_NEW_USER','US','Add user','2012-06-20 00:00:00',1,'2012-06-20 00:00:00',1),
 (471,'SYS_USER.EDIT_USER','ZHS','编辑用户','2012-06-20 00:00:00',1,'2012-06-20 00:00:00',1),
 (472,'SYS_USER.EDIT_USER','US','Edit User','2012-06-20 00:00:00',1,'2012-06-20 00:00:00',1),
 (473,'GLD_CURRENCY_SYS_MESSAGE_1','ZHS','精度改小后，历史交易数据不会根据新的精度做数位保留!是否继续？','2012-06-20 00:00:00',1,'2012-06-20 00:00:00',1),
 (474,'GLD_CURRENCY_SYS_MESSAGE_1','US','When accuracy becomes smaller,historical transaction data would not be according to the new digtal precision to do to retain!Whether to continue?','2012-06-20 00:00:00',1,'2012-06-20 00:00:00',1),
 (475,'SYS_USER.NEW_PASSWORD','ZHS','新密码','2012-06-20 00:00:00',1,'2012-06-20 00:00:00',1),
 (476,'FND_PRV_SET_PASS.PWD_NO_EQU','ZHS','您两次输入的密码不匹配！','2012-06-20 00:00:00',1,'2012-06-20 00:00:00',1),
 (477,'FND_PRV_SET_PASS.PWD_NO_EQU','US','Your input passwords mismatch!','2012-06-20 00:00:00',1,'2012-06-20 00:00:00',1),
 (478,'START_GREATER_THAN_END','ZHS','开始时间不能大于结束时间','2012-07-03 00:00:00',1,'2012-06-20 00:00:00',1),
 (479,'START_GREATER_THAN_END','US','Start time can not greater than end time','2012-07-03 00:00:00',1,'2012-06-20 00:00:00',1),
 (480,'EXP_REP_PARTIALLY_SUBMITTED','ZHS','提示信息','2012-07-03 00:00:00',1,'2012-06-20 00:00:00',1),
 (481,'EXP_REP_PARTIALLY_SUBMITTED','US','MESSAGE','2012-07-03 00:00:00',1,'2012-06-20 00:00:00',1),
 (482,'ACCOUNT_CREATE_SUCCESS','ZHS','账号创建成功!','2012-06-20 00:00:00',1,'2012-06-20 00:00:00',1),
 (483,'ACCOUNT_CREATE_SUCCESS','US','Account create success!','2012-06-20 00:00:00',1,'2012-06-20 00:00:00',1),
 (484,'PLEASE_INPUT_LOGIN_DAYS','ZHS','请输入登录天数!','2012-07-03 00:00:00',1,'2012-06-20 00:00:00',1),
 (485,'PLEASE_INPUT_LOGIN_DAYS','US','Please input login days!','2012-07-03 00:00:00',1,'2012-06-20 00:00:00',1),
 (486,'PLEASE_INPUT_LOGIN_TIMES','ZHS','请输入登录次数!','2012-06-20 00:00:00',1,'2012-06-20 00:00:00',1),
 (487,'PLEASE_INPUT_LOGIN_TIMES','US','Please input login times!','2012-06-20 00:00:00',1,'2012-06-20 00:00:00',1),
 (488,'PROMPT.VIEW_LOG','ZHS','查看日志','2012-06-25 00:00:00',1,'2012-06-25 00:00:00',1),
 (489,'PROMPT.VIEW_LOG','US','View Log','2012-06-25 00:00:00',1,'2012-06-25 00:00:00',1),
 (490,'UPDATE_SELF_PASSWORD','ZHS','修改密码','2012-06-25 00:00:00',1,'2012-06-25 00:00:00',1),
 (491,'UPDATE_SELF_PASSWORD','US','Change Password','2012-06-25 00:00:00',1,'2012-06-25 00:00:00',1),
 (492,'HAP_CURRENT_PASSWORD','ZHS','当前密码','2012-06-25 00:00:00',1,'2012-06-25 00:00:00',1),
 (493,'HAP_CURRENT_PASSWORD','US','Current password','2012-06-25 00:00:00',1,'2012-06-25 00:00:00',1),
 (494,'HAP_CONFIRM_PASSWORD','ZHS','确认密码','2012-06-25 00:00:00',1,'2012-06-25 00:00:00',1),
 (495,'HAP_CONFIRM_PASSWORD','US','Confirm password','2012-06-25 00:00:00',1,'2012-06-25 00:00:00',1),
 (496,'HAP_OK','ZHS','确定','2012-06-25 00:00:00',1,'2012-06-25 00:00:00',1),
 (497,'HAP_OK','US','OK','2012-06-25 00:00:00',1,'2012-06-25 00:00:00',1),
 (498,'HAND_CANCEL','ZHS','取消','2012-06-25 00:00:00',1,'2012-06-25 00:00:00',1),
 (499,'HAND_CANCEL','US','Cancel','2012-06-25 00:00:00',1,'2012-06-25 00:00:00',1),
 (500,'PROMPT.INPUT_INVALID','US','Invalid input','2012-06-25 00:00:00',1,'2012-06-25 00:00:00',1),
 (501,'PROMPT.INPUT_INVALID','ZHS','不合法的输入','2012-06-25 00:00:00',1,'2012-06-25 00:00:00',1),
 (502,'SUCCESSFUL_OPERATION','ZHS','操作成功','2012-06-26 00:00:00',1,'2012-06-26 00:00:00',1),
 (503,'SUCCESSFUL_OPERATION','US','Operate success','2012-06-26 00:00:00',1,'2012-06-26 00:00:00',1),
 (504,'SYS_PASSWORD_FAILURE','ZHS','密码错误，请重新输入!','2012-06-27 00:00:00',21,'2012-06-26 00:00:00',21),
 (505,'SYS_PASSWORD_FAILURE','US','password failure, please re-enter!','2012-06-27 00:00:00',21,'2012-06-26 00:00:00',21),
 (506,'SYS_PASSWORD_NULL','ZHS','密码为空，请输入!','2012-06-26 00:00:00',21,'2012-06-26 00:00:00',21),
 (507,'SYS_PASSWORD_NULL','US','password null, please re-enter!','2012-06-26 00:00:00',21,'2012-06-26 00:00:00',21),
 (508,'SYS_USER_FAILURE','ZHS','用户无效，请重新输入!','2012-06-26 00:00:00',21,'2012-06-26 00:00:00',21),
 (509,'SYS_USER_FAILURE','US','user failure, please re-enter!','2012-06-26 00:00:00',21,'2012-06-26 00:00:00',21),
 (510,'SYS_USER_NULL','ZHS','用户不存在，请重新输入!','2012-06-26 00:00:00',21,'2012-06-26 00:00:00',21),
 (511,'SYS_USER_NULL','US','user is null, please re-enter!','2012-06-26 00:00:00',21,'2012-06-26 00:00:00',21),
 (512,'SYS_LANGUAGE_NULL','ZHS','语言环境不存在，请重新选择!','2012-06-26 00:00:00',21,'2012-06-26 00:00:00',21),
 (513,'SYS_LANGUAGE_NULL','US','language is null, please re-enter!','2012-06-26 00:00:00',21,'2012-06-26 00:00:00',21),
 (514,'SYS_FROZEN_FAILURE','ZHS','用户被冻结，请联系系统管理员!','2012-06-26 00:00:00',21,'2012-06-26 00:00:00',21),
 (515,'SYS_FROZEN_FAILURE','US','frozen_failure,please contact the system administrator!','2012-06-26 00:00:00',21,'2012-06-26 00:00:00',21),
 (516,'SYS_FUNCTION.NO_SELECTION','US','No lines was selected.','2012-06-27 00:00:00',1,'2012-06-27 00:00:00',1),
 (517,'SYS_FUNCTION.NO_SELECTION','ZHS','未选中任何行','2012-06-27 00:00:00',1,'2012-06-27 00:00:00',1),
 (518,'PROMPT.WARN','ZHS','警告','2012-06-27 00:00:00',1,'2012-06-27 00:00:00',1),
 (519,'PROMPT.WARN','US','Warn','2012-06-27 00:00:00',1,'2012-06-27 00:00:00',1),
 (520,'SYS_PARAMETER_CHECK_PARAMETERS_LEVEL','ZHS','参数级别至少选择一个','2012-06-28 00:00:00',21,'2012-06-28 00:00:00',21),
 (521,'SYS_PARAMETER_CHECK_PARAMETERS_LEVEL','US','Parameter level can not be empty.','2012-06-28 00:00:00',21,'2012-06-28 00:00:00',21),
 (522,'SYSTEM_TIME_OUT_RELOGIN','ZHS','系统已超时，请重新登录！','2012-06-29 00:00:00',1,'2012-06-29 00:00:00',1),
 (523,'SYSTEM_TIME_OUT_RELOGIN','US','System time out,please login!','2012-06-29 00:00:00',1,'2012-06-29 00:00:00',1),
 (524,'TIMEOUT_UNLOCK_OVER_THREE_TIMES','ZHS','密码输入错误达到三次，解锁失败请重新登录！','2012-07-02 00:00:00',1,'2012-07-02 00:00:00',1),
 (525,'TIMEOUT_UNLOCK_OVER_THREE_TIMES','US','Enter the wrong password more than three failed unlock your log!','2012-07-02 00:00:00',1,'2012-07-02 00:00:00',1),
 (526,'HAP_ROLENAME','ZHS','角色名','2012-07-02 00:00:00',1,'2012-07-02 00:00:00',1),
 (527,'HAP_ROLENAME','US','Rolename','2012-07-02 00:00:00',1,'2012-07-02 00:00:00',1),
 (528,'SYS_PARAMETERS.PARAMETER_CODE','ZHS','参数代码','2012-07-03 00:00:00',1,'2012-07-03 00:00:00',1),
 (529,'SYS_PARAMETERS.PARAMETER_CODE','US','Parameter code','2012-07-03 00:00:00',1,'2012-07-03 00:00:00',1),
 (530,'HAP_QUERY_TITLE','ZHS','查询条件','2012-07-03 00:00:00',1,'2012-07-03 00:00:00',1),
 (531,'HAP_QUERY_TITLE','US','Query Condition','2012-07-03 00:00:00',1,'2012-07-03 00:00:00',1),
 (532,'WFL_WORKFLOW_PARAMETER.PARAM_CODE','US','Parameter','2012-07-03 00:00:00',1,'2012-07-03 00:00:00',1),
 (533,'WFL_WORKFLOW_PARAMETER.PARAM_CODE','ZHS','参数','2012-07-03 00:00:00',1,'2012-07-03 00:00:00',1),
 (534,'WFL_WORKFLOW.INSTANCE_PARAM','ZHS','参数','2012-07-03 00:00:00',1,'2012-07-03 00:00:00',1),
 (535,'WFL_WORKFLOW.INSTANCE_PARAM','US','Parameter','2012-07-03 00:00:00',1,'2012-07-03 00:00:00',1),
 (536,'FND_SYS_PARA_VALUE.COMPANY','ZHS','公司','2012-07-03 00:00:00',1,'2012-07-03 00:00:00',1),
 (537,'FND_SYS_PARA_VALUE.COMPANY','US','Company','2012-07-03 00:00:00',1,'2012-07-03 00:00:00',1),
 (538,'USER_INFORMATION_MODIFY_SUCCESS','ZHS','用户信息修改成功!','2012-07-03 00:00:00',1,'2012-07-03 00:00:00',1),
 (539,'USER_INFORMATION_MODIFY_SUCCESS','US','User information modify success!','2012-07-03 00:00:00',1,'2012-07-03 00:00:00',1),
 (540,'EXP_ORG_POSITION.POSITION_CODE','ZHS','岗位代码','2012-07-04 00:00:00',1,'2012-07-04 00:00:00',1),
 (541,'EXP_ORG_POSITION.POSITION_CODE','US','Position code','2012-07-04 00:00:00',1,'2012-07-04 00:00:00',1),
 (542,'EXP_ORG_POSITION.POSITION_NAME','ZHS','岗位描述','2012-07-04 00:00:00',1,'2012-07-04 00:00:00',1),
 (543,'EXP_ORG_POSITION.POSITION_NAME','US','Position description','2012-07-04 00:00:00',1,'2012-07-04 00:00:00',1),
 (544,'THE_ADDRESS_YOU_SENT_IS_NOT_CORRECT','US','The address you sent is not correct','2012-09-24 00:00:00',21,'2012-09-24 00:00:00',21),
 (545,'THE_ADDRESS_YOU_SENT_IS_NOT_CORRECT','ZHS','发件地址格式不正确','2012-09-24 00:00:00',21,'2012-09-24 00:00:00',21),
 (546,'INV_WAREHOUSES.WAREHOUSE_CODE','ZHS','仓库代码','2012-09-27 16:30:06',21,'2012-09-27 16:30:06',21),
 (547,'INV_WAREHOUSES.WAREHOUSE_NAME','ZHS','仓库名称','2012-09-27 16:30:06',21,'2012-09-27 16:30:06',21),
 (548,'INV_WAREHOUSES.WAREHOUSE_TYPE','ZHS','仓库类型','2012-09-27 16:31:17',21,'2012-09-27 16:31:17',21),
 (549,'INV_WAREHOUSES.ENABLED_FLAG','ZHS','启用','2012-09-27 16:31:17',21,'2012-09-27 16:31:17',21),
 (550,'INV_WAREHOUSES.PROVINCE','ZHS','省','2012-09-27 16:31:17',21,'2012-09-27 16:31:17',21),
 (551,'INV_WAREHOUSES.CITY','ZHS','市','2012-09-27 16:31:17',21,'2012-09-27 16:31:17',21),
 (552,'INV_WAREHOUSES.DETAIL_ADDRESS','ZHS','详细地址','2012-09-27 16:31:17',21,'2012-09-27 16:31:17',21),
 (553,'INV_WAREHOUSES.PREFECTURE','ZHS','县','2012-09-27 16:31:42',21,'2012-09-27 16:31:42',21),
 (554,'INV_WAREHOUSES.ADDRESS','ZHS','库房地址','2012-09-27 16:45:38',21,'2012-09-27 16:45:38',21),
 (555,'FND1030.EMPLOYEE_CODE','ZHS','员工代码','2012-09-28 10:11:36',21,'2012-09-28 10:11:36',21),
 (557,'FND1030.IMPORT','ZHS','导入','2012-09-28 10:13:05',21,'2012-09-28 10:13:05',21),
 (558,'FND_EMPLOYEES.EMPLOYEE_CODE','ZHS','员工代码','2012-09-28 10:16:21',21,'2012-09-28 10:16:21',21),
 (559,'FND_EMPLOYEES.EMPLOYEE_NAME','ZHS','姓名','2012-09-28 10:16:21',21,'2012-09-28 10:16:21',21),
 (560,'FND_EMPLOYEES.ENABLED_FLAG','ZHS','启用','2012-09-28 10:16:21',21,'2012-09-28 10:16:21',21),
 (561,'FND1030.EMPLOYEE_QUERY','ZHS','员工查询','2012-09-28 10:19:36',21,'2012-09-28 10:19:36',21),
 (562,'FND_EMPLOYEES.DEPARTMENT_DESCRIPTION','ZHS','部门','2012-09-28 10:20:30',21,'2012-09-28 10:20:30',21);
/*!40000 ALTER TABLE `sys_prompts` ENABLE KEYS */;


--
-- Definition of table `sys_region_codes`
--

DROP TABLE IF EXISTS `sys_region_codes`;
CREATE TABLE `sys_region_codes` (
  `region_code_id` int(11) NOT NULL AUTO_INCREMENT,
  `province` varchar(2000) NOT NULL,
  `city` varchar(2000) DEFAULT NULL,
  `district` varchar(2000) DEFAULT NULL,
  `created_by` int(11) NOT NULL,
  `creation_date` datetime NOT NULL,
  `last_updated_by` int(11) NOT NULL,
  `last_update_date` datetime NOT NULL,
  PRIMARY KEY (`region_code_id`)
) ENGINE=InnoDB AUTO_INCREMENT=12 DEFAULT CHARSET=gbk;

--
-- Dumping data for table `sys_region_codes`
--

/*!40000 ALTER TABLE `sys_region_codes` DISABLE KEYS */;
INSERT INTO `sys_region_codes` (`region_code_id`,`province`,`city`,`district`,`created_by`,`creation_date`,`last_updated_by`,`last_update_date`) VALUES 
 (2,'上海','上海','浦东新',1,'2012-09-21 10:15:05',1,'2012-09-21 10:15:05'),
 (9,'上海','上海','徐汇',1,'2012-09-21 11:41:30',1,'2012-09-21 11:41:30'),
 (11,'湖北','武汉','武昌',1,'2012-09-21 12:49:16',1,'2012-09-21 12:49:16');
/*!40000 ALTER TABLE `sys_region_codes` ENABLE KEYS */;


--
-- Definition of table `sys_role`
--

DROP TABLE IF EXISTS `sys_role`;
CREATE TABLE `sys_role` (
  `ROLE_ID` int(11) NOT NULL AUTO_INCREMENT,
  `ROLE_CODE` varchar(30) NOT NULL,
  `ROLE_NAME_ID` int(11) DEFAULT NULL,
  `DESCRIPTION_ID` int(11) DEFAULT NULL,
  `START_DATE` datetime NOT NULL,
  `END_DATE` datetime DEFAULT NULL,
  `SERVICE_ID` int(11) DEFAULT NULL,
  `LAST_UPDATE_DATE` datetime NOT NULL,
  `LAST_UPDATED_BY` int(11) NOT NULL,
  `CREATION_DATE` datetime NOT NULL,
  `CREATED_BY` int(11) NOT NULL,
  PRIMARY KEY (`ROLE_ID`),
  UNIQUE KEY `SYS_ROLE_U1` (`ROLE_CODE`)
) ENGINE=InnoDB AUTO_INCREMENT=82 DEFAULT CHARSET=gbk;

--
-- Dumping data for table `sys_role`
--

/*!40000 ALTER TABLE `sys_role` DISABLE KEYS */;
INSERT INTO `sys_role` (`ROLE_ID`,`ROLE_CODE`,`ROLE_NAME_ID`,`DESCRIPTION_ID`,`START_DATE`,`END_DATE`,`SERVICE_ID`,`LAST_UPDATE_DATE`,`LAST_UPDATED_BY`,`CREATION_DATE`,`CREATED_BY`) VALUES 
 (21,'ADMIN',61,62,'2012-06-12 00:00:00',NULL,NULL,'2012-07-02 00:00:00',21,'2012-06-12 00:00:00',1),
 (41,'TEST',1005,1006,'2012-06-20 00:00:00',NULL,NULL,'2012-06-20 00:00:00',21,'2012-06-20 00:00:00',21),
 (81,'MANAGER',1263,1264,'2012-07-20 00:00:00',NULL,NULL,'2012-07-03 00:00:00',21,'2012-07-03 00:00:00',21);
/*!40000 ALTER TABLE `sys_role` ENABLE KEYS */;


--
-- Definition of table `sys_role_function`
--

DROP TABLE IF EXISTS `sys_role_function`;
CREATE TABLE `sys_role_function` (
  `ROLE_ID` int(11) NOT NULL AUTO_INCREMENT,
  `FUNCTION_ID` int(11) NOT NULL,
  `SEQUENCE` int(11) DEFAULT NULL,
  `EXPANDED` varchar(1) NOT NULL,
  `START_DATE` datetime NOT NULL,
  `END_DATE` datetime DEFAULT NULL,
  `CREATED_BY` int(11) NOT NULL,
  `CREATION_DATE` datetime NOT NULL,
  `LAST_UPDATED_BY` int(11) NOT NULL,
  `LAST_UPDATE_DATE` datetime NOT NULL,
  UNIQUE KEY `SYS_ROLE_FUNCTION_U1` (`ROLE_ID`,`FUNCTION_ID`)
) ENGINE=InnoDB AUTO_INCREMENT=82 DEFAULT CHARSET=gbk;

--
-- Dumping data for table `sys_role_function`
--

/*!40000 ALTER TABLE `sys_role_function` DISABLE KEYS */;
INSERT INTO `sys_role_function` (`ROLE_ID`,`FUNCTION_ID`,`SEQUENCE`,`EXPANDED`,`START_DATE`,`END_DATE`,`CREATED_BY`,`CREATION_DATE`,`LAST_UPDATED_BY`,`LAST_UPDATE_DATE`) VALUES 
 (21,21,20,'N','2013-01-06 14:20:29',NULL,21,'2013-01-06 14:20:29',21,'2013-01-06 14:20:29'),
 (21,22,1,'N','2013-01-06 14:20:29',NULL,21,'2013-01-06 14:20:29',21,'2013-01-06 14:20:29'),
 (21,23,1,'N','2013-01-06 14:20:29',NULL,21,'2013-01-06 14:20:29',21,'2013-01-06 14:20:29'),
 (21,24,2,'N','2013-01-06 14:20:29',NULL,21,'2013-01-06 14:20:29',21,'2013-01-06 14:20:29'),
 (21,25,3,'N','2013-01-06 14:20:29',NULL,21,'2013-01-06 14:20:29',21,'2013-01-06 14:20:29'),
 (21,26,4,'N','2013-01-06 14:20:29',NULL,21,'2013-01-06 14:20:29',21,'2013-01-06 14:20:29'),
 (21,27,50,'N','2013-01-06 14:20:29',NULL,21,'2013-01-06 14:20:29',21,'2013-01-06 14:20:29'),
 (21,28,120,'N','2013-01-06 14:20:29',NULL,21,'2013-01-06 14:20:29',21,'2013-01-06 14:20:29'),
 (21,29,80,'N','2013-01-06 14:20:29',NULL,21,'2013-01-06 14:20:29',21,'2013-01-06 14:20:29'),
 (21,41,60,'N','2013-01-06 14:20:29',NULL,21,'2013-01-06 14:20:29',21,'2013-01-06 14:20:29'),
 (21,42,70,'N','2013-01-06 14:20:29',NULL,21,'2013-01-06 14:20:29',21,'2013-01-06 14:20:29'),
 (21,61,80,'N','2013-01-06 14:20:29',NULL,21,'2013-01-06 14:20:29',21,'2013-01-06 14:20:29'),
 (21,62,100,'N','2013-01-06 14:20:29',NULL,21,'2013-01-06 14:20:29',21,'2013-01-06 14:20:29'),
 (21,63,110,'N','2013-01-06 14:20:29',NULL,21,'2013-01-06 14:20:29',21,'2013-01-06 14:20:29'),
 (21,64,120,'N','2013-01-06 14:20:29',NULL,21,'2013-01-06 14:20:29',21,'2013-01-06 14:20:29'),
 (21,65,140,'N','2013-01-06 14:20:29',NULL,21,'2013-01-06 14:20:29',21,'2013-01-06 14:20:29'),
 (21,66,150,'N','2013-01-06 14:20:29',NULL,21,'2013-01-06 14:20:29',21,'2013-01-06 14:20:29'),
 (21,81,999,'N','2013-01-06 14:20:29',NULL,21,'2013-01-06 14:20:29',21,'2013-01-06 14:20:29'),
 (21,101,10,'N','2013-01-06 14:20:29',NULL,21,'2013-01-06 14:20:29',21,'2013-01-06 14:20:29'),
 (21,102,20,'N','2013-01-06 14:20:29',NULL,21,'2013-01-06 14:20:29',21,'2013-01-06 14:20:29'),
 (21,103,30,'N','2013-01-06 14:20:29',NULL,21,'2013-01-06 14:20:29',21,'2013-01-06 14:20:29'),
 (21,104,40,'N','2013-01-06 14:20:29',NULL,21,'2013-01-06 14:20:29',21,'2013-01-06 14:20:29'),
 (21,244,10,'N','2013-01-06 14:20:29',NULL,21,'2013-01-06 14:20:29',21,'2013-01-06 14:20:29'),
 (21,245,20,'N','2013-01-06 14:20:29',NULL,21,'2013-01-06 14:20:29',21,'2013-01-06 14:20:29'),
 (21,246,30,'N','2013-01-06 14:20:29',NULL,21,'2013-01-06 14:20:29',21,'2013-01-06 14:20:29'),
 (21,247,40,'N','2013-01-06 14:20:29',NULL,21,'2013-01-06 14:20:29',21,'2013-01-06 14:20:29'),
 (21,248,50,'N','2013-01-06 14:20:29',NULL,21,'2013-01-06 14:20:29',21,'2013-01-06 14:20:29'),
 (21,249,4,'N','2013-01-06 14:20:29',NULL,21,'2013-01-06 14:20:29',21,'2013-01-06 14:20:29'),
 (21,250,1,'N','2013-01-06 14:20:29',NULL,21,'2013-01-06 14:20:29',21,'2013-01-06 14:20:29'),
 (21,255,100,'N','2013-01-06 14:20:29',NULL,21,'2013-01-06 14:20:29',21,'2013-01-06 14:20:29'),
 (21,256,11,'N','2013-01-06 14:20:29',NULL,21,'2013-01-06 14:20:29',21,'2013-01-06 14:20:29'),
 (21,257,21,'N','2013-01-06 14:20:29',NULL,21,'2013-01-06 14:20:29',21,'2013-01-06 14:20:29'),
 (21,258,31,'N','2013-01-06 14:20:29',NULL,21,'2013-01-06 14:20:29',21,'2013-01-06 14:20:29'),
 (41,21,20,'N','2012-06-20 00:00:00',NULL,21,'2012-06-20 00:00:00',21,'2012-06-20 00:00:00'),
 (41,22,10,'N','2012-06-20 00:00:00',NULL,21,'2012-06-20 00:00:00',21,'2012-06-20 00:00:00'),
 (41,23,10,'N','2012-06-20 00:00:00',NULL,21,'2012-06-20 00:00:00',21,'2012-06-20 00:00:00'),
 (41,24,20,'N','2012-06-20 00:00:00',NULL,21,'2012-06-20 00:00:00',21,'2012-06-20 00:00:00'),
 (41,25,30,'N','2012-06-20 00:00:00',NULL,21,'2012-06-20 00:00:00',21,'2012-06-20 00:00:00'),
 (41,26,40,'N','2012-06-20 00:00:00',NULL,21,'2012-06-20 00:00:00',21,'2012-06-20 00:00:00'),
 (41,27,50,'N','2012-06-20 00:00:00',NULL,21,'2012-06-20 00:00:00',21,'2012-06-20 00:00:00'),
 (41,28,130,'N','2012-06-20 00:00:00',NULL,21,'2012-06-20 00:00:00',21,'2012-06-20 00:00:00'),
 (41,29,90,'N','2012-06-20 00:00:00',NULL,21,'2012-06-20 00:00:00',21,'2012-06-20 00:00:00'),
 (41,41,60,'N','2012-06-20 00:00:00',NULL,21,'2012-06-20 00:00:00',21,'2012-06-20 00:00:00'),
 (41,42,70,'N','2012-06-20 00:00:00',NULL,21,'2012-06-20 00:00:00',21,'2012-06-20 00:00:00'),
 (41,61,80,'N','2012-06-20 00:00:00',NULL,21,'2012-06-20 00:00:00',21,'2012-06-20 00:00:00'),
 (41,62,100,'N','2012-06-20 00:00:00',NULL,21,'2012-06-20 00:00:00',21,'2012-06-20 00:00:00'),
 (41,63,110,'N','2012-06-20 00:00:00',NULL,21,'2012-06-20 00:00:00',21,'2012-06-20 00:00:00'),
 (41,64,120,'N','2012-06-20 00:00:00',NULL,21,'2012-06-20 00:00:00',21,'2012-06-20 00:00:00'),
 (41,65,140,'N','2012-06-20 00:00:00',NULL,21,'2012-06-20 00:00:00',21,'2012-06-20 00:00:00'),
 (41,66,150,'N','2012-06-20 00:00:00',NULL,21,'2012-06-20 00:00:00',21,'2012-06-20 00:00:00'),
 (41,81,999,'N','2012-06-20 00:00:00',NULL,21,'2012-06-20 00:00:00',21,'2012-06-20 00:00:00'),
 (41,101,10,'N','2012-06-20 00:00:00',NULL,21,'2012-06-20 00:00:00',21,'2012-06-20 00:00:00'),
 (41,102,20,'N','2012-06-20 00:00:00',NULL,21,'2012-06-20 00:00:00',21,'2012-06-20 00:00:00'),
 (41,103,30,'N','2012-06-20 00:00:00',NULL,21,'2012-06-20 00:00:00',21,'2012-06-20 00:00:00'),
 (41,104,40,'N','2012-06-20 00:00:00',NULL,21,'2012-06-20 00:00:00',21,'2012-06-20 00:00:00'),
 (41,105,50,'N','2012-06-20 00:00:00',NULL,21,'2012-06-20 00:00:00',21,'2012-06-20 00:00:00'),
 (41,121,1000,'N','2012-06-20 00:00:00',NULL,21,'2012-06-20 00:00:00',21,'2012-06-20 00:00:00'),
 (41,141,1001,'N','2012-06-20 00:00:00',NULL,21,'2012-06-20 00:00:00',21,'2012-06-20 00:00:00'),
 (41,161,1002,'N','2012-06-20 00:00:00',NULL,21,'2012-06-20 00:00:00',21,'2012-06-20 00:00:00'),
 (41,181,1003,'N','2012-06-20 00:00:00',NULL,21,'2012-06-20 00:00:00',21,'2012-06-20 00:00:00'),
 (81,21,20,'N','2012-07-04 00:00:00',NULL,21,'2012-07-04 00:00:00',21,'2012-07-04 00:00:00'),
 (81,22,10,'N','2012-07-04 00:00:00',NULL,21,'2012-07-04 00:00:00',21,'2012-07-04 00:00:00'),
 (81,23,10,'N','2012-07-04 00:00:00',NULL,21,'2012-07-04 00:00:00',21,'2012-07-04 00:00:00'),
 (81,24,20,'N','2012-07-04 00:00:00',NULL,21,'2012-07-04 00:00:00',21,'2012-07-04 00:00:00'),
 (81,25,30,'N','2012-07-04 00:00:00',NULL,21,'2012-07-04 00:00:00',21,'2012-07-04 00:00:00'),
 (81,26,40,'N','2012-07-04 00:00:00',NULL,21,'2012-07-04 00:00:00',21,'2012-07-04 00:00:00'),
 (81,27,50,'N','2012-07-04 00:00:00',NULL,21,'2012-07-04 00:00:00',21,'2012-07-04 00:00:00'),
 (81,28,130,'N','2012-07-04 00:00:00',NULL,21,'2012-07-04 00:00:00',21,'2012-07-04 00:00:00'),
 (81,29,90,'N','2012-07-04 00:00:00',NULL,21,'2012-07-04 00:00:00',21,'2012-07-04 00:00:00'),
 (81,41,60,'N','2012-07-04 00:00:00',NULL,21,'2012-07-04 00:00:00',21,'2012-07-04 00:00:00'),
 (81,42,70,'N','2012-07-04 00:00:00',NULL,21,'2012-07-04 00:00:00',21,'2012-07-04 00:00:00'),
 (81,61,80,'N','2012-07-04 00:00:00',NULL,21,'2012-07-04 00:00:00',21,'2012-07-04 00:00:00'),
 (81,62,100,'N','2012-07-04 00:00:00',NULL,21,'2012-07-04 00:00:00',21,'2012-07-04 00:00:00'),
 (81,63,110,'N','2012-07-04 00:00:00',NULL,21,'2012-07-04 00:00:00',21,'2012-07-04 00:00:00'),
 (81,64,120,'N','2012-07-04 00:00:00',NULL,21,'2012-07-04 00:00:00',21,'2012-07-04 00:00:00'),
 (81,65,140,'N','2012-07-04 00:00:00',NULL,21,'2012-07-04 00:00:00',21,'2012-07-04 00:00:00'),
 (81,66,150,'N','2012-07-04 00:00:00',NULL,21,'2012-07-04 00:00:00',21,'2012-07-04 00:00:00'),
 (81,81,999,'N','2012-07-04 00:00:00',NULL,21,'2012-07-04 00:00:00',21,'2012-07-04 00:00:00'),
 (81,101,10,'N','2012-07-04 00:00:00',NULL,21,'2012-07-04 00:00:00',21,'2012-07-04 00:00:00'),
 (81,102,20,'N','2012-07-04 00:00:00',NULL,21,'2012-07-04 00:00:00',21,'2012-07-04 00:00:00'),
 (81,103,30,'N','2012-07-04 00:00:00',NULL,21,'2012-07-04 00:00:00',21,'2012-07-04 00:00:00'),
 (81,104,40,'N','2012-07-04 00:00:00',NULL,21,'2012-07-04 00:00:00',21,'2012-07-04 00:00:00'),
 (81,105,50,'N','2012-07-04 00:00:00',NULL,21,'2012-07-04 00:00:00',21,'2012-07-04 00:00:00');
/*!40000 ALTER TABLE `sys_role_function` ENABLE KEYS */;


--
-- Definition of table `sys_service`
--

DROP TABLE IF EXISTS `sys_service`;
CREATE TABLE `sys_service` (
  `service_id` int(11) NOT NULL AUTO_INCREMENT,
  `service_name` varchar(100) NOT NULL,
  `is_entry_page` int(11) NOT NULL,
  `is_access_checked` int(11) NOT NULL,
  `is_login_required` int(11) NOT NULL,
  `title` varchar(200) DEFAULT NULL,
  `is_system_access` int(11) NOT NULL,
  `creation_date` datetime NOT NULL,
  `last_update_date` datetime NOT NULL,
  `created_by` int(11) NOT NULL,
  `last_updated_by` int(11) NOT NULL,
  PRIMARY KEY (`service_id`),
  UNIQUE KEY `SYS_SERVICE_U1` (`service_name`)
) ENGINE=InnoDB AUTO_INCREMENT=483 DEFAULT CHARSET=gbk;

--
-- Dumping data for table `sys_service`
--

/*!40000 ALTER TABLE `sys_service` DISABLE KEYS */;
INSERT INTO `sys_service` (`service_id`,`service_name`,`is_entry_page`,`is_access_checked`,`is_login_required`,`title`,`is_system_access`,`creation_date`,`last_update_date`,`created_by`,`last_updated_by`) VALUES 
 (61,'modules/sys/SYS8040/sys_service.screen',0,1,1,'页面注册',0,'2012-06-12 00:00:00','2012-06-12 00:00:00',1,1),
 (62,'modules/sys/SYS8010/sys_function.screen',0,1,1,'功能定义',0,'2012-06-12 00:00:00','2012-06-12 00:00:00',1,1),
 (63,'modules/sys/SYS1003/sys_role_function.screen',0,1,1,'功能分配',0,'2012-06-12 00:00:00','2012-06-12 00:00:00',1,1),
 (64,'modules/sys/SYS8210/sys_user.screen',0,1,1,'用户定义',0,'2012-06-12 00:00:00','2012-06-12 00:00:00',1,1),
 (81,'modules/sys/SYS8110/sys_role.screen',0,1,1,'角色定义',0,'2012-06-12 00:00:00','2012-06-12 00:00:00',21,21),
 (82,'modules/sys/SYS1009/sys_log.screen',0,0,1,'系统日志',0,'2012-06-12 00:00:00','2012-06-27 00:00:00',21,21),
 (83,'modules/sys/SYS1004/sys_prompt.screen',0,1,1,'系统描述',0,'2012-06-12 00:00:00','2012-06-12 00:00:00',21,21),
 (84,'modules/sys/SYS1010/sys_code.screen',0,1,1,'系统代码维护',0,'2012-06-12 00:00:00','2012-06-12 00:00:00',21,21),
 (101,'modules/sys/SYS1020/sys_messages.screen',0,1,1,'消息代码维护',0,'2012-06-12 00:00:00','2012-06-12 00:00:00',21,21),
 (102,'modules/sys/SYS1110/sys_parameter.screen',0,1,1,'参数定义',0,'2012-06-12 00:00:00','2012-06-12 00:00:00',21,21),
 (103,'modules/sys/SYS1120/sys_parameter_values.screen',0,1,1,'参数指定',0,'2012-06-12 00:00:00','2012-06-12 00:00:00',21,21),
 (121,'modules/sys/SYS1130/sys_parameter_value_for_user.screen',0,1,1,'参数指定－用户',0,'2012-06-12 00:00:00','2012-06-12 00:00:00',21,21),
 (122,'modules/sys/SYS8030/sys_module.screen',0,1,1,'模块定义',0,'2012-06-12 00:00:00','2012-06-12 00:00:00',21,21),
 (123,'modules/sys/SYS1030/sys_mail_server.screen',0,1,1,'邮件服务器设置',0,'2012-06-12 00:00:00','2012-06-12 00:00:00',21,21),
 (124,'modules/sys/SYS2520/sys_analytics.screen',0,1,1,'系统分析',0,'2012-06-12 00:00:00','2012-06-12 00:00:00',21,21),
 (125,'modules/debug/bm.screen',0,0,1,'BM测试',1,'2012-06-12 00:00:00','2012-07-09 00:00:00',21,21),
 (141,'modules/fnd/FND1020/fnd_country_code.screen',0,1,1,'国家定义',0,'2012-06-12 00:00:00','2012-06-12 00:00:00',21,21),
 (142,'modules/fnd/FND1030/fnd_region_code.screen',0,1,1,'地区定义',0,'2012-06-12 00:00:00','2012-06-12 00:00:00',21,21),
 (143,'modules/gld/FND1070/gld_currency.screen',0,1,1,'币种定义',0,'2012-06-12 00:00:00','2012-06-12 00:00:00',21,21),
 (144,'modules/fnd/FND2020/fnd_company.screen',0,1,1,'公司定义',0,'2012-06-12 00:00:00','2012-06-12 00:00:00',21,21),
 (145,'modules/fnd/FND1910/fnd_coding_rule_objects.screen',0,1,1,'编码规则定义',0,'2012-06-12 00:00:00','2012-06-12 00:00:00',21,21),
 (221,'modules/sys/SYS2520/full_detail_of_url.screen',0,1,1,'full_detail_of_url.screen',0,'2012-06-19 00:00:00','2012-06-19 00:00:00',1,1),
 (222,'modules/sys/SYS2520/full_median_duration_of_day.screen',0,1,1,'full_median_duration_of_day.screen',0,'2012-06-19 00:00:00','2012-06-19 00:00:00',1,1),
 (223,'modules/sys/SYS2520/full_median_duration_of_hour.screen',0,1,1,'full_median_duration_of_hour.screen',0,'2012-06-19 00:00:00','2012-06-19 00:00:00',1,1),
 (224,'modules/sys/SYS2520/full_ratio_of_day.screen',0,1,1,'full_ratio_of_day.screen',0,'2012-06-19 00:00:00','2012-06-19 00:00:00',1,1),
 (225,'modules/sys/SYS2520/full_top_timeconsume.screen',0,1,1,'full_top_timeconsume.screen',0,'2012-06-19 00:00:00','2012-06-19 00:00:00',1,1),
 (226,'modules/sys/SYS2520/full_top_use.screen',0,1,1,'full_top_use.screen',0,'2012-06-19 00:00:00','2012-06-19 00:00:00',1,1),
 (227,'modules/sys/SYS2520/full_visits_of_day.screen',0,1,1,'full_visits_of_day.screen',0,'2012-06-19 00:00:00','2012-06-19 00:00:00',1,1),
 (228,'modules/sys/SYS2520/min_median_duration_of_day.screen',0,1,1,'min_median_duration_of_day.screen',0,'2012-06-19 00:00:00','2012-06-19 00:00:00',1,1),
 (229,'modules/sys/SYS2520/min_median_duration_of_hour.screen',0,1,1,'min_median_duration_of_hour.screen',0,'2012-06-19 00:00:00','2012-06-19 00:00:00',1,1),
 (230,'modules/sys/SYS2520/min_ratio_of_day.screen',0,1,1,'min_ratio_of_day.screen',0,'2012-06-19 00:00:00','2012-06-19 00:00:00',1,1),
 (231,'modules/sys/SYS2520/min_top_timeconsume.screen',0,1,1,'min_top_timeconsume.screen',0,'2012-06-19 00:00:00','2012-06-19 00:00:00',1,1),
 (232,'modules/sys/SYS2520/min_top_use.screen',0,1,1,'min_top_use.screen',0,'2012-06-19 00:00:00','2012-06-19 00:00:00',1,1),
 (233,'modules/sys/SYS2520/min_visits_of_day.screen',0,1,1,'min_visits_of_day.screen',0,'2012-06-19 00:00:00','2012-06-19 00:00:00',1,1),
 (281,'error_screen_unregistered.screen',0,0,0,'页面没有注册',0,'2012-06-27 00:00:00','2012-06-27 00:00:00',21,21),
 (282,'login.screen',0,0,0,'登陆页面',1,'2012-06-27 00:00:00','2012-06-27 00:00:00',21,21),
 (283,'role_select.svc',0,0,1,'role_select.svc',1,'2012-06-27 00:00:00','2012-06-27 00:00:00',1,1),
 (284,'main.screen',0,0,1,'主页面',1,'2012-06-27 00:00:00','2012-06-27 00:00:00',1,1),
 (285,'loading.screen',0,0,1,'加载界面',1,'2012-06-27 00:00:00','2012-06-27 00:00:00',1,21),
 (286,'sys_lov.svc',0,0,0,'系统Lov',0,'2012-06-27 00:00:00','2012-06-27 00:00:00',1,1),
 (287,'login.svc',0,0,0,'登陆控制文件',1,'2012-06-27 00:00:00','2012-06-27 00:00:00',1,1),
 (288,'timeout_login.svc',0,0,0,'系统超时登录SVC',0,'2012-06-27 00:00:00','2012-06-27 00:00:00',1,1),
 (289,'role_select.screen',0,0,1,'角色选择',1,'2012-06-27 00:00:00','2012-06-27 00:00:00',21,21),
 (290,'password_expired_update.screen',0,0,0,'密码过期修改页面',0,'2012-06-27 00:00:00','2012-06-27 00:00:00',21,21),
 (293,'sys_lov.screen',0,0,0,'系统Lov',0,'2012-06-27 00:00:00','2012-06-27 00:00:00',1,1),
 (294,'log_window.screen',0,0,1,'系统日志',1,'2012-06-27 00:00:00','2012-06-27 00:00:00',1,1),
 (295,'set_trace_flag.svc',0,0,1,'设置日志状态',0,'2012-06-27 00:00:00','2012-06-27 00:00:00',1,1),
 (296,'show_trace_flag.svc',0,0,1,'显示日志状态',0,'2012-06-27 00:00:00','2012-06-27 00:00:00',1,1),
 (297,'update_self_password.screen',0,0,0,NULL,1,'2012-06-27 00:00:00','2012-06-27 00:00:00',1,21),
 (298,'update_self_passwrod.svc',0,0,0,NULL,0,'2012-06-27 00:00:00','2012-06-27 00:00:00',1,1),
 (299,'logout.svc',0,0,0,NULL,0,'2012-06-27 00:00:00','2012-06-27 00:00:00',1,1),
 (300,'role_select_min.screen',0,0,1,NULL,0,'2012-06-27 00:00:00','2012-06-27 00:00:00',1,1),
 (301,'theme_select.screen',0,0,0,'皮肤选择',1,'2012-06-27 00:00:00','2012-06-27 00:00:00',1,1),
 (302,'error_wrong_entrance.screen',0,0,0,'错误的访问路径',0,'2012-06-27 00:00:00','2012-06-27 00:00:00',1,1),
 (303,'error_repeatlogin.screen',0,0,0,'重复登陆',0,'2012-06-27 00:00:00','2012-06-27 00:00:00',1,1),
 (304,'login_timeout.screen',0,0,0,'超时之后登录界面',1,'2012-06-27 00:00:00','2012-06-27 00:00:00',1,1),
 (305,'modules/sys/SYS8010/sys_function_autobm.svc',0,0,0,NULL,0,'2012-06-27 00:00:00','2012-06-27 00:00:00',1,1),
 (306,'modules/sys/SYS8010/sys_function_getcontainsbm.svc',0,0,0,NULL,0,'2012-06-27 00:00:00','2012-06-27 00:00:00',1,1),
 (307,'modules/sys/SYS8010/sys_function_makezip.svc',0,0,0,NULL,0,'2012-06-27 00:00:00','2012-06-27 00:00:00',1,1),
 (308,'modules/sys/SYS8010/sys_function_tree.screen',0,1,1,NULL,0,'2012-06-27 00:00:00','2012-06-27 00:00:00',1,1),
 (309,'modules/sys/SYS8010/sys_function_bm.screen',0,1,1,'分配BM',0,'2012-06-27 00:00:00','2012-06-27 00:00:00',1,1),
 (310,'modules/sys/SYS8010/sys_function_service.screen',0,1,1,'分配页面',0,'2012-06-27 00:00:00','2012-06-27 00:00:00',1,1),
 (311,'modules/sys/reload.screen',0,0,1,'配置刷新页面',0,'2012-06-27 00:00:00','2012-06-27 00:00:00',21,21),
 (313,'modules/sys/sys_log_cancel_all_trace_flag.svc',0,0,1,NULL,0,'2012-06-27 00:00:00','2012-06-27 00:00:00',1,1),
 (314,'modules/sys/sys_log_get_config.svc',0,1,1,'系统日志SVC',0,'2012-06-27 00:00:00','2012-06-27 00:00:00',1,1),
 (315,'modules/sys/sys_log_set_all_trace_flag.svc',0,0,1,NULL,0,'2012-06-27 00:00:00','2012-06-27 00:00:00',1,1),
 (316,'modules/sys/sys_log_set_config.svc',0,0,1,NULL,0,'2012-06-27 00:00:00','2012-06-27 00:00:00',1,1),
 (317,'modules/sys/sys_log.screen',0,0,1,'日志管理',1,'2012-06-27 00:00:00','2012-06-27 00:00:00',1,1),
 (318,'modules/sys/SYS1009/sys_log_set_config.svc',0,0,1,NULL,0,'2012-06-27 00:00:00','2012-06-27 00:00:00',1,1),
 (319,'modules/sys/SYS1009/sys_log_show_all_trace_flag.svc',0,0,1,NULL,0,'2012-06-27 00:00:00','2012-06-27 00:00:00',21,21),
 (320,'modules/sys/SYS1009/sys_log_cancel_all_trace_flag.svc',0,0,1,NULL,0,'2012-06-27 00:00:00','2012-06-27 00:00:00',21,21),
 (321,'modules/sys/SYS1009/sys_log_set_all_trace_flag.svc',0,0,1,NULL,0,'2012-06-27 00:00:00','2012-06-27 00:00:00',21,21),
 (322,'modules/sys/SYS1009/sys_log_get_config.svc',0,0,1,NULL,0,'2012-06-27 00:00:00','2012-06-27 00:00:00',21,21),
 (323,'modules/sys/reload_cache.svc',0,0,1,NULL,0,'2012-06-27 00:00:00','2012-06-27 00:00:00',21,21),
 (324,'modules/sys/SYS1110/sys_parameter_define.screen',0,1,1,'参数定义界面',0,'2012-06-27 00:00:00','2012-06-27 00:00:00',21,21),
 (325,'modules/sys/SYS1110/sys_parameter.svc',0,1,1,NULL,0,'2012-06-27 00:00:00','2012-06-28 00:00:00',21,21),
 (326,'modules/sys/SYS8110/sys_role_assign_function.screen',0,1,1,'功能分配',0,'2012-06-27 00:00:00','2012-06-27 00:00:00',1,1),
 (327,'modules/sys/SYS1120/sys_parameter_value_lov.screen',0,1,1,NULL,0,'2012-06-27 00:00:00','2012-06-27 00:00:00',21,21),
 (328,'modules/sys/public/sys_parameter_values_query.svc',0,1,1,NULL,0,'2012-06-27 00:00:00','2012-06-27 00:00:00',1,1),
 (343,'modules/sys/public/sys_role_function.svc',0,1,1,NULL,0,'2012-06-28 00:00:00','2012-06-28 00:00:00',21,21),
 (362,'modules/sys/SYS8210/sys_user_create.screen',0,0,0,NULL,0,'2012-06-29 00:00:00','2012-06-29 00:00:00',21,21),
 (363,'modules/sys/SYS8210/sys_user_set_password.screen',0,0,0,NULL,0,'2012-06-29 00:00:00','2012-06-29 00:00:00',21,21),
 (364,'modules/sys/SYS8210/sys_user_role_assign.screen',0,0,0,NULL,0,'2012-06-29 00:00:00','2012-06-29 00:00:00',21,21),
 (365,'modules/sys/SYS8210/sys_user_edit.screen',0,0,0,NULL,0,'2012-06-29 00:00:00','2012-06-29 00:00:00',21,21),
 (366,'error_session_expired.screen',0,0,0,'session失效',0,'2012-06-29 00:00:00','2012-06-29 00:00:00',1,1),
 (381,'modules/sys/sys_welcome.screen',0,0,1,'welcome',0,'2012-07-02 00:00:00','2012-07-02 00:00:00',21,21),
 (401,'modules/sys/SYS1010/sys_code_update.svc',0,1,1,NULL,0,'2012-07-03 00:00:00','2012-07-03 00:00:00',1,1),
 (421,'modules/fnd/FND2020/fnd_company_create.screen',0,1,1,'创建公司的页面',0,'2012-07-04 00:00:00','2012-07-04 00:00:00',21,21),
 (422,'modules/fnd/FND2020/fnd_company_update.screen',0,1,1,'修改公司的页面',0,'2012-07-04 00:00:00','2012-07-04 00:00:00',21,21),
 (423,'modules/fnd/FND2020/fnd_company_create_control.svc',0,1,1,NULL,0,'2012-07-04 00:00:00','2012-07-04 00:00:00',21,21),
 (424,'modules/sys/SYS1120/sys_parameter_save_update.svc',0,1,1,NULL,0,'2012-07-04 00:00:00','2012-07-04 00:00:00',21,21),
 (426,'login2.screen',0,0,0,'登录页面',0,'2012-07-04 00:00:00','2012-07-04 00:00:00',21,21),
 (427,'role_select2.screen',0,0,1,'角色选择页面',0,'2012-07-04 00:00:00','2012-07-04 00:00:00',21,21),
 (441,'loadTest.screen',0,0,1,NULL,0,'2012-07-05 00:00:00','2012-07-05 00:00:00',21,21),
 (461,'scriptTest.svc',0,0,0,'Script Test',1,'2012-07-16 00:00:00','2012-07-16 00:00:00',21,21),
 (462,'modules/inv/INV1020/inv_uom_codes.screen',0,1,1,'计量单位定义',0,'2012-09-26 13:35:11','2012-09-27 13:24:32',21,21),
 (463,'modules/inv/INV1010/material_type_defined.screen',0,1,1,'物品类型定义',0,'2012-09-27 14:21:10','2012-09-27 14:21:10',21,21),
 (464,'modules/inv/INV1010/material_type_defined.svc',0,1,1,'物品类型定义svc',0,'2012-09-27 14:22:14','2012-09-27 14:22:14',21,21),
 (465,'modules/inv/INV1010/material_type_expand_attribute.screen',0,1,1,'物品类型定义 弹窗',0,'2012-09-27 14:22:14','2012-09-27 14:22:14',21,21),
 (466,'modules/inv/INV1030/inv_warehouses.screen',0,1,1,'仓库',0,'2012-09-27 16:24:19','2012-09-27 16:24:19',21,21),
 (467,'modules/inv/INV1030/inv_warehouses_update.screen',0,1,1,'仓库 update',0,'2012-09-27 16:24:45','2012-09-27 16:24:45',21,21),
 (468,'modules/inv/INV2010/inv_item_main.screen',0,1,1,'物品主数据定义',0,'2012-09-28 09:50:58','2012-09-28 09:50:58',21,21),
 (469,'modules/inv/INV2010/inv_item_maintain.screen',0,1,1,NULL,0,'2012-09-28 09:50:58','2012-09-28 09:50:58',21,21),
 (470,'modules/fnd/FND1030/fnd_employees.screen',0,1,1,'员工定义',0,'2012-09-28 10:04:21','2012-09-28 10:04:21',21,21),
 (471,'modules/fnd/FND1030/fnd_employees_update.screen',0,1,1,NULL,0,'2012-09-28 10:04:21','2012-09-28 10:04:21',21,21),
 (472,'modules/ord/ORD5010/ord_sales_order.screen',0,1,1,'销售订单',0,'2012-09-28 14:34:00','2012-09-28 14:34:00',21,21),
 (473,'modules/ord/ORD5010/ord_sales_order_create_edit.screen',0,1,1,'新建销售订单',0,'2012-09-28 16:22:03','2012-09-28 16:22:03',21,21),
 (474,'modules/ord/ORD5010/ord_sales_order_delete.svc',0,1,1,'删除销售订单',0,'2012-09-28 16:22:03','2012-10-16 15:39:11',21,21),
 (475,'modules/ord/ORD5010/ord_sales_order_header_close.svc',0,1,1,'关闭销售订单',0,'2012-09-28 16:22:03','2012-09-28 16:22:03',21,21),
 (476,'modules/ord/ORD5010/ord_sales_order_header_submit.svc',0,1,1,'提交销售订单',0,'2012-09-28 16:22:03','2012-09-28 16:22:03',21,21),
 (477,'modules/ord/ORD5010/ord_sales_order_line_close_open.svc',0,1,1,'销售订单行打开关闭',0,'2012-09-28 16:22:03','2012-09-28 16:22:03',21,21),
 (478,'modules/ord/ORD5010/ord_sales_order_number_check.svc',0,1,1,'校验销售订单',0,'2012-09-28 16:22:03','2012-09-28 16:22:03',21,21),
 (479,'modules/ord/ORD5010/ord_sales_order_save.svc',0,1,0,'保存订单',0,'2012-10-16 15:39:11','2012-10-16 15:39:11',21,21),
 (481,'modules/order/ORD1010/sales_order_lines.screen',0,0,0,'定单修改',0,'2012-11-16 12:31:09','2012-11-16 12:31:09',21,21);
/*!40000 ALTER TABLE `sys_service` ENABLE KEYS */;


--
-- Definition of table `sys_session`
--

DROP TABLE IF EXISTS `sys_session`;
CREATE TABLE `sys_session` (
  `SESSION_ID` int(11) NOT NULL AUTO_INCREMENT,
  `ENCRYPTED_SESSION_ID` varchar(100) NOT NULL,
  `USER_ID` int(11) NOT NULL,
  `ROLE_ID` int(11) DEFAULT NULL,
  `COMPANY_ID` int(11) DEFAULT NULL,
  `USER_LANGUAGE` varchar(4) NOT NULL,
  `APP_IP_ADDRESS` varchar(30) DEFAULT NULL,
  `CLIENT_IP_ADDRESS` varchar(30) DEFAULT NULL,
  `MACHINE_SERIAL` varchar(100) NOT NULL DEFAULT 'UNDIFINE',
  `LOGIN_TIME` datetime NOT NULL,
  `LOGOUT_TIME` datetime DEFAULT NULL,
  `LAST_ACTIVE_TIME` datetime DEFAULT NULL,
  `NOTE` varchar(2000) DEFAULT NULL,
  `LAST_UPDATE_DATE` datetime NOT NULL,
  `LAST_UPDATED_BY` int(11) NOT NULL,
  `CREATION_DATE` datetime NOT NULL,
  `CREATED_BY` int(11) NOT NULL,
  PRIMARY KEY (`SESSION_ID`),
  UNIQUE KEY `SYS_SESSION_U1` (`ENCRYPTED_SESSION_ID`),
  KEY `SYS_SESSION_N1` (`USER_ID`,`ROLE_ID`,`COMPANY_ID`)
) ENGINE=InnoDB AUTO_INCREMENT=239 DEFAULT CHARSET=gbk;

--
-- Dumping data for table `sys_session`
--

/*!40000 ALTER TABLE `sys_session` DISABLE KEYS */;
/*!40000 ALTER TABLE `sys_session` ENABLE KEYS */;


--
-- Definition of table `sys_user`
--

DROP TABLE IF EXISTS `sys_user`;
CREATE TABLE `sys_user` (
  `USER_ID` int(11) NOT NULL AUTO_INCREMENT,
  `USER_NAME` varchar(100) NOT NULL,
  `ENCRYPTED_FOUNDATION_PASSWORD` varchar(100) NOT NULL,
  `ENCRYPTED_USER_PASSWORD` varchar(100) NOT NULL,
  `START_DATE` datetime NOT NULL,
  `END_DATE` datetime DEFAULT NULL,
  `LAST_LOGON_DATE` datetime DEFAULT NULL,
  `DESCRIPTION` varchar(240) DEFAULT NULL,
  `PASSWORD_LIFESPAN_DAYS` int(11) DEFAULT NULL,
  `PASSWORD_LIFESPAN_ACCESS` int(11) DEFAULT NULL,
  `EMPLOYEE_ID` int(11) DEFAULT NULL,
  `CUSTOMER_ID` int(11) DEFAULT NULL,
  `VENDER_ID` int(11) DEFAULT NULL,
  `FROZEN_FLAG` varchar(1) DEFAULT NULL,
  `FROZEN_DATE` datetime DEFAULT NULL,
  `PASSWORD_START_DATE` datetime DEFAULT NULL,
  `MENU_TYPE` varchar(1) DEFAULT 'L',
  `LAST_UPDATE_DATE` datetime NOT NULL,
  `LAST_UPDATED_BY` int(11) NOT NULL,
  `CREATION_DATE` datetime NOT NULL,
  `CREATED_BY` int(11) NOT NULL,
  PRIMARY KEY (`USER_ID`),
  UNIQUE KEY `SYS_USER_U1` (`USER_NAME`),
  KEY `SYS_USER_N1` (`EMPLOYEE_ID`)
) ENGINE=InnoDB AUTO_INCREMENT=23 DEFAULT CHARSET=gbk;

--
-- Dumping data for table `sys_user`
--

/*!40000 ALTER TABLE `sys_user` DISABLE KEYS */;
INSERT INTO `sys_user` (`USER_ID`,`USER_NAME`,`ENCRYPTED_FOUNDATION_PASSWORD`,`ENCRYPTED_USER_PASSWORD`,`START_DATE`,`END_DATE`,`LAST_LOGON_DATE`,`DESCRIPTION`,`PASSWORD_LIFESPAN_DAYS`,`PASSWORD_LIFESPAN_ACCESS`,`EMPLOYEE_ID`,`CUSTOMER_ID`,`VENDER_ID`,`FROZEN_FLAG`,`FROZEN_DATE`,`PASSWORD_START_DATE`,`MENU_TYPE`,`LAST_UPDATE_DATE`,`LAST_UPDATED_BY`,`CREATION_DATE`,`CREATED_BY`) VALUES 
 (21,'ADMIN','C4CA4238A0B923820DCC509A6F75849B','C4CA4238A0B923820DCC509A6F75849B','2012-06-12 00:00:00',NULL,'2013-01-06 14:30:29','admin',NULL,NULL,1,NULL,NULL,'N',NULL,'2012-06-29 00:00:00','L','2013-01-06 14:30:29',21,'2012-06-12 00:00:00',1),
 (22,'TEST','098F6BCD4621D373CADE4E832627B4F6','098F6BCD4621D373CADE4E832627B4F6','2012-09-24 00:00:00',NULL,'2012-10-12 13:43:37','test',NULL,NULL,6,NULL,NULL,'N',NULL,NULL,NULL,'2012-10-12 13:43:37',22,'2012-09-24 00:00:00',21);
/*!40000 ALTER TABLE `sys_user` ENABLE KEYS */;


--
-- Definition of table `sys_user_logins`
--

DROP TABLE IF EXISTS `sys_user_logins`;
CREATE TABLE `sys_user_logins` (
  `LOGIN_ID` int(11) NOT NULL AUTO_INCREMENT,
  `USER_ID` int(11) NOT NULL,
  `ROLE_ID` int(11) NOT NULL,
  `COMPANY_ID` int(11) DEFAULT NULL,
  `SESSION_ID` int(11) NOT NULL,
  `ENCRYPTED_SESSION_ID` varchar(100) DEFAULT NULL,
  `NLS_LANGUAGE` varchar(100) DEFAULT NULL,
  `MACHINE_SERIAL` varchar(100) NOT NULL DEFAULT 'UNDIFINE',
  `CLIENT_IP_ADDRESS` varchar(30) DEFAULT NULL,
  `APP_IP_ADDRESS` varchar(30) DEFAULT NULL,
  `LOGIN_TIME` datetime NOT NULL,
  `LOGOUT_TIME` datetime DEFAULT NULL,
  `LAST_ACTIVE_TIME` datetime DEFAULT NULL,
  `DESCRIPTION` varchar(2000) DEFAULT NULL,
  `LAST_UPDATE_DATE` datetime NOT NULL,
  `LAST_UPDATED_BY` int(11) NOT NULL,
  `CREATION_DATE` datetime NOT NULL,
  `CREATED_BY` int(11) NOT NULL,
  PRIMARY KEY (`LOGIN_ID`),
  KEY `SYS_USER_LOGINS_N1` (`USER_ID`,`ROLE_ID`,`COMPANY_ID`),
  KEY `SYS_USER_LOGINS_N2` (`SESSION_ID`)
) ENGINE=InnoDB AUTO_INCREMENT=202 DEFAULT CHARSET=gbk;

--
-- Dumping data for table `sys_user_logins`
--

/*!40000 ALTER TABLE `sys_user_logins` DISABLE KEYS */;
/*!40000 ALTER TABLE `sys_user_logins` ENABLE KEYS */;


--
-- Definition of table `sys_user_role_groups`
--

DROP TABLE IF EXISTS `sys_user_role_groups`;
CREATE TABLE `sys_user_role_groups` (
  `USER_ROLE_GROUP_ID` int(11) NOT NULL AUTO_INCREMENT,
  `USER_ID` int(11) NOT NULL,
  `ROLE_ID` int(11) NOT NULL,
  `COMPANY_ID` int(11) DEFAULT NULL,
  `START_DATE` datetime NOT NULL,
  `END_DATE` datetime DEFAULT NULL,
  `CREATED_BY` int(11) NOT NULL,
  `CREATION_DATE` datetime NOT NULL,
  `LAST_UPDATED_BY` int(11) NOT NULL,
  `LAST_UPDATE_DATE` datetime NOT NULL,
  PRIMARY KEY (`USER_ROLE_GROUP_ID`),
  UNIQUE KEY `SYS_USER_ROLE_GROUPS_U1` (`USER_ID`,`ROLE_ID`,`COMPANY_ID`)
) ENGINE=InnoDB AUTO_INCREMENT=23 DEFAULT CHARSET=gbk;

--
-- Dumping data for table `sys_user_role_groups`
--

/*!40000 ALTER TABLE `sys_user_role_groups` DISABLE KEYS */;
INSERT INTO `sys_user_role_groups` (`USER_ROLE_GROUP_ID`,`USER_ID`,`ROLE_ID`,`COMPANY_ID`,`START_DATE`,`END_DATE`,`CREATED_BY`,`CREATION_DATE`,`LAST_UPDATED_BY`,`LAST_UPDATE_DATE`) VALUES 
 (21,21,21,22,'2012-06-12 00:00:00',NULL,1,'2012-06-12 00:00:00',21,'2012-06-19 00:00:00'),
 (22,22,21,22,'2012-09-24 00:00:00',NULL,21,'2012-09-24 00:00:00',21,'2012-09-24 00:00:00');
/*!40000 ALTER TABLE `sys_user_role_groups` ENABLE KEYS */;


--
-- Definition of function `getMlNextId`
--

DROP FUNCTION IF EXISTS `getMlNextId`;

DELIMITER $$

/*!50003 SET @TEMP_SQL_MODE=@@SQL_MODE, SQL_MODE='STRICT_TRANS_TABLES,NO_AUTO_CREATE_USER,NO_ENGINE_SUBSTITUTION' */ $$
CREATE DEFINER=`hap_dev`@`%` FUNCTION `getMlNextId`() RETURNS int(11)
BEGIN    
    declare id long;
    insert into fnd_descriptions_s () values();
    select last_insert_id() into id;
    return id;
END $$
/*!50003 SET SESSION SQL_MODE=@TEMP_SQL_MODE */  $$

DELIMITER ;

--
-- Definition of procedure `reset_fnd_descriptions`
--

DROP PROCEDURE IF EXISTS `reset_fnd_descriptions`;

DELIMITER $$

/*!50003 SET @TEMP_SQL_MODE=@@SQL_MODE, SQL_MODE='STRICT_TRANS_TABLES,NO_AUTO_CREATE_USER,NO_ENGINE_SUBSTITUTION' */ $$
CREATE DEFINER=`hap_dev`@`%` PROCEDURE `reset_fnd_descriptions`(p_description_id   integer,
                                   p_ref_table        varchar(30),
                                   p_ref_field        varchar(30),
                                   p_description_text varchar(1000),
                                   p_created_by       integer,
                                   p_last_updated_by  integer,
                                   p_language_code    varchar(4),
                                   p_function_name    varchar(100))
begin
    declare v_exists integer;
	declare v_code varchar(4);
	declare lang_codes cursor for 
						select language_code
                          from fnd_language_code l
                         where installed_flag = 'Y'
                           and not exists
								(select 1
                                  from fnd_descriptions d
                                 where l.language_code = d.language
                                   and d.description_id = p_description_id);
	DECLARE CONTINUE HANDLER FOR SQLSTATE '02000' SET v_code = null; 
	  select count(1)
        into v_exists
        from fnd_descriptions
       where description_id = p_description_id
         and language = p_language_code;

      if v_exists = 0 then
		open lang_codes;
		fetch lang_codes into v_code;
		while (v_code is not null) do
			insert into fnd_descriptions
                                      (description_id,
                                       language,
                                       ref_table,
                                       ref_field,
                                       description_text,
                                       function_name,
                                       created_by,
                                       creation_date,
                                       last_updated_by,
                                       last_update_date)
                                    values
                                      (p_description_id,
                                       v_code,
                                       p_ref_table,
                                       p_ref_field,
                                       p_description_text,
                                       p_function_name,
                                       p_created_by,
                                       now(),
                                       p_last_updated_by,
                                       now());
			fetch lang_codes into v_code;
		end while;
		close lang_codes;
	end if;
end $$
/*!50003 SET SESSION SQL_MODE=@TEMP_SQL_MODE */  $$

DELIMITER ;

--
-- Definition of view `sys_service_lookup_v`
--

DROP TABLE IF EXISTS `sys_service_lookup_v`;
DROP VIEW IF EXISTS `sys_service_lookup_v`;
CREATE ALGORITHM=UNDEFINED DEFINER=`root`@`localhost` SQL SECURITY DEFINER VIEW `sys_service_lookup_v` AS select `a`.`CODE_ID` AS `code_id`,`a`.`CODE` AS `code`,`v`.`CODE_VALUE_ID` AS `code_value_id`,`v`.`CODE_VALUE` AS `code_value`,`v`.`CODE_VALUE_NAME_ID` AS `code_value_name_id`,`b`.`DESCRIPTION_TEXT` AS `code_value_name`,`b`.`LANGUAGE` AS `language`,`v`.`ENABLED_FLAG` AS `enabled_flag` from (`sys_codes` `a` join (`sys_code_values` `v` left join `fnd_descriptions` `b` on((`v`.`CODE_VALUE_NAME_ID` = `b`.`DESCRIPTION_ID`)))) where ((`a`.`CODE_ID` = `v`.`CODE_ID`) and (`b`.`REF_TABLE` = 'SYS_CODE_VALUES') and (`b`.`REF_FIELD` = 'CODE_VALUE_NAME_ID'));



/*!40101 SET SQL_MODE=@OLD_SQL_MODE */;
/*!40014 SET FOREIGN_KEY_CHECKS=@OLD_FOREIGN_KEY_CHECKS */;
/*!40014 SET UNIQUE_CHECKS=@OLD_UNIQUE_CHECKS */;
/*!40101 SET CHARACTER_SET_CLIENT=@OLD_CHARACTER_SET_CLIENT */;
/*!40101 SET CHARACTER_SET_RESULTS=@OLD_CHARACTER_SET_RESULTS */;
/*!40101 SET COLLATION_CONNECTION=@OLD_COLLATION_CONNECTION */;
/*!40101 SET CHARACTER_SET_CLIENT=@OLD_CHARACTER_SET_CLIENT */;
